"Tên tệp","Thư mục vừa xếp","Nội dung nhìn thấy","Địa chỉ xem","Dung lượng (byte)"
"_o_1734__2_.jpg","Sản phẩm / Chưa rõ hãng","người mẫu mặc áo khoác bảo hộ lưới màu đen","http://localhost:3000/media/uploads/ecbe6b15-e21a-40f8-9ef6-73f71f06a7bb/_o_1734__2_.jpg","1252209"
"_o_qu_n_adventure.png","Danh mục","biểu tượng danh mục áo quần adventure","http://localhost:3000/media/uploads/55323275-8932-496e-980c-be826f8ad136/_o_qu_n_adventure.png","72682"
"_o_qu_n_ph__t-removebg-preview.png","Ảnh minh hoạ","biểu tượng áo quần đi phượt","http://localhost:3000/media/uploads/abca83b1-c712-4e15-8134-f333d19651f3/_o_qu_n_ph__t-removebg-preview.png","108102"
"_o_qu_n_ph__t.jfif","Ảnh minh hoạ","hình vẽ áo quần đi phượt chống nước","http://localhost:3000/media/uploads/75ec8de8-79ba-4684-8337-b6e8819ab94d/_o_qu_n_ph__t.medium.jpg","169363"
"_o_qu_n_ph__t.jpg","Ảnh minh hoạ","hình vẽ áo quần đi phượt chống nước","http://localhost:3000/media/uploads/7fdcfeae-9e84-4ff8-b5a9-2fec2278c504/_o_qu_n_ph__t.jpg","93478"
"_o_qu_n_ph__t.png","Ảnh minh hoạ","hình vẽ áo quần đi phượt chống nước","http://localhost:3000/media/uploads/c77075ea-9b16-486a-a99e-f9a8d4efb921/_o_qu_n_ph__t.png","92661"
"_o-_qu_n_b_o_h__m__t_.png","Ảnh minh hoạ","hình biểu tượng áo khoác","http://localhost:3000/media/uploads/60cb300d-657d-4f58-b2fb-2c8089783f1a/_o-_qu_n_b_o_h__m__t_.png","1287"
"01_9fd9b677-5abb-4d68-a79e-d8badf077e4e.jpg","Sản phẩm / ILM","ảnh quảng bá ủng đua mô tô ILM BRC1 màu trắng","http://localhost:3000/media/migration/wordpress/e6/e69ed9aaeaebecab275b7a178a835bd55d8fbefd3256633c5e49a975fd74e5cb/01_9fd9b677-5abb-4d68-a79e-d8badf077e4e.jpg","103311"
"01.jpg","Sản phẩm / Chưa rõ hãng","ảnh quảng bá công nghệ mũ bảo hiểm MF510","http://localhost:3000/media/wp-uploads/2026/02/01.jpg","227688"
"02_3b65803f-c09a-4eee-90f3-1d60038a9e97.jpg","Sản phẩm / ILM","ảnh thông số cấu tạo hai lớp của giày đua ILM","http://localhost:3000/media/migration/wordpress/3a/3aeb9972e48b233772d0547d576849f0b0695355d7e03e8f30375dad0ed85495/02_3b65803f-c09a-4eee-90f3-1d60038a9e97.jpg","178026"
"02_DOT_motorcycle_helmet.webp","Sản phẩm / ILM","ảnh thông số khả năng bảo vệ mũ bảo hiểm ILM màu đen","http://localhost:3000/media/wp-uploads/2026/01/02_DOT_motorcycle_helmet.webp","68492"
"02.jpg","Sản phẩm / ILM","ảnh thông số cấu tạo bảo vệ của mũ ILM","http://localhost:3000/media/wp-uploads/2026/02/02.jpg","184572"
"03-1_motorcycle_helmet_men.webp","Sản phẩm / Chưa rõ hãng","ảnh thông số kính rộng của mũ bảo hiểm cổ điển","http://localhost:3000/media/wp-uploads/2026/01/03-1_motorcycle_helmet_men.webp","54874"
"03.jpg","Sản phẩm / ILM","ảnh thông số công nghệ giáp FlexImpact ILM","http://localhost:3000/media/wp-uploads/2026/02/03.jpg","224893"
"040f8e26337e4081b03c88ce723d926c_951f13add7314912a247565e1608f6c1_master.webp","Sản phẩm / ROK Straps","bộ dây chằng ROK Straps trong bao bì","http://localhost:3000/media/wp-uploads/2024/10/040f8e26337e4081b03c88ce723d926c_951f13add7314912a247565e1608f6c1_master.webp","28378"
"04cfad333b1a05baa26f15f7ec6ee010.webp","Sản phẩm / Chưa rõ hãng","quần jean bảo hộ màu xanh đậm","http://localhost:3000/media/uploads/eeae3951-005f-46ab-8fab-7bcaa56d681d/04cfad333b1a05baa26f15f7ec6ee010.webp","69698"
"05.jpg","Sản phẩm / Chưa rõ hãng","ảnh thông số hệ thống lót mũ bảo hiểm điều chỉnh","http://localhost:3000/media/wp-uploads/2026/02/05.jpg","180638"
"07_13b6ff2d-c76e-4b92-aaa2-092666d0388b.jpg","Sản phẩm / ILM","đôi giày mô tô ILM cổ cao màu đen","http://localhost:3000/media/wp-uploads/2025/10/07_13b6ff2d-c76e-4b92-aaa2-092666d0388b.jpg","163286"
"07.jpg","Sản phẩm / ILM","ảnh thông số giảm tiếng ồn của mũ bảo hiểm ILM","http://localhost:3000/media/wp-uploads/2026/02/07.jpg","119600"
"0tJHcloWjNJCyw1wrwfn5c3tbYExtp.jpeg","Sản phẩm / ILM","người mẫu mang giày bảo hộ ILM màu đen","http://localhost:3000/media/wp-uploads/2025/09/0tJHcloWjNJCyw1wrwfn5c3tbYExtp.jpeg","143450"
"1_000000000497.jpg","Sản phẩm / KOMINE","balo cuộn KOMINE màu xanh rêu","http://localhost:3000/media/wp-uploads/2024/10/1_000000000497.jpg","341975"
"1_SPYKE_Compass_Dry_Tecno_-500x750-1.jpg","Sản phẩm / SPYKE","người mẫu mặc áo khoác bảo hộ SPYKE xám đỏ","http://localhost:3000/media/wp-uploads/2024/03/1_SPYKE_Compass_Dry_Tecno_-500x750-1.jpg","59275"
"1-02-3.png","Sản phẩm / Chưa rõ hãng","mặt sau áo khoác bảo hộ Alpinestars màu đen","http://localhost:3000/media/migration/wordpress/35/35e41e5b62563046b7cb99a062f4852fbe6b0e8053081e49f2e56dcc99ce574d/1-02-3.png","499960"
"1-03-3.png","Sản phẩm / Chưa rõ hãng","áo khoác bảo hộ Alpinestars màu đen","http://localhost:3000/media/migration/wordpress/d1/d1117fd82a9f5f2aa842a5586ec3300a043d46a8459d361fa2705fa3f2c9143f/1-03-3.png","384276"
"1-04.jpg","Sản phẩm / Chưa rõ hãng","ảnh thu nhỏ áo khoác bảo hộ đen đỏ","http://localhost:3000/media/migration/wordpress/c4/c48abbc1cb2148a42aef381b0f7fd826f374196b0136c78580a60f538c86c914/1-04.jpg","5148"
"1-04.png","Sản phẩm / Chưa rõ hãng","áo khoác bảo hộ Alpinestars màu đỏ đen","http://localhost:3000/media/migration/wordpress/f2/f23d662ce78b63a6318736d18c787219ee9ed4a0cc7b73dd7e23b7681beb72b5/1-04.png","428782"
"1-292x400-1.png","Sản phẩm / Chưa rõ hãng","người đi giày mô tô cổ cao bên xe","http://localhost:3000/media/wp-uploads/2025/10/1-292x400-1.png","64009"
"1.png","Sản phẩm / AGV","mũ bảo hiểm fullface AGV màu đen nhìn chính diện","http://localhost:3000/media/wp-uploads/2026/04/1.png","63942"
"10_000000009189-1.jpg","Sản phẩm / Chưa rõ hãng","cận cảnh gấu quần jean có dải phản quang","http://localhost:3000/media/wp-uploads/2024/04/10_000000009189-1.jpg","156570"
"10_000000009304.jpg","Sản phẩm / Chưa rõ hãng","bảng kích thước quần bảo hộ bằng tiếng Nhật","http://localhost:3000/media/wp-uploads/2025/06/10_000000009304.jpg","59691"
"10-04.png","Sản phẩm / Chưa rõ hãng","áo khoác lưới bảo hộ màu xám đen nhìn phía sau","http://localhost:3000/media/wp-uploads/2022/12/10-04.png","163855"
"10-06.png","Sản phẩm / LS2","áo khoác bảo hộ LS2 màu xám đen","http://localhost:3000/media/wp-uploads/2022/12/10-06.png","168842"
"10-1.jpg","Sản phẩm / ILM","ảnh thông số kính đổi màu của mũ ILM","http://localhost:3000/media/wp-uploads/2026/02/10-1.jpg","160600"
"10.png","Sản phẩm / AGV","mũ bảo hiểm AGV màu trắng nhìn phía sau","http://localhost:3000/media/wp-uploads/2026/04/10.png","49515"
"10.png","Sản phẩm / Chưa rõ hãng","bộ phụ kiện mũ bảo hiểm trong hộp","http://localhost:3000/media/wp-uploads/2026/05/10.png","542745"
"11-01.jpg","Sản phẩm / Chưa rõ hãng","quần bảo hộ màu đen chụp sản phẩm","http://localhost:3000/media/wp-uploads/2025/04/11-01.jpg","40875"
"11-02.jpg","Sản phẩm / KOMINE","quần bảo hộ KOMINE màu đen nhìn từ sau","http://localhost:3000/media/wp-uploads/2025/04/11-02.jpg","35570"
"11-03.jpg","Sản phẩm / Chưa rõ hãng","quần bảo hộ màu đen kèm sơ đồ miếng giáp","http://localhost:3000/media/wp-uploads/2025/04/11-03.jpg","47158"
"11.png","Sản phẩm / AGV","mũ bảo hiểm AGV màu trắng nhìn từ sau","http://localhost:3000/media/wp-uploads/2026/04/11.png","47076"
"12_000000009304.jpg","Sản phẩm / Chưa rõ hãng","ảnh thông số gấu quần jean có dải phản quang","http://localhost:3000/media/wp-uploads/2025/06/12_000000009304.jpg","149427"
"12_000000009343.jpg","Sản phẩm / KOMINE","mặt sau áo khoác lưới KOMINE màu trắng","http://localhost:3000/media/wp-uploads/2025/04/12_000000009343.jpg","75825"
"12.png","Sản phẩm / AGV","mũ bảo hiểm AGV kín mặt màu trắng","http://localhost:3000/media/wp-uploads/2026/04/12.png","54354"
"13.png","Sản phẩm / Chưa rõ hãng","mũ bảo hiểm cả đầu màu trắng không rõ hãng","http://localhost:3000/media/wp-uploads/2026/04/13.png","49288"
"14.png","Sản phẩm / AGV","mũ bảo hiểm AGV màu trắng nhìn chính diện","http://localhost:3000/media/wp-uploads/2026/04/14.png","57820"
"15.png","Sản phẩm / AGV","mũ bảo hiểm fullface AGV màu đen","http://localhost:3000/media/wp-uploads/2026/04/15.png","68146"
"1509013887867127910.jpg","Sản phẩm / Chưa rõ hãng","áo khoác bảo hộ đen trắng đỏ không rõ hãng","http://localhost:3000/media/wp-uploads/2020/08/1509013887867127910.jpg","7355"
"15096364921083195777.jpg","Sản phẩm / Chưa rõ hãng","người mẫu mặc áo khoác Alpinestars trong cửa hàng","http://localhost:3000/media/wp-uploads/2020/08/15096364921083195777.jpg","15452"
"1572496842531267197.jpg","Ảnh minh hoạ","biểu tượng chứng nhận CE màu đen","http://localhost:3000/media/wp-uploads/2020/08/1572496842531267197.jpg","7088"
"15754530961344880964.jpg","Sản phẩm / Chưa rõ hãng","áo khoác bảo hộ Alpinestars màu đen đỏ","http://localhost:3000/media/wp-uploads/2020/08/15754530961344880964.jpg","8110"
"1575454056525339622.jpg","Sản phẩm / SPYKE","người mẫu mặc áo khoác bảo hộ SPYKE màu xám","http://localhost:3000/media/wp-uploads/2020/08/1575454056525339622.jpg","11396"
"15754706281974746980.jpg","Sản phẩm / Chưa rõ hãng","áo khoác bảo hộ Alpinestars đen đỏ trắng","http://localhost:3000/media/wp-uploads/2020/08/15754706281974746980.jpg","14878"
"1575480246237035702.jpg","Sản phẩm / LS2","cận cảnh kính mũ bảo hiểm LS2 màu đen","http://localhost:3000/media/wp-uploads/2020/08/1575480246237035702.jpg","9459"
"15754810261362491801.jpg","Sản phẩm / Chưa rõ hãng","ảnh cận cảnh mũ bảo hiểm lật hàm màu đen","http://localhost:3000/media/wp-uploads/2020/08/15754810261362491801.jpg","7557"
"1581912408286961680.jpg","Sản phẩm / Chưa rõ hãng","ảnh cận cảnh áo bảo hộ Alpinestars trắng đen","http://localhost:3000/media/wp-uploads/2020/08/1581912408286961680.jpg","25604"
"16_000000009145.jpg","Sản phẩm / KOMINE","cận cảnh mũ trùm áo có logo KOMINE","http://localhost:3000/media/wp-uploads/2024/09/16_000000009145.jpg","342966"
"16.png","Sản phẩm / Chưa rõ hãng","mũ bảo hiểm kín mặt màu đen nhìn từ sau","http://localhost:3000/media/wp-uploads/2026/04/16.png","65026"
"17.png","Sản phẩm / AGV","mũ bảo hiểm cả đầu AGV màu đen","http://localhost:3000/media/wp-uploads/2026/04/17.png","65178"
"1782966808688_7688474890161516885_7688474890161516885_d0fc74489886af5699b298f7f294bcb5.webp","Sản phẩm / AGV","thùng mũ bảo hiểm AGV K1 S","http://localhost:3000/media/uploads/b0cfb53c-5a37-4cb8-83f4-da7513a996ac/1782966808688_7688474890161516885_7688474890161516885_d0fc74489886af5699b298f7f294bcb5.webp","107786"
"1787564409014_722352280995034811_722352280995034811_cbd3fb5a9d12e900aedd3b38c240fe08.jpg","Ảnh minh hoạ","ảnh chụp màn hình một bảng quản lý dữ liệu","http://localhost:3000/media/uploads/8bb4c847-3b7f-4724-a740-9b8ccc61d042/1787564409014_722352280995034811_722352280995034811_cbd3fb5a9d12e900aedd3b38c240fe08.jpg","79483"
"18.png","Sản phẩm / AGV","mũ bảo hiểm fullface AGV màu đen","http://localhost:3000/media/wp-uploads/2026/04/18.png","59479"
"19.png","Sản phẩm / AGV","mũ bảo hiểm cả đầu AGV màu đen","http://localhost:3000/media/wp-uploads/2026/04/19.png","65162"
"2_Compass_Dry_Tecno_Man_back-500x750-1.jpg","Sản phẩm / SPYKE","người mẫu mặc bộ áo quần bảo hộ SPYKE","http://localhost:3000/media/wp-uploads/2024/03/2_Compass_Dry_Tecno_Man_back-500x750-1.jpg","30224"
"2-08-01.jpg","Sản phẩm / Chưa rõ hãng","mũ bảo hiểm fullface màu đen đỏ","http://localhost:3000/media/migration/wordpress/23/237945dae4b0568246d7955c03fc302c7f108f92283d4fb2d00088b95791cf35/2-08-01.jpg","4663"
"2-08-01.png","Sản phẩm / LS2","mũ bảo hiểm LS2 chụp sản phẩm","http://localhost:3000/media/migration/wordpress/09/0956abf940d807781efd44c12dadd5dc526ee3303d16e6ca5918089d0517fefc/2-08-01.png","730727"
"2-08-02.jpg","Sản phẩm / Chưa rõ hãng","ảnh thu nhỏ mũ bảo hiểm xanh trắng","http://localhost:3000/media/migration/wordpress/4b/4b5f6cc54740b30156c7e4a1c76bcc9e0662fa67c754b1fba26c6aa13acd8f57/2-08-02.jpg","4183"
"2-08-02.png","Sản phẩm / LS2","mũ bảo hiểm fullface LS2 màu bạc xanh","http://localhost:3000/media/migration/wordpress/82/82d88ca6633d47b10169166e9ff44dd619adceba9377592c575c171e8543913b/2-08-02.png","679060"
"2-08-03.jpg","Sản phẩm / Chưa rõ hãng","mũ bảo hiểm màu xám ảnh độ phân giải thấp","http://localhost:3000/media/migration/wordpress/a9/a94429596c03300b5455dfee73c26f6137de5bd0e6bff4a1bc88479f7c520922/2-08-03.jpg","3297"
"2-08-03.png","Sản phẩm / LS2","mũ bảo hiểm LS2 fullface màu bạc","http://localhost:3000/media/migration/wordpress/26/26e8e1b53db40e31c501f15d23feab209fca4596a78f7d71e509168aed18d7bc/2-08-03.png","547784"
"2-08-04.jpg","Sản phẩm / Chưa rõ hãng","mũ bảo hiểm cả đầu đen đỏ ảnh độ phân giải thấp","http://localhost:3000/media/migration/wordpress/2b/2b791247ab8ce690c55bf4ed6d7009199b527509c3e5dea68165db9f598f5075/2-08-04.jpg","4625"
"2-08-04.png","Sản phẩm / LS2","mũ bảo hiểm LS2 đen đỏ","http://localhost:3000/media/migration/wordpress/55/5551a9e680bc10e96e5ead8f6b2dc636212f202a580714850b047b498946ff55/2-08-04.png","689490"
"2-08-05.jpg","Sản phẩm / Chưa rõ hãng","ảnh thu nhỏ mũ bảo hiểm màu đen","http://localhost:3000/media/migration/wordpress/16/16be0b46590e7840db7a4e6c80850a165f280682d981d23f51d159716e2e1326/2-08-05.jpg","3939"
"2-08-05.png","Sản phẩm / LS2","mũ bảo hiểm LS2 xanh xám vàng","http://localhost:3000/media/migration/wordpress/ce/cef847ab6fc0de585814d3e4d0243e703888cc2f22ff7aedeb6ed9f01f6f6a54/2-08-05.png","636928"
"2.png","Sản phẩm / AGV","mũ bảo hiểm AGV fullface màu đen","http://localhost:3000/media/wp-uploads/2026/04/2.png","56251"
"20.png","Sản phẩm / AGV","mũ bảo hiểm cả đầu AGV màu đen","http://localhost:3000/media/wp-uploads/2026/04/20.png","63995"
"21.png","Sản phẩm / AGV","mũ bảo hiểm AGV màu đen nhìn từ sau","http://localhost:3000/media/wp-uploads/2026/04/21.png","54535"
"24650741_2_TL.jpg","Sản phẩm / TAICHI","người mẫu mặc áo khoác TAICHI kaki và quần đen","http://localhost:3000/media/wp-uploads/2022/05/24650741_2_TL.jpg","18556"
"25_000000009343.jpg","Sản phẩm / Chưa rõ hãng","ảnh mô tả mảng phản quang trên áo khoác đen","http://localhost:3000/media/wp-uploads/2025/04/25_000000009343.jpg","29690"
"26279.jpg","Sản phẩm / LS2","mũ bảo hiểm địa hình LS2 đen đỏ","http://localhost:3000/media/migration/wordpress/8e/8e0c8f3b4d650238ce9d8799b75a4d9ed311f8976a5bfbac86465fda105b8a9f/26279.jpg","31771"
"26291.jpg","Sản phẩm / LS2","mũ bảo hiểm địa hình LS2 đen vàng","http://localhost:3000/media/migration/wordpress/e3/e35871fcea728c8b3d3cac360081fe7861a9771eb20943bb779e2b24da7cede9/26291.jpg","33315"
"26605.jpg","Sản phẩm / LS2","mũ bảo hiểm LS2 adventure màu đen đỏ","http://localhost:3000/media/migration/wordpress/7a/7a9386e7a2d23bb2acd7b7aaac01e1c27f89cf33e8c9d77752987c68fa8e49ed/26605.jpg","63042"
"27017.jpg","Sản phẩm / Chưa rõ hãng","kính chắn trong suốt của mũ bảo hiểm","http://localhost:3000/media/uploads/f0e7f1b0-7cf3-4c3e-b2e5-5da8818d9610/27017.jpg","212567"
"27019.jpg","Sản phẩm / Chưa rõ hãng","kính tối màu cho mũ bảo hiểm không rõ hãng","http://localhost:3000/media/uploads/f0c7d0e6-8946-48d6-8bc7-38407e2ffa34/27019.jpg","261580"
"27020.jpg","Sản phẩm / Chưa rõ hãng","kính tối màu cho mũ bảo hiểm không rõ hãng","http://localhost:3000/media/uploads/147da8a0-12d0-4134-8b22-7ca3e6b50c3c/27020.jpg","240335"
"27021.jpg","Sản phẩm / Chưa rõ hãng","kính mũ bảo hiểm tráng gương nhiều màu không rõ hãng","http://localhost:3000/media/uploads/faf09c7d-638e-40f5-bd3e-4c18a9522c61/27021.jpg","362394"
"27022.jpg","Sản phẩm / Chưa rõ hãng","kính mũ bảo hiểm tráng gương nhiều màu","http://localhost:3000/media/uploads/37b63364-6202-4f1f-9d69-4a1db8e3a68b/27022.jpg","302867"
"286-camo.jpg","Sản phẩm / Chưa rõ hãng","túi đeo hông mỏng màu đen","http://localhost:3000/media/wp-uploads/2024/07/286-camo.jpg","227256"
"286-do.jpg","Sản phẩm / TAICHI","túi đeo hông TAICHI màu đen đỏ","http://localhost:3000/media/wp-uploads/2024/07/286-do.jpg","211020"
"3_000000000497.jpg","Sản phẩm / KOMINE","balo cuộn chống nước KOMINE 30 lít","http://localhost:3000/media/wp-uploads/2024/10/3_000000000497.jpg","158139"
"3_d99761d6-2b1e-49af-aa8a-d5956ca931a7.webp","Sản phẩm / Chưa rõ hãng","sơ đồ các vùng bảo vệ của giày cổ cao","http://localhost:3000/media/uploads/2a6d336b-0b6d-4dcd-9fc6-0fb7cb60a928/3_d99761d6-2b1e-49af-aa8a-d5956ca931a7.webp","131416"
"3.png","Sản phẩm / AGV","mũ bảo hiểm fullface AGV màu đen nhìn nghiêng","http://localhost:3000/media/wp-uploads/2026/04/3.png","52153"
"4_000000000503-1.jpg","Sản phẩm / Chưa rõ hãng","ảnh thông số kích thước túi đeo đùi","http://localhost:3000/media/migration/wordpress/cb/cb0e5e4500768a4ebde91d4cd9ee5af743d6374b2abf3780e5da0d97dc46fc21/4_000000000503-1.jpg","53461"
"4_Touring_jacket_Compass_Dry_Tecno-500x750-1.jpg","Sản phẩm / SPYKE","ảnh cận cảnh áo khoác SPYKE xám đỏ","http://localhost:3000/media/wp-uploads/2024/03/4_Touring_jacket_Compass_Dry_Tecno-500x750-1.jpg","77228"
"4.png","Sản phẩm / AGV","mũ bảo hiểm cả đầu AGV màu đen","http://localhost:3000/media/wp-uploads/2026/04/4.png","51704"
"4240298918_1222456530.jpg","Sản phẩm / Chưa rõ hãng","cặp giáp gối và ống quyển SCOYCO màu đen","http://localhost:3000/media/wp-uploads/2020/06/4240298918_1222456530.jpg","61119"
"465013156_940601988099600_212083134771750603_n-768x1024.jpg","Sản phẩm / Chưa rõ hãng","ảnh cận cảnh túi lưới và nhãn chống nước trên balo","http://localhost:3000/media/migration/wordpress/ba/ba8c88a4f249017129d0e6c04b63b4c240bc42830392a879a0fefcde9cb71279/465013156_940601988099600_212083134771750603_n-768x1024.jpg","191850"
"5_000000000497.jpg","Sản phẩm / KOMINE","ba lô mô tô KOMINE màu đen","http://localhost:3000/media/wp-uploads/2024/10/5_000000000497.jpg","149915"
"5_000000000503-1.jpg","Sản phẩm / Chưa rõ hãng","chi tiết bên trong túi cuộn miệng màu đen","http://localhost:3000/media/migration/wordpress/10/10b0b8d7f8339178c696db93e3d0bdb20213e6a0fc289ab0a29509a67fcbe250/5_000000000503-1.jpg","63284"
"5_000000009362.jpg","Sản phẩm / KOMINE","ảnh cận cảnh lưng quần bảo hộ KOMINE","http://localhost:3000/media/wp-uploads/2025/04/5_000000009362.jpg","179563"
"5_c304fa39-98d7-4721-a08c-5e9b8ef0dd42.jpg","Sản phẩm / Chưa rõ hãng","bốn góc chụp đôi giày bảo hộ màu đen","http://localhost:3000/media/wp-uploads/2025/09/5_c304fa39-98d7-4721-a08c-5e9b8ef0dd42.jpg","67379"
"5_c304fa39-98d7-4721-a08c-5e9b8ef0dd42.webp","Sản phẩm / Chưa rõ hãng","đôi giày mô tô cổ cao màu đen nhìn nhiều góc","http://localhost:3000/media/uploads/edb1a392-bb81-466b-9169-0debd9f35878/5_c304fa39-98d7-4721-a08c-5e9b8ef0dd42.webp","57306"
"5-02.png","Sản phẩm / Chưa rõ hãng","áo khoác Alpinestars màu đỏ xám nhìn phía sau","http://localhost:3000/media/migration/wordpress/47/4778636779a02290a0d462a2b7047220dab72399d89ebcfda22d26ad59b95b89/5-02.png","97614"
"5-03.jpg","Sản phẩm / Chưa rõ hãng","ảnh thu nhỏ áo khoác bảo hộ màu đen","http://localhost:3000/media/migration/wordpress/e8/e841e749294d1bb8689f9662cec8ea1bc10f997ab01fe1202aa597d05a1c7ee1/5-03.jpg","2834"
"5-03.png","Sản phẩm / Chưa rõ hãng","áo khoác bảo hộ Alpinestars màu đen","http://localhost:3000/media/migration/wordpress/58/587efdbb6ecc996f36ea7b88f5655f30e1294396e0f14ecdb6cf793434df1f66/5-03.png","171856"
"5-04.jpg","Sản phẩm / Chưa rõ hãng","ảnh thu nhỏ áo khoác bảo hộ đỏ trắng","http://localhost:3000/media/migration/wordpress/bd/bd28a25bf007afe58cc594f3ddb23f05436c226646e94080d081d947de966639/5-04.jpg","4399"
"5-04.png","Sản phẩm / Chưa rõ hãng","áo khoác Alpinestars đỏ trắng","http://localhost:3000/media/migration/wordpress/48/48f22d7a6562c7dedf9add2ee52f0674d0631504deb31ecaaea4bad9c0b2d16f/5-04.png","126349"
"5.png","Sản phẩm / AGV","mặt sau mũ bảo hiểm AGV màu đen","http://localhost:3000/media/wp-uploads/2026/04/5.png","48578"
"6_000000009362.jpg","Sản phẩm / Chưa rõ hãng","cận cảnh phần hông quần bảo hộ màu đen","http://localhost:3000/media/wp-uploads/2025/04/6_000000009362.jpg","153390"
"6_Compass_Dry_Tecno_back_pocket-500x750-1.jpg","Sản phẩm / SPYKE","bộ đồ bảo hộ SPYKE xám đỏ nhìn từ sau","http://localhost:3000/media/wp-uploads/2024/03/6_Compass_Dry_Tecno_back_pocket-500x750-1.jpg","55794"
"6-02-01.jpg","Sản phẩm / Chưa rõ hãng","ảnh thu nhỏ áo khoác bảo hộ đen đỏ","http://localhost:3000/media/migration/wordpress/0b/0b0cb8cf56dbdde557b0afb91b6742e5294fed31adae19728f9e82bbd5a4b17d/6-02-01.jpg","3819"
"6-02-01.png","Sản phẩm / Chưa rõ hãng","áo khoác bảo hộ Alpinestars đen đỏ","http://localhost:3000/media/migration/wordpress/65/651783b4f92777023406a2addc6bc233580970d11f599cf6e108ce4c42d5eaff/6-02-01.png","329140"
"6-02-02.png","Sản phẩm / Chưa rõ hãng","áo khoác mô tô Alpinestars Honda màu đen đỏ","http://localhost:3000/media/migration/wordpress/ce/cec40d791674c3815513b9d91406f99adc01b942ac9625d6eea9e36321ee5eaa/6-02-02.png","376563"
"6.png","Sản phẩm / AGV","mũ bảo hiểm AGV fullface màu đen","http://localhost:3000/media/wp-uploads/2026/04/6.png","61245"
"60056_k1.jpg","Sản phẩm / TAICHI","bốn góc chụp áo khoác TAICHI đen đỏ","http://localhost:3000/media/wp-uploads/2024/03/60056_k1.jpg","33242"
"61-tY2QvXpL._AC_SL1200_-1-1024x770.jpg","Sản phẩm / Chưa rõ hãng","túi dài màu đen có khóa kéo","http://localhost:3000/media/migration/wordpress/70/706a03dc26fd26c671044a14adac62291e0caff3d33ef04e91d0970ebee020c6/61-tY2QvXpL._AC_SL1200_-1-1024x770.jpg","93672"
"613PLSFq4-L._AC_SL1200_-1-1024x686.jpg","Sản phẩm / Chưa rõ hãng","túi phụ kiện chống nước màu đen","http://localhost:3000/media/migration/wordpress/e5/e5945b0969be2094fb89c0d2d5e3a509e95d20b1d1b771fbaee15dc9f24f9a77/613PLSFq4-L._AC_SL1200_-1-1024x686.jpg","34675"
"617d68MD4-L._AC_SL1500_.jpg","Sản phẩm / ILM","ảnh thông số dây cố định túi hông ILM","http://localhost:3000/media/migration/wordpress/fb/fb745f076c35c5e6eb2250640beb1bb034231c9a22eb546e2d02deec73d8a128/617d68MD4-L._AC_SL1500_.jpg","108143"
"61Ce5PkTasL._AC_SL1200_-1-1024x1024.jpg","Sản phẩm / Chưa rõ hãng","ảnh mô tả mảng phản quang trên túi màu đen","http://localhost:3000/media/migration/wordpress/da/daeccb7cee0f4715bf4ef89e21e5f6a651d34804685213befdd67d0e7ca123ad/61Ce5PkTasL._AC_SL1200_-1-1024x1024.jpg","41250"
"61d2r8WJf-L._AC_SL1500_.jpg","Sản phẩm / ILM","ảnh thông số bốn kiểu biến đổi của mũ ILM","http://localhost:3000/media/migration/wordpress/2a/2aa55d208f78983549b7512ae109935100aa32092f6a37e2d764400aaf7414dc/61d2r8WJf-L._AC_SL1500_.jpg","83111"
"61Ikom-gqoL._AC_SL1500_.jpg","Sản phẩm / ILM","bảng kích thước áo khoác mô tô ILM","http://localhost:3000/media/wp-uploads/2025/09/61Ikom-gqoL._AC_SL1500_.jpg","138400"
"61KRtDMuxyL._AC_SL1500_.jpg","Sản phẩm / Chưa rõ hãng","ảnh thông số mũ địa hình tháo được cằm và kính","http://localhost:3000/media/migration/wordpress/b0/b0d9caf162d6ea6cdc8d16bdd976ec5ecffb5ca83b6ac7eb865c5d0123b64759/61KRtDMuxyL._AC_SL1500_.jpg","102825"
"61LlNAmq1gL._AC_SL1200_-1-1024x754.jpg","Sản phẩm / Chưa rõ hãng","ảnh cận cảnh túi áo chống nước màu đen","http://localhost:3000/media/migration/wordpress/a3/a34fce3c7a613f1f72855bfb8bbc6a164e706eb4af97eff8783f45f1e33724eb/61LlNAmq1gL._AC_SL1200_-1-1024x754.jpg","59534"
"61ohhDa5MLL._AC_SL1200_-1.jpg","Ảnh minh hoạ","người mẫu nữ mặc đồ bảo hộ mô tô","http://localhost:3000/media/migration/wordpress/38/38297f0362021ca67a43947d49e1bbbedfae7a3ea495de4e9edd6947448dd3f7/61ohhDa5MLL._AC_SL1200_-1.jpg","79951"
"61PN-GOB9LL._AC_SL1500_.jpg","Sản phẩm / ILM","ảnh thông số cấu tạo áo bảo hộ ILM đen đỏ","http://localhost:3000/media/wp-uploads/2025/09/61PN-GOB9LL._AC_SL1500_.jpg","87100"
"61Pn5y-1A7L._AC_SL1500_.jpg","Sản phẩm / Chưa rõ hãng","ảnh thông số hệ thống thông gió mũ địa hình trắng","http://localhost:3000/media/migration/wordpress/ae/ae71f14b2d93754f5a3d2799daa57d06c7eb19282a842aee33804ad4bf9147fd/61Pn5y-1A7L._AC_SL1500_.jpg","81292"
"61wh-B8lsXL.jpg","Sản phẩm / Chưa rõ hãng","người mẫu nam mặc quần jean bảo hộ màu đen","http://localhost:3000/media/wp-uploads/2024/03/61wh-B8lsXL.jpg","106064"
"62eebe03-099e-4f38-b4eb-4ac7be03c454.jpg","Sản phẩm / Chưa rõ hãng","ảnh hướng dẫn năm bước thay quai mũ bảo hiểm","http://localhost:3000/media/wp-uploads/2026/05/62eebe03-099e-4f38-b4eb-4ac7be03c454.jpg","63250"
"638116483746670000-2.jpeg","Sản phẩm / TAICHI","ảnh sản phẩm mũ trùm đầu TAICHI RSX158","http://localhost:3000/media/wp-uploads/2024/07/638116483746670000-2.jpeg","85700"
"6b2cecc59d7a63243a6b.jpg","Ảnh minh hoạ","người biểu diễn bốc đầu mô tô","http://localhost:3000/media/wp-uploads/2020/11/6b2cecc59d7a63243a6b.jpg","145252"
"7_000000000497.jpg","Sản phẩm / KOMINE","ảnh mô tả hai cách sử dụng balo KOMINE màu đen","http://localhost:3000/media/wp-uploads/2024/10/7_000000000497.jpg","322519"
"7_000000009189-1.jpg","Sản phẩm / Chưa rõ hãng","quần dài màu xanh nhạt","http://localhost:3000/media/wp-uploads/2024/04/7_000000009189-1.jpg","24454"
"7_000000009362.jpg","Sản phẩm / Chưa rõ hãng","ảnh cận cảnh túi quần bảo hộ màu đen","http://localhost:3000/media/wp-uploads/2025/04/7_000000009362.jpg","81612"
"7_Compass_Dry_Tecno_sleeve-500x750-1.jpg","Sản phẩm / SPYKE","cận cảnh tay áo bộ đồ bảo hộ SPYKE","http://localhost:3000/media/wp-uploads/2024/03/7_Compass_Dry_Tecno_sleeve-500x750-1.jpg","60545"
"7.png","Sản phẩm / Chưa rõ hãng","mũ bảo hiểm fullface màu đen nhìn nghiêng","http://localhost:3000/media/wp-uploads/2026/04/7.png","53428"
"711rSj4aZML-1.jpg","Sản phẩm / TAICHI","cận cảnh chất liệu sợi carbon TAICHI","http://localhost:3000/media/wp-uploads/2024/07/711rSj4aZML-1.jpg","143913"
"713Pm531ROL._AC_SL1500_.jpg","Sản phẩm / ILM","ảnh thông số áo khoác lưới ILM màu đỏ đen","http://localhost:3000/media/wp-uploads/2025/09/713Pm531ROL._AC_SL1500_.jpg","158429"
"71BS-tcwJML._AC_SL1500_.jpg","Sản phẩm / Chưa rõ hãng","ảnh thông số vị trí gắn camera và đèn trên mũ","http://localhost:3000/media/migration/wordpress/b9/b9395ba1c80b4938e9997d370fca785f1ce5ad68d235d6154ec6d3c75776a702/71BS-tcwJML._AC_SL1500_.jpg","123721"
"71CLndzJML._AC_SL1500_.jpg","Sản phẩm / Chưa rõ hãng","ảnh thông số túi chống mưa lớn không rõ hãng","http://localhost:3000/media/migration/wordpress/c7/c789567481429dea61db4a30c71f37b139a1cabb98a08f61fb0ce6421fe7beb7/71CLndzJML._AC_SL1500_.jpg","202414"
"71dZ3vWdW0L._AC_SY695_.jpg","Sản phẩm / Chưa rõ hãng","ảnh thông số đế cao su giày bảo hộ","http://localhost:3000/media/wp-uploads/2025/09/71dZ3vWdW0L._AC_SY695_.jpg","70276"
"71EPUCJF7pL._AC_SL1500_.jpg","Sản phẩm / ILM","ảnh thông số túi yên mô tô ILM 24 lít","http://localhost:3000/media/migration/wordpress/c2/c274537afc6dd6bb154ccbdf794517ba1de4f44a6eeb37e04edd1cfb0c4984b2/71EPUCJF7pL._AC_SL1500_.jpg","135963"
"71FtLaYsSCL._AC_SY695_.jpg","Sản phẩm / Chưa rõ hãng","ảnh thông số giày da cổ cao hai khóa","http://localhost:3000/media/wp-uploads/2025/09/71FtLaYsSCL._AC_SY695_.jpg","60486"
"71hzUpfY6AL._AC_SL1500_.jpg","Sản phẩm / ILM","ảnh thông số áo khoác bảo hộ ILM đỏ đen","http://localhost:3000/media/wp-uploads/2025/09/71hzUpfY6AL._AC_SL1500_.jpg","190405"
"71jQ-ldgHsL._AC_SL1500_.jpg","Sản phẩm / ILM","ảnh thông số túi yên xe máy ILM","http://localhost:3000/media/migration/wordpress/eb/ebcdc43fca5e72f03b4157d1a53dfca126cf9c38271cc84896c7442c635e6740/71jQ-ldgHsL._AC_SL1500_.jpg","115260"
"71LktCuF5pL._AC_SX466_.jpg","Sản phẩm / Chưa rõ hãng","ảnh thông số độ thoáng khí của áo khoác","http://localhost:3000/media/wp-uploads/2025/09/71LktCuF5pL._AC_SX466_.jpg","53206"
"71ml2tT9fNL._AC_SY695_.jpg","Sản phẩm / Chưa rõ hãng","ảnh thông số khóa kéo và khóa kim loại của ủng","http://localhost:3000/media/wp-uploads/2025/09/71ml2tT9fNL._AC_SY695_.jpg","72178"
"71OfBVHfeJL._AC_SL1200_-1.jpg","Sản phẩm / Chưa rõ hãng","người mẫu đeo túi hông với trang phục thường ngày","http://localhost:3000/media/migration/wordpress/34/34cc16665f719e4b3908682144bb771b96bcba94b5b8564e0a6806bfa1769888/71OfBVHfeJL._AC_SL1200_-1.jpg","93237"
"71pp9wYNiL._AC_SY695_.jpg","Sản phẩm / Chưa rõ hãng","người đi mô tô mang ủng bảo hộ màu đen không rõ hãng","http://localhost:3000/media/wp-uploads/2025/09/71pp9wYNiL._AC_SY695_.jpg","68165"
"71rAC9MKLjL._AC_SY695_.jpg","Sản phẩm / Chưa rõ hãng","bảng hướng dẫn đo và chọn cỡ giày không rõ hãng","http://localhost:3000/media/wp-uploads/2025/09/71rAC9MKLjL._AC_SY695_.jpg","67712"
"71uExVZOvsL._AC_SL1200_-1.jpg","Ảnh minh hoạ","người mẫu nữ mặc đồ bảo hộ họa tiết xanh","http://localhost:3000/media/migration/wordpress/d5/d5b0da19fbb917a5537e1dc5238063434261f6e54ac71352d4f53da136ea2edb/71uExVZOvsL._AC_SL1200_-1.jpg","113187"
"71uiGY5WH5L-1.jpg","Sản phẩm / Chưa rõ hãng","chi tiết đường may vải họa tiết carbon","http://localhost:3000/media/wp-uploads/2024/07/71uiGY5WH5L-1.jpg","172304"
"71UzOBtwzRL._AC_SL1500_.jpg","Sản phẩm / Chưa rõ hãng","ảnh mô tả lớp cách nhiệt của túi gắn xe","http://localhost:3000/media/migration/wordpress/ba/ba53f716e3f90461eb62def1bfe3fa30d258e40378c24f5e39e80d390376391a/71UzOBtwzRL._AC_SL1500_.jpg","180632"
"71xtU6EuKcL._AC_SL1500_.jpg","Sản phẩm / ILM","ảnh thông số khóa loa và lớp lót mũ ILM","http://localhost:3000/media/migration/wordpress/ea/ea13e1c73fa0e5cf89e200dde975e7af250f6698e940934f145ce6745ee330b3/71xtU6EuKcL._AC_SL1500_.jpg","142908"
"71yx0Cg-HqL._AC_SX466_.jpg","Sản phẩm / ILM","ảnh thông số các túi chứa đồ trên áo bảo hộ ILM","http://localhost:3000/media/wp-uploads/2025/09/71yx0Cg-HqL._AC_SX466_.jpg","40933"
"7KP3dyD5gdonBvzoOFPb2xIj8B7uxH.jpeg","Sản phẩm / ILM","đôi giày bảo hộ ILM màu đen đặt trên hộp","http://localhost:3000/media/wp-uploads/2025/09/7KP3dyD5gdonBvzoOFPb2xIj8B7uxH.jpeg","193448"
"8_000000009189-1.jpg","Sản phẩm / Chưa rõ hãng","ảnh cận cảnh túi quần jean bảo hộ","http://localhost:3000/media/wp-uploads/2024/04/8_000000009189-1.jpg","232919"
"8_000000009362.jpg","Sản phẩm / Chưa rõ hãng","chi tiết ống quần bảo hộ có khóa kéo","http://localhost:3000/media/wp-uploads/2025/04/8_000000009362.jpg","62038"
"8.png","Sản phẩm / AGV","mũ bảo hiểm fullface AGV màu trắng","http://localhost:3000/media/wp-uploads/2026/04/8.png","59349"
"81-w0ZObf9L._AC_SY695_.jpg","Sản phẩm / Chưa rõ hãng","ảnh thông số lớp da chống mài mòn trên quần bảo hộ","http://localhost:3000/media/wp-uploads/2025/09/81-w0ZObf9L._AC_SY695_.jpg","73872"
"82558518_3348560991882334_7106662697114009600_n-1.jpg","Sản phẩm / LS2","mũ bảo hiểm cả đầu LS2 xanh đen","http://localhost:3000/media/wp-uploads/2020/10/82558518_3348560991882334_7106662697114009600_n-1.jpg","27728"
"8ae47b275cfd0da0ea17dd546159ffd4.webp","Sản phẩm / Chưa rõ hãng","quần jean bảo hộ","http://localhost:3000/media/uploads/eb118309-e873-4ccb-a408-83ea52a138f8/8ae47b275cfd0da0ea17dd546159ffd4.webp","118568"
"9_000000009189-1.jpg","Sản phẩm / Chưa rõ hãng","cận cảnh cạp quần jean màu xanh nhạt","http://localhost:3000/media/wp-uploads/2024/04/9_000000009189-1.jpg","243021"
"9.png","Sản phẩm / Chưa rõ hãng","mũ bảo hiểm cả đầu màu trắng không rõ hãng","http://localhost:3000/media/wp-uploads/2026/04/9.png","47584"
"a-01.jpg","Sản phẩm / Chưa rõ hãng","áo khoác bảo hộ màu đen đỏ","http://localhost:3000/media/migration/wordpress/08/08f1f68cd979d49e83ce0de494e141d18e412ee5650772561b35a32bf5e92e48/a-01.jpg","3939"
"a-01.png","Sản phẩm / Chưa rõ hãng","áo khoác bảo hộ Alpinestars đen đỏ","http://localhost:3000/media/migration/wordpress/b1/b155d2e3baa482a4413f08c08268e704726c57429067a55fb2723f89cd40b942/a-01.png","400650"
"a-02.jpg","Sản phẩm / Chưa rõ hãng","ảnh thu nhỏ áo khoác bảo hộ màu đen không rõ hãng","http://localhost:3000/media/migration/wordpress/25/25263b96dc92d1895366ddf3827868660f51df0a0ee2c037f9a5a52a962d34f8/a-02.jpg","2799"
"a-02.png","Sản phẩm / Chưa rõ hãng","áo khoác bảo hộ Alpinestars màu đen","http://localhost:3000/media/migration/wordpress/d4/d4c0422c2de8827dbbfcf48967e5013fe704e9e9d66031ba3391232c59ca2811/a-02.png","391580"
"a117a7de597eb1533cc262686fa6094cL_TM.jpg","Sản phẩm / Chưa rõ hãng","bộ giáp bảo hộ màu vàng","http://localhost:3000/media/wp-uploads/2025/05/a117a7de597eb1533cc262686fa6094cL_TM.jpg","37258"
"a5IljwFiI3o1xWFgSTSp2PNbWVeRC1.jpeg","Sản phẩm / Chưa rõ hãng","ảnh mô tả lớp da bảo vệ vùng cần số của giày mô tô","http://localhost:3000/media/wp-uploads/2025/09/a5IljwFiI3o1xWFgSTSp2PNbWVeRC1.jpeg","146510"
"abd143bce28843f089897a4ae55f3221_fccfdd01539443d08173fe374ecce64b_master.webp","Sản phẩm / ROK Straps","bộ dây chằng hành lý ROK Straps trong bao bì","http://localhost:3000/media/wp-uploads/2024/10/abd143bce28843f089897a4ae55f3221_fccfdd01539443d08173fe374ecce64b_master.webp","24882"
"about-service-1.png","Thương hiệu","biểu tượng viên kim cương màu trắng","http://localhost:3000/media/uploads/seed/about-service-1.png","1141"
"about-service-2.png","Chưa phân loại","ảnh biểu tượng biểu đồ không có nội dung nhận diện","http://localhost:3000/media/uploads/seed/about-service-2.png","944"
"about-service-3.png","Ảnh minh hoạ","biểu tượng đang tải màu đỏ đen","http://localhost:3000/media/uploads/seed/about-service-3.png","1203"
"about-service-4.png","Ảnh minh hoạ","biểu tượng vương miện màu đen","http://localhost:3000/media/uploads/seed/about-service-4.png","1386"
"about-service-5.png","Chưa phân loại","biểu tượng sóng âm không đủ ngữ cảnh","http://localhost:3000/media/uploads/seed/about-service-5.png","944"
"ac3e5bf3-12b0-402f-88ff-02a4d8d9bd1e-1.png","Sản phẩm / Chưa rõ hãng","ảnh thông số sáu bóng giảm chấn của giá đỡ","http://localhost:3000/media/wp-uploads/2026/05/ac3e5bf3-12b0-402f-88ff-02a4d8d9bd1e-1.png","1163578"
"ac3e5bf3-12b0-402f-88ff-02a4d8d9bd1e.png","Sản phẩm / KEWIG","ảnh mô tả cụm bi giảm chấn của giá đỡ điện thoại KEWIG","http://localhost:3000/media/wp-uploads/2026/05/ac3e5bf3-12b0-402f-88ff-02a4d8d9bd1e.png","408323"
"ad01f05f7202855cdc13-01.png","Sản phẩm / Chưa rõ hãng","đôi giày bảo hộ cổ cao màu đen","http://localhost:3000/media/migration/wordpress/7c/7cdad9ba224e178a5cf33b39ecacbe49e9c5ed06b70aecb7239c88d636a64747/ad01f05f7202855cdc13-01.png","242391"
"ad01f05f7202855cdc13-02.png","Sản phẩm / Chưa rõ hãng","đôi giày mô tô cổ cao màu nâu nhìn phía sau","http://localhost:3000/media/migration/wordpress/93/93414078d9f5383970ed02bab71d87d5cc0883f65661bdd5db4583cce735e9f8/ad01f05f7202855cdc13-02.png","231963"
"ad01f05f7202855cdc13-03.png","Sản phẩm / Chưa rõ hãng","đôi ủng bảo hộ màu nâu không rõ hãng","http://localhost:3000/media/migration/wordpress/03/0385ee7f3cda1f53a71ba5b5b8b01cd69ae23d0b14a2ae2bfa257f9a7a5d6e3c/ad01f05f7202855cdc13-03.png","230479"
"ad01f05f7202855cdc13-04.jpg","Sản phẩm / Chưa rõ hãng","đôi giày mô tô cổ thấp ảnh kích thước rất nhỏ","http://localhost:3000/media/migration/wordpress/37/37509c635bdaa34a465cbc8e638fe303c1cb842988e58140fadf5c379a939395/ad01f05f7202855cdc13-04.jpg","1405"
"ad01f05f7202855cdc13-04.png","Sản phẩm / Chưa rõ hãng","đôi giày bảo hộ cổ cao màu đen","http://localhost:3000/media/migration/wordpress/8d/8daaab204aafee7612d3ef37ff8a76d8f4ef17f5fb8de3d92fe8ec24d4052a81/ad01f05f7202855cdc13-04.png","104386"
"ad01f05f7202855cdc13-05.png","Sản phẩm / Chưa rõ hãng","đôi giày cổ cao màu nâu không rõ hãng","http://localhost:3000/media/migration/wordpress/cb/cb9b022d7f2bd7023b938d8bd71407a6d3190b5bca4acdd6c1852e39b04be4e4/ad01f05f7202855cdc13-05.png","248694"
"ad01f05f7202855cdc13-06.jpg","Sản phẩm / Chưa rõ hãng","ảnh thu nhỏ đôi giày bảo hộ màu nâu","http://localhost:3000/media/migration/wordpress/2e/2ecaba18c558b92204c92b40944f49af39aba31825ff50a3629810d89fad5419/ad01f05f7202855cdc13-06.jpg","1425"
"ad01f05f7202855cdc13-06.png","Sản phẩm / Chưa rõ hãng","đôi giày mô tô cổ cao màu nâu","http://localhost:3000/media/migration/wordpress/83/83fefd00b2ea5d028b823416592ebc17c44613d1a4c66c39ef00087cf0ed4e06/ad01f05f7202855cdc13-06.png","305372"
"ad01f05f7202855cdc13-07.png","Sản phẩm / Chưa rõ hãng","đôi giày bảo hộ cổ cao màu đen","http://localhost:3000/media/migration/wordpress/79/79ffe5225e280ec87529d166ceb069bf8063b0dcda59203839c9c2406f855081/ad01f05f7202855cdc13-07.png","291035"
"adv.png","Sản phẩm / TAICHI","túi đeo chân TAICHI màu đen","http://localhost:3000/media/wp-uploads/2024/10/adv.png","43938"
"agv.jpg","Thương hiệu","logo AGV","http://localhost:3000/media/wp-uploads/2020/10/agv.jpg","5444"
"AIRY-LADY-mat-sau-mau-xam.jpg","Sản phẩm / LS2","áo khoác bảo hộ LS2 màu trắng đen nhìn phía sau","http://localhost:3000/media/wp-uploads/2024/01/AIRY-LADY-mat-sau-mau-xam.jpg","72754"
"Alba-man-black-front.jpg","Sản phẩm / LS2","áo khoác bảo hộ LS2 màu đen đỏ","http://localhost:3000/media/wp-uploads/2020/06/Alba-man-black-front.jpg","381256"
"Alba-man-dark-grey-front.jpg","Sản phẩm / LS2","áo khoác bảo hộ LS2 xám đen","http://localhost:3000/media/wp-uploads/2020/06/Alba-man-dark-grey-front.jpg","413435"
"alpinestar-smx-1-air_background.jpg","Ảnh minh hoạ","mô tô dựng trên bãi cỏ ảnh đen trắng","http://localhost:3000/media/wp-uploads/2020/06/alpinestar-smx-1-air_background.jpg","25892"
"alpinestars_missile_tech_air_compatible_1pc-08_2.jpg","Sản phẩm / Chưa rõ hãng","bộ đồ liền thân Alpinestars đỏ vàng trắng","http://localhost:3000/media/wp-uploads/2020/08/alpinestars_missile_tech_air_compatible_1pc-08_2.jpg","84075"
"ao_bao_ho_taichi_rsj710_red.jpeg","Sản phẩm / TAICHI","người mặc áo khoác bảo hộ TAICHI đen đỏ","http://localhost:3000/media/wp-uploads/2020/06/ao_bao_ho_taichi_rsj710_red.jpeg","165881"
"ao-bao-ho-cho-nu-ao-giap-ls2-airy-lady.webp","Sản phẩm / LS2","áo khoác bảo hộ nữ LS2 màu trắng đen","http://localhost:3000/media/uploads/196e637f-db2e-43a9-a1eb-935342d86126/ao-bao-ho-cho-nu-ao-giap-ls2-airy-lady.webp","289024"
"Ao-bao-ho-di-mo-to-xe-may-phuot-RS-TAICHI-RSJ339-MILES-AIR-06-1.jpg","Sản phẩm / Chưa rõ hãng","áo khoác bảo hộ màu nâu nhìn từ sau","http://localhost:3000/media/migration/wordpress/c3/c37ad244edebcfb46102a50943fb0ce13c1e24039510dfad595b7bbf45f94c18/Ao-bao-ho-di-mo-to-xe-may-phuot-RS-TAICHI-RSJ339-MILES-AIR-06-1.jpg","98669"
"Ao-bao-ho-di-mo-to-xe-may-phuot-RS-TAICHI-RSJ339-MILES-AIR-07-1.jpg","Sản phẩm / Chưa rõ hãng","ảnh thu nhỏ áo khoác màu kaki","http://localhost:3000/media/migration/wordpress/4a/4aaf1bb24c508038ceefee78ca700804ec11a4be79ab01b287bb020e5ddeb902/Ao-bao-ho-di-mo-to-xe-may-phuot-RS-TAICHI-RSJ339-MILES-AIR-07-1.jpg","3828"
"Ao-bao-ho-di-mo-to-xe-may-phuot-RS-TAICHI-RSJ339-MILES-AIR-07.jpg","Sản phẩm / TAICHI","áo khoác kiểu sơ mi TAICHI màu kaki","http://localhost:3000/media/migration/wordpress/57/57a6ea9321a05758362a3ca61ca1ba3c9f1aa27567472fde435050c7d88cc0bc/Ao-bao-ho-di-mo-to-xe-may-phuot-RS-TAICHI-RSJ339-MILES-AIR-07.jpg","94354"
"ao-bao-ho-giap-phuot-Taichi-RSJ340-02.jpg","Sản phẩm / TAICHI","áo khoác bảo hộ TAICHI màu đen","http://localhost:3000/media/wp-uploads/2022/05/ao-bao-ho-giap-phuot-Taichi-RSJ340-02.jpg","205587"
"ao-bao-ho-giap-phuot-Taichi-RSJ340-03.jpg","Sản phẩm / TAICHI","áo khoác TAICHI màu kaki đen","http://localhost:3000/media/wp-uploads/2022/05/ao-bao-ho-giap-phuot-Taichi-RSJ340-03.jpg","239596"
"ao-bao-ho-giap-phuot-Taichi-RSJ340-04.jpg","Sản phẩm / TAICHI","áo khoác bảo hộ TAICHI màu đen","http://localhost:3000/media/wp-uploads/2022/05/ao-bao-ho-giap-phuot-Taichi-RSJ340-04.jpg","221613"
"ao-bao-ho-giap-phuot-Taichi-RSJ340-05.jpg","Sản phẩm / TAICHI","áo khoác bảo hộ TAICHI màu đen nhìn phía sau","http://localhost:3000/media/wp-uploads/2022/05/ao-bao-ho-giap-phuot-Taichi-RSJ340-05.jpg","248037"
"ao-bao-ho-komine-jk173-red.jpg","Sản phẩm / Chưa rõ hãng","ảnh cận cảnh lớp lưới và nút logo trên đồ bảo hộ","http://localhost:3000/media/wp-uploads/2024/04/ao-bao-ho-komine-jk173-red.jpg","124320"
"ao-bao-ho-komine-jk173-red1.jpg","Sản phẩm / Chưa rõ hãng","cận cảnh ống tay áo bảo hộ màu đen","http://localhost:3000/media/wp-uploads/2024/04/ao-bao-ho-komine-jk173-red1.jpg","90521"
"ao-bao-ho-komine-jk173-red2.jpg","Sản phẩm / Chưa rõ hãng","chi tiết vải lưới màu đen có nhãn chữ R","http://localhost:3000/media/wp-uploads/2024/04/ao-bao-ho-komine-jk173-red2.jpg","208419"
"ao-bao-ho-komine-jk173-red3.jpg","Sản phẩm / KOMINE","ảnh cận cảnh lưng balo KOMINE màu đen","http://localhost:3000/media/wp-uploads/2024/04/ao-bao-ho-komine-jk173-red3.jpg","303719"
"ao-bao-ho-komine-jk173-red4.jpg","Sản phẩm / Chưa rõ hãng","ảnh thông số mảng phản quang trên áo khoác đen","http://localhost:3000/media/wp-uploads/2024/04/ao-bao-ho-komine-jk173-red4.jpg","26557"
"ao-bao-ho-komine-jk173-red5.jpg","Sản phẩm / KOMINE","áo khoác bảo hộ KOMINE kèm các tấm giáp","http://localhost:3000/media/wp-uploads/2024/04/ao-bao-ho-komine-jk173-red5.jpg","138058"
"ao-bao-ho-ls2-alba-01.jpg","Sản phẩm / LS2","áo khoác lưới bảo hộ LS2 màu đen đỏ","http://localhost:3000/media/wp-uploads/2020/06/ao-bao-ho-ls2-alba-01.jpg","733397"
"ao-bao-ho-ls2-alba-02.jpg","Sản phẩm / LS2","áo khoác LS2 màu đen nhìn từ sau","http://localhost:3000/media/wp-uploads/2020/06/ao-bao-ho-ls2-alba-02.jpg","725668"
"ao-bao-ho-ls2-alba-03.jpg","Sản phẩm / LS2","mặt sau áo khoác bảo hộ LS2 xám đen","http://localhost:3000/media/wp-uploads/2020/06/ao-bao-ho-ls2-alba-03.jpg","747602"
"ao-bao-ho-ls2-alba-04.jpg","Sản phẩm / Chưa rõ hãng","áo khoác bảo hộ màu xám đen đỏ","http://localhost:3000/media/wp-uploads/2020/06/ao-bao-ho-ls2-alba-04.jpg","748831"
"ao-bao-ho-ls2-breeze-man-mau-xam-1-rotated.jpg","Sản phẩm / LS2","người mẫu mặc áo khoác LS2 trắng đen","http://localhost:3000/media/wp-uploads/2026/06/ao-bao-ho-ls2-breeze-man-mau-xam-1-rotated.jpg","334710"
"ao-bao-ho-ls2-breeze-man-mau-xam-3-rotated.jpg","Sản phẩm / LS2","người mẫu mặc áo khoác bảo hộ LS2 trắng đen","http://localhost:3000/media/wp-uploads/2026/06/ao-bao-ho-ls2-breeze-man-mau-xam-3-rotated.jpg","258782"
"ao-bao-ho-ls2-breeze-man-mau-xam-4-rotated.jpg","Sản phẩm / LS2","người mẫu mặc áo khoác LS2 trắng đen","http://localhost:3000/media/wp-uploads/2026/06/ao-bao-ho-ls2-breeze-man-mau-xam-4-rotated.jpg","358101"
"ao-bao-ho-ls2-breeze-man-mau-xam-5-rotated.jpg","Sản phẩm / LS2","người mẫu mặc áo khoác LS2 trắng đen","http://localhost:3000/media/wp-uploads/2026/06/ao-bao-ho-ls2-breeze-man-mau-xam-5-rotated.jpg","179270"
"ao-bao-ho-ls2-breeze-man-mau-xam-6-rotated.jpg","Sản phẩm / LS2","người mẫu mặc áo khoác LS2 màu trắng đen","http://localhost:3000/media/wp-uploads/2026/06/ao-bao-ho-ls2-breeze-man-mau-xam-6-rotated.jpg","607780"
"ao-bao-ho-ls2-breeze-man-mau-xam-7.png","Sản phẩm / LS2","áo khoác bảo hộ lưới LS2 màu trắng đen","http://localhost:3000/media/wp-uploads/2026/06/ao-bao-ho-ls2-breeze-man-mau-xam-7.png","1879648"
"ao-bao-ho-ls2-breeze-man-mau-xam-8-rotated.jpg","Sản phẩm / LS2","người mặc áo khoác LS2 trắng đen","http://localhost:3000/media/wp-uploads/2026/06/ao-bao-ho-ls2-breeze-man-mau-xam-8-rotated.jpg","431477"
"ao-bao-ho-ls2-bullet.png","Sản phẩm / LS2","bảng thông số áo khoác bảo hộ nữ LS2 màu nâu","http://localhost:3000/media/migration/wordpress/8a/8a878a6dae1f81ae8f66b62d4528bf65b6fbeea3c47f1a18e66afd50d8253875/ao-bao-ho-ls2-bullet.png","76589"
"AO-BAO-HO-LUOI-KOMINE-JK-176-01-1.jpg","Sản phẩm / Chưa rõ hãng","áo khoác bảo hộ có mũ màu đen","http://localhost:3000/media/wp-uploads/2025/04/AO-BAO-HO-LUOI-KOMINE-JK-176-01-1.jpg","55193"
"AO-BAO-HO-LUOI-KOMINE-JK-176-02-1.jpg","Sản phẩm / Chưa rõ hãng","áo khoác SCOYCO màu trắng","http://localhost:3000/media/wp-uploads/2025/04/AO-BAO-HO-LUOI-KOMINE-JK-176-02-1.jpg","49210"
"ao-bao-ho-mo-to-adventure-hevik-neptune-hvj409-giap-vai-khuy-tay.webp","Sản phẩm / Chưa rõ hãng","ảnh thông số giáp vai và khuỷu tay cấp độ hai","http://localhost:3000/media/uploads/928157f5-191e-43ed-b272-b787c9f84189/ao-bao-ho-mo-to-adventure-hevik-neptune-hvj409-giap-vai-khuy-tay.webp","246886"
"ao-bao-ho-mo-to-adventure-hevik-neptune-hvj409-tinh-nang-thoang-khi.webp","Sản phẩm / Chưa rõ hãng","ảnh thông số hệ thống thông gió sau lưng áo khoác không rõ hãng","http://localhost:3000/media/uploads/c3f1835d-43a2-42c7-91ba-da85f0417e31/ao-bao-ho-mo-to-adventure-hevik-neptune-hvj409-tinh-nang-thoang-khi.webp","235660"
"ao-bao-ho-mo-to-adventure-hevik-scorpius-hvj307m-c_c-phu-kien-giap-vai-khuy-tay-lung-chong-va-dap-level-2.webp","Sản phẩm / HEVIK","ảnh thông số các vị trí giáp trên áo HEVIK","http://localhost:3000/media/uploads/fd1f0d38-ceb7-4f95-bdfb-268c7e7dd81f/ao-bao-ho-mo-to-adventure-hevik-scorpius-hvj307m-c_c-phu-kien-giap-vai-khuy-tay-lung-chong-va-dap-level-2.webp","257728"
"ao-bao-ho-mo-to-adventure-hevik-scorpius-hvj307m-chi-tiet-kha-nang-thong-gio.webp","Sản phẩm / HEVIK","ảnh thông số thoáng khí áo khoác HEVIK","http://localhost:3000/media/uploads/c33f3eab-2f1b-4cd0-adcf-633ec9d607d9/ao-bao-ho-mo-to-adventure-hevik-scorpius-hvj307m-chi-tiet-kha-nang-thong-gio.webp","238744"
"ao-bao-ho-mo-to-adventure-hevik-scorpius-hvj307m-chi-tiet-lot-chong-mua-ben-trong.webp","Sản phẩm / HEVIK","ảnh thông số lớp lót chống nước áo HEVIK","http://localhost:3000/media/uploads/7d90aef3-6e5c-4369-a6fa-2ad563eabcdb/ao-bao-ho-mo-to-adventure-hevik-scorpius-hvj307m-chi-tiet-lot-chong-mua-ben-trong.webp","263012"
"ao-bao-ho-moto-mua-he-taichi-rsj354-m_u-den-bigbike-shop.webp","Sản phẩm / Chưa rõ hãng","áo khoác bảo hộ màu đen chụp sản phẩm","http://localhost:3000/media/uploads/d8495856-4135-4e66-bc0d-4bfe164d52d0/ao-bao-ho-moto-mua-he-taichi-rsj354-m_u-den-bigbike-shop.webp","763116"
"ao-bao-ho-moto-mua-he-taichi-rsj354-mau-do-bigbike-shop.webp","Sản phẩm / TAICHI","áo khoác bảo hộ TAICHI cam đen","http://localhost:3000/media/uploads/a03c3192-290d-4ba3-8d33-44b22305c9af/ao-bao-ho-moto-mua-he-taichi-rsj354-mau-do-bigbike-shop.webp","1129144"
"ao-bao-ho-moto-mua-he-taichi-rsj354-mau-khaki-bigbike-shop.webp","Sản phẩm / TAICHI","áo khoác bảo hộ TAICHI xanh rêu đen","http://localhost:3000/media/uploads/1380c2d8-d1fd-44f6-8e54-5b152f0f4f23/ao-bao-ho-moto-mua-he-taichi-rsj354-mau-khaki-bigbike-shop.webp","993176"
"ao-bao-ho-moto-mua-he-taichi-rsj354-mau-xam-bigbike-shop.webp","Sản phẩm / Chưa rõ hãng","áo khoác bảo hộ xám đen chụp sản phẩm","http://localhost:3000/media/uploads/cc6d6337-911b-439e-8f12-340ac5902281/ao-bao-ho-moto-mua-he-taichi-rsj354-mau-xam-bigbike-shop.webp","827806"
"ao-bao-ho-moto-phuot-komine-jk185-mau-xanh-navy-chong-nuoc-nhe-banner.webp","Sản phẩm / TAICHI","ảnh mô tả khả năng chống nước của áo TAICHI xanh cam","http://localhost:3000/media/uploads/569c9341-356e-454d-8a4c-9b40aa8238cd/ao-bao-ho-moto-phuot-komine-jk185-mau-xanh-navy-chong-nuoc-nhe-banner.webp","413848"
"ao-bao-ho-motor-ls2-apollo-bigbike-1.jpg","Sản phẩm / LS2","cận cảnh hệ thống túi áo khoác bảo hộ LS2","http://localhost:3000/media/migration/wordpress/20/204499c298befb8520824ec2b5836713226d900b66a86e9e180e547a8b0626f4/ao-bao-ho-motor-ls2-apollo-bigbike-1.jpg","300631"
"ao-bao-ho-motor-ls2-apollo-bigbikevn-10.jpg","Sản phẩm / Chưa rõ hãng","ảnh cận cảnh dây chỉnh eo áo khoác màu xám","http://localhost:3000/media/migration/wordpress/1b/1b9c22457586dd9bd39b2274b897876b567a3dd3d1711e5307700d85f1511f18/ao-bao-ho-motor-ls2-apollo-bigbikevn-10.jpg","336175"
"ao-bao-ho-motor-ls2-apollo-bigbikevn-2.jpg","Sản phẩm / Chưa rõ hãng","chi tiết lớp lót và túi trong áo bảo hộ","http://localhost:3000/media/migration/wordpress/a7/a758b6fd0cbaa7d47d8ba8598988f98a370618494dd763305045428be8832f50/ao-bao-ho-motor-ls2-apollo-bigbikevn-2.jpg","273970"
"ao-bao-ho-motor-ls2-apollo-bigbikevn-3.jpg","Sản phẩm / Chưa rõ hãng","ảnh cận cảnh đai chỉnh cổ tay áo bảo hộ","http://localhost:3000/media/migration/wordpress/74/749e594cab901793dba2de2f3fa29d2983991bc64d89a46a189900891d17c234/ao-bao-ho-motor-ls2-apollo-bigbikevn-3.jpg","275321"
"ao-bao-ho-motor-ls2-apollo-bigbikevn-4.jpg","Sản phẩm / Chưa rõ hãng","cận cảnh khoá kéo và túi áo khoác touring xám","http://localhost:3000/media/migration/wordpress/1c/1cbe1a3b204714a163ab537784f07c733afe8a2017eaaaf9e9a81e0fe02b5fd6/ao-bao-ho-motor-ls2-apollo-bigbikevn-4.jpg","318312"
"ao-bao-ho-motor-ls2-apollo-bigbikevn-5.jpg","Sản phẩm / Chưa rõ hãng","người tháo lớp lót áo khoác bảo hộ","http://localhost:3000/media/migration/wordpress/62/62eddd225f7b72b43d8107a60a8f03f75c6ec6fa2b48089747e06f27fdf824e2/ao-bao-ho-motor-ls2-apollo-bigbikevn-5.jpg","162922"
"ao-bao-ho-motor-ls2-apollo-bigbikevn-6.jpg","Sản phẩm / Chưa rõ hãng","cận cảnh dây chỉnh cổ tay áo khoác xám","http://localhost:3000/media/migration/wordpress/88/882b5a45dd3fbc3a8d6b286b8933783a62b4c5c31e9d7b0572e8c08fe1abdfdc/ao-bao-ho-motor-ls2-apollo-bigbikevn-6.jpg","82695"
"ao-bao-ho-motor-ls2-apollo-bigbikevn-7.jpg","Sản phẩm / LS2","cận cảnh túi và đai áo khoác bảo hộ LS2 xám đen","http://localhost:3000/media/migration/wordpress/a5/a5d984a67aba6e713f1b2a9aab2b8a7df35342f47105a379e6b68e9f277103cf/ao-bao-ho-motor-ls2-apollo-bigbikevn-7.jpg","270015"
"ao-bao-ho-motor-ls2-apollo-bigbikevn-8.jpg","Sản phẩm / LS2","cận cảnh túi chống nước bên trong áo khoác LS2","http://localhost:3000/media/migration/wordpress/e2/e241e8a15d7ba0d2a1f8891e35f2fd44d7b462ce97e3018b7685ae220a941db5/ao-bao-ho-motor-ls2-apollo-bigbikevn-8.jpg","286694"
"ao-bao-ho-motor-ls2-apollo-bigbikevn-9.jpg","Sản phẩm / Chưa rõ hãng","ảnh mô tả túi quần bảo hộ màu xám","http://localhost:3000/media/migration/wordpress/e3/e3b746381abe670d57a383ea605c749ee602c7288790e3c4742fb77d9b7bdfcb/ao-bao-ho-motor-ls2-apollo-bigbikevn-9.jpg","267709"
"AO-BAO-HO-MUA-HE-LUOI-TAICHI-RSJ351-AIR-02-1.jpg","Sản phẩm / Chưa rõ hãng","áo khoác bảo hộ màu đen nhìn phía sau","http://localhost:3000/media/wp-uploads/2025/07/AO-BAO-HO-MUA-HE-LUOI-TAICHI-RSJ351-AIR-02-1.jpg","67591"
"ao-bao-ho-riva-lady-4.jpeg","Sản phẩm / Chưa rõ hãng","người mẫu nữ mặc áo khoác bảo hộ xám đen","http://localhost:3000/media/wp-uploads/2024/01/ao-bao-ho-riva-lady-4.jpeg","53024"
"ao-bao-ho-riva-lady-5.jpeg","Sản phẩm / Chưa rõ hãng","người mẫu nữ mặc áo khoác bảo hộ xám nhìn từ sau","http://localhost:3000/media/wp-uploads/2024/01/ao-bao-ho-riva-lady-5.jpeg","45414"
"ao-bao-ho-rs-taichi-rsj729-drymaster-kompass-all-season-black1.jpg","Sản phẩm / TAICHI","áo giữ ấm TAICHI màu đen","http://localhost:3000/media/wp-uploads/2024/02/ao-bao-ho-rs-taichi-rsj729-drymaster-kompass-all-season-black1.jpg","27915"
"ao-bao-ho-rs-taichi-rsj729-drymaster-kompass-all-season-grey3.jpg","Sản phẩm / TAICHI","cận cảnh lớp lót và miếng giáp lưng áo TAICHI màu kaki","http://localhost:3000/media/wp-uploads/2024/02/ao-bao-ho-rs-taichi-rsj729-drymaster-kompass-all-season-grey3.jpg","130394"
"ao-bao-ho-rs-taichi-rsj729-drymaster-kompass-all-season-grey4.jpg","Sản phẩm / TAICHI","người mẫu mặc bộ đồ bảo hộ TAICHI màu xám","http://localhost:3000/media/wp-uploads/2024/02/ao-bao-ho-rs-taichi-rsj729-drymaster-kompass-all-season-grey4.jpg","24824"
"ao-bao-ho-rs-taichi-rsj729-drymaster-kompass-all-season-khaki-lady.jpg","Sản phẩm / TAICHI","người mẫu nữ mặc áo khoác TAICHI màu kaki","http://localhost:3000/media/wp-uploads/2024/02/ao-bao-ho-rs-taichi-rsj729-drymaster-kompass-all-season-khaki-lady.jpg","95136"
"ao-bao-ho-rs-taichi-rsj729-drymaster-kompass-all-season-khaki-lady1.jpg","Sản phẩm / TAICHI","người mẫu nữ mặc áo khoác TAICHI màu kaki","http://localhost:3000/media/wp-uploads/2024/02/ao-bao-ho-rs-taichi-rsj729-drymaster-kompass-all-season-khaki-lady1.jpg","67584"
"ao-bao-ho-rs-taichi-rsj729-drymaster-kompass-all-season-khaki-lady2.jpg","Sản phẩm / TAICHI","người mẫu nữ mặc áo khoác TAICHI kaki nhìn phía sau","http://localhost:3000/media/wp-uploads/2024/02/ao-bao-ho-rs-taichi-rsj729-drymaster-kompass-all-season-khaki-lady2.jpg","80771"
"ao-bao-ho-rs-taichi-rsj729-drymaster-kompass-all-season-khaki-lady3.jpg","Sản phẩm / TAICHI","người mẫu mặc bộ đồ bảo hộ TAICHI màu kaki","http://localhost:3000/media/wp-uploads/2024/02/ao-bao-ho-rs-taichi-rsj729-drymaster-kompass-all-season-khaki-lady3.jpg","54259"
"ao-bao-ho-rs-taichi-rsj729-drymaster-kompass-all-season-khaki1.jpg","Sản phẩm / TAICHI","ảnh mô tả áo TAICHI và các miếng giáp","http://localhost:3000/media/wp-uploads/2024/02/ao-bao-ho-rs-taichi-rsj729-drymaster-kompass-all-season-khaki1.jpg","47885"
"ao-bao-ho-rs-taichi-rsj729-drymaster-kompass-all-season-khaki2.jpg","Sản phẩm / KOMINE","cận cảnh vải KOMINE Drymaster chống nước","http://localhost:3000/media/wp-uploads/2024/02/ao-bao-ho-rs-taichi-rsj729-drymaster-kompass-all-season-khaki2.jpg","148435"
"ao-bao-ho-rs-taichi-rsj729-drymaster-kompass-all-season-khaki3.jpg","Sản phẩm / Chưa rõ hãng","cận cảnh khe thoáng khí và khoá kéo áo touring màu kaki","http://localhost:3000/media/wp-uploads/2024/02/ao-bao-ho-rs-taichi-rsj729-drymaster-kompass-all-season-khaki3.jpg","113250"
"ao-boa-ho-RS-TAICHI-RSJ339-MILES-01-1.jpg","Sản phẩm / TAICHI","ảnh cận cảnh tay áo khoác TAICHI màu kaki","http://localhost:3000/media/migration/wordpress/74/7447a5325ff28fd544baccd84e465a9eede8360d88d3a93af6c8b7b5d93e7bf0/ao-boa-ho-RS-TAICHI-RSJ339-MILES-01-1.jpg","100476"
"ao-boa-ho-RS-TAICHI-RSJ339-MILES-02-1.jpg","Sản phẩm / Chưa rõ hãng","người mẫu mặc áo khoác dáng sơ mi màu nâu không rõ hãng","http://localhost:3000/media/migration/wordpress/7e/7e12c7dbb9c965e708ffedf33b6f585479389ea15564e1ddb6a1465b6db343b0/ao-boa-ho-RS-TAICHI-RSJ339-MILES-02-1.jpg","93672"
"ao-boa-ho-RS-TAICHI-RSJ339-MILES-03-1.jpg","Sản phẩm / TAICHI","áo khoác TAICHI màu kaki nhìn từ sau","http://localhost:3000/media/migration/wordpress/82/82fa003026dc2ef797c75e6c4dfe12192bf56015906255599dca1163aabf2559/ao-boa-ho-RS-TAICHI-RSJ339-MILES-03-1.jpg","81294"
"ao-boa-ho-RS-TAICHI-RSJ339-MILES-04-1.jpg","Sản phẩm / TAICHI","người mẫu mặc áo khoác TAICHI màu kaki","http://localhost:3000/media/migration/wordpress/f3/f3fc2ee63650b539153601d75bc3b5b948b15c36609c1dac1b76351f0a4d047a/ao-boa-ho-RS-TAICHI-RSJ339-MILES-04-1.jpg","67424"
"ao-boa-ho-RS-TAICHI-RSJ339-MILES-05-1.jpg","Sản phẩm / TAICHI","người mẫu mặc áo khoác TAICHI màu kaki","http://localhost:3000/media/migration/wordpress/ce/ce65d0c28711528b58c48e6e353dac08258d48d1b29d1bd1a30ff3a16845096f/ao-boa-ho-RS-TAICHI-RSJ339-MILES-05-1.jpg","77562"
"ao-boa-ho-RS-TAICHI-RSJ339-MILES-1.jpg","Sản phẩm / TAICHI","người mẫu mặc áo khoác TAICHI màu kaki","http://localhost:3000/media/migration/wordpress/cd/cdb932d3057b534957dd333641543694b12dbd78e31336ded40ac1b107208c23/ao-boa-ho-RS-TAICHI-RSJ339-MILES-1.jpg","189544"
"AO-GIAP-BAO-HO-AIRY-MAN-CHO-MUA-HE-LY-TUONG-01-1.jpg","Sản phẩm / Chưa rõ hãng","áo khoác bảo hộ màu đen chụp sản phẩm","http://localhost:3000/media/wp-uploads/2025/08/AO-GIAP-BAO-HO-AIRY-MAN-CHO-MUA-HE-LY-TUONG-01-1.jpg","99345"
"AO-GIAP-BAO-HO-AIRY-MAN-CHO-MUA-HE-LY-TUONG-02.jpg","Sản phẩm / LS2","áo khoác bảo hộ LS2 màu đen nhìn phía sau","http://localhost:3000/media/wp-uploads/2025/08/AO-GIAP-BAO-HO-AIRY-MAN-CHO-MUA-HE-LY-TUONG-02.jpg","95031"
"AO-GIAP-BAO-HO-KOMINE-JK1143-01.jpg","Sản phẩm / KOMINE","áo khoác có mũ KOMINE màu đen","http://localhost:3000/media/wp-uploads/2024/09/AO-GIAP-BAO-HO-KOMINE-JK1143-01.jpg","97961"
"AO-GIAP-BAO-HO-KOMINE-JK1143-02.jpg","Sản phẩm / KOMINE","áo khoác KOMINE màu đen nhìn từ sau","http://localhost:3000/media/wp-uploads/2024/09/AO-GIAP-BAO-HO-KOMINE-JK1143-02.jpg","84117"
"ao-giap-bao-ho-touring-scoyco-JK112-05-1.jpg","Sản phẩm / Chưa rõ hãng","áo khoác bảo hộ màu đen chụp xa","http://localhost:3000/media/migration/wordpress/1e/1e7f1056c1e31cc82044011787081145ac6007f72cefddf1a635aaa22c33bb0c/ao-giap-bao-ho-touring-scoyco-JK112-05-1.jpg","990"
"ao-giap-bao-ho-touring-scoyco-JK112-05.jpg","Sản phẩm / SPYKE","áo khoác bảo hộ SPYKE xám đen","http://localhost:3000/media/migration/wordpress/47/47567661e4f959e213e6610b2ef547b8cb25cc770242d6da0adbfd7d2d8d6631/ao-giap-bao-ho-touring-scoyco-JK112-05.jpg","49188"
"ao-giap-bao-ho-touring-scoyco-JK112-06-1.jpg","Sản phẩm / Chưa rõ hãng","áo khoác SCOYCO màu xám đen nhìn phía sau","http://localhost:3000/media/migration/wordpress/32/3237c8541270da4b160df5e336dd2763761dbe16f3032afde82e1422524e3f05/ao-giap-bao-ho-touring-scoyco-JK112-06-1.jpg","45393"
"ao-giap-bao-ho-touring-scoyco-JK112-Grey-01-2-1.jpg","Sản phẩm / DAINESE","cận cảnh logo và chất liệu quần áo DAINESE","http://localhost:3000/media/migration/wordpress/f0/f083dc3b424e7de5e4b3ad551a10f5b3a89edf288199caf1fb2cf919628b5847/ao-giap-bao-ho-touring-scoyco-JK112-Grey-01-2-1.jpg","137302"
"ao-giap-bao-ho-touring-scoyco-JK112-Grey-02-2-150x150.jpg","Sản phẩm / Chưa rõ hãng","cận cảnh túi và dải phản quang trên vải","http://localhost:3000/media/migration/wordpress/48/483ccb88b8d6884ce623394aabdc9e318c7089aad3aee4f0463e15df803b10d8/ao-giap-bao-ho-touring-scoyco-JK112-Grey-02-2-150x150.jpg","5359"
"ao-giap-bao-ho-touring-scoyco-JK112-Grey-03-1.jpg","Sản phẩm / Chưa rõ hãng","cận cảnh dây dán cổ tay áo khoác trắng","http://localhost:3000/media/migration/wordpress/04/04898217c1e609cc762df2cc37fea360eb4ec3750888a75933ac13bbb06ba4fd/ao-giap-bao-ho-touring-scoyco-JK112-Grey-03-1.jpg","87693"
"ao-giap-bao-ho-touring-scoyco-JK112-Grey-05-1.jpg","Sản phẩm / Chưa rõ hãng","lớp lót giữ ấm bên trong áo khoác SCOYCO","http://localhost:3000/media/migration/wordpress/f0/f037b8648cf2fe01e8bb37f3c7e1b5d6b63afb8809c524c811ded7d0254237d7/ao-giap-bao-ho-touring-scoyco-JK112-Grey-05-1.jpg","46874"
"ao-giap-bao-ho-touring-scoyco-JK112-Grey-06-1.jpg","Sản phẩm / Chưa rõ hãng","cận cảnh cổ áo khoác bảo hộ màu trắng đen","http://localhost:3000/media/migration/wordpress/5d/5dc947e88f49f6040b8092154e55f318f492ee14b1ebaff0ae2bb9cdf2d3084f/ao-giap-bao-ho-touring-scoyco-JK112-Grey-06-1.jpg","102987"
"AO-KHOAC-BAO-HO-KOMINE-JK-177-DANH-CHO-NAM-NU-01-1.jpg","Sản phẩm / KOMINE","áo khoác lưới KOMINE màu đen","http://localhost:3000/media/wp-uploads/2025/04/AO-KHOAC-BAO-HO-KOMINE-JK-177-DANH-CHO-NAM-NU-01-1.jpg","73104"
"AO-KHOAC-BAO-HO-KOMINE-JK-177-DANH-CHO-NAM-NU-02-1.jpg","Sản phẩm / KOMINE","mặt sau áo khoác bảo hộ KOMINE màu đen","http://localhost:3000/media/wp-uploads/2025/04/AO-KHOAC-BAO-HO-KOMINE-JK-177-DANH-CHO-NAM-NU-02-1.jpg","69428"
"AO-KHOAC-BAO-HO-KOMINE-JK-177-DANH-CHO-NAM-NU-03-1.jpg","Sản phẩm / KOMINE","áo khoác KOMINE kèm các miếng giáp","http://localhost:3000/media/wp-uploads/2025/04/AO-KHOAC-BAO-HO-KOMINE-JK-177-DANH-CHO-NAM-NU-03-1.jpg","96734"
"AO-LOT-THUN-LANH-MAC-TRONG-AO-BAO-HO-TAICHI-RSU329-06.jpg","Sản phẩm / TAICHI","áo giữ nhiệt dài tay TAICHI màu đen","http://localhost:3000/media/wp-uploads/2024/11/AO-LOT-THUN-LANH-MAC-TRONG-AO-BAO-HO-TAICHI-RSU329-06.jpg","33648"
"AO-LOT-THUN-LANH-MAC-TRONG-AO-BAO-HO-TAICHI-RSU329-07.jpg","Sản phẩm / Chưa rõ hãng","áo lót COOL RIDE dài tay màu đen","http://localhost:3000/media/wp-uploads/2024/11/AO-LOT-THUN-LANH-MAC-TRONG-AO-BAO-HO-TAICHI-RSU329-07.jpg","38653"
"AO-LS2-RIVA-MAN-yellow-01.png","Sản phẩm / LS2","áo khoác bảo hộ LS2 màu xám xanh","http://localhost:3000/media/wp-uploads/2022/12/AO-LS2-RIVA-MAN-yellow-01.png","1266950"
"ao-mua-givi-prs04-axny.jpg","Sản phẩm / GIVI","bộ áo mưa GIVI màu vàng phản quang","http://localhost:3000/media/wp-uploads/2019/05/ao-mua-givi-prs04-axny.jpg","159668"
"AO-NAM-NU-TAICHI-RSJ729-DRYMASTER-KOMPASS-ALL-SEASON-01.jpg","Sản phẩm / TAICHI","áo khoác bảo hộ TAICHI màu xám","http://localhost:3000/media/wp-uploads/2024/02/AO-NAM-NU-TAICHI-RSJ729-DRYMASTER-KOMPASS-ALL-SEASON-01.jpg","59371"
"AO-NAM-NU-TAICHI-RSJ729-DRYMASTER-KOMPASS-ALL-SEASON-02.jpg","Sản phẩm / TAICHI","áo khoác bảo hộ TAICHI màu xám nhìn phía sau","http://localhost:3000/media/wp-uploads/2024/02/AO-NAM-NU-TAICHI-RSJ729-DRYMASTER-KOMPASS-ALL-SEASON-02.jpg","52888"
"AO-NAM-NU-TAICHI-RSJ729-DRYMASTER-KOMPASS-ALL-SEASON-03.jpg","Sản phẩm / TAICHI","áo khoác bảo hộ mô tô TAICHI màu đen","http://localhost:3000/media/wp-uploads/2024/02/AO-NAM-NU-TAICHI-RSJ729-DRYMASTER-KOMPASS-ALL-SEASON-03.jpg","53648"
"AO-NAM-NU-TAICHI-RSJ729-DRYMASTER-KOMPASS-ALL-SEASON-04.jpg","Sản phẩm / TAICHI","áo khoác bảo hộ TAICHI màu đen nhìn từ sau","http://localhost:3000/media/wp-uploads/2024/02/AO-NAM-NU-TAICHI-RSJ729-DRYMASTER-KOMPASS-ALL-SEASON-04.jpg","50067"
"AO-NAM-NU-TAICHI-RSJ729-DRYMASTER-KOMPASS-ALL-SEASON-05.jpg","Sản phẩm / Chưa rõ hãng","áo khoác bảo hộ RICHA màu nâu đen","http://localhost:3000/media/wp-uploads/2024/02/AO-NAM-NU-TAICHI-RSJ729-DRYMASTER-KOMPASS-ALL-SEASON-05.jpg","67328"
"AO-NAM-NU-TAICHI-RSJ729-DRYMASTER-KOMPASS-ALL-SEASON-06.jpg","Sản phẩm / TAICHI","áo khoác TAICHI màu kaki đen nhìn phía sau","http://localhost:3000/media/wp-uploads/2024/02/AO-NAM-NU-TAICHI-RSJ729-DRYMASTER-KOMPASS-ALL-SEASON-06.jpg","58944"
"AO-NAM-NU-TAICHI-RSJ729-DRYMASTER-KOMPASS-ALL-SEASON-07.jpg","Sản phẩm / TAICHI","áo khoác đi tour TAICHI màu đen","http://localhost:3000/media/wp-uploads/2024/02/AO-NAM-NU-TAICHI-RSJ729-DRYMASTER-KOMPASS-ALL-SEASON-07.jpg","55722"
"AO-NAM-NU-TAICHI-RSJ729-DRYMASTER-KOMPASS-ALL-SEASON-08.jpg","Sản phẩm / TAICHI","áo khoác TAICHI màu đen nhìn phía sau","http://localhost:3000/media/wp-uploads/2024/02/AO-NAM-NU-TAICHI-RSJ729-DRYMASTER-KOMPASS-ALL-SEASON-08.jpg","50828"
"ao-quan-bao-ho-adv-sahara-vented-1-683x1024.jpg","Sản phẩm / SPYKE","người mẫu mặc bộ đồ bảo hộ SPYKE đen viền vàng","http://localhost:3000/media/migration/wordpress/8b/8b7dfc8868d9e27a0c52bb3aa1f732b6153688df64a4e3d590fcdc6f3a4c28d0/ao-quan-bao-ho-adv-sahara-vented-1-683x1024.jpg","29149"
"ao-quan-bao-ho-adv-sahara-vented-1.jpg","Sản phẩm / SPYKE","người mẫu mặc bộ quần áo bảo hộ SPYKE","http://localhost:3000/media/wp-uploads/2023/10/ao-quan-bao-ho-adv-sahara-vented-1.jpg","132791"
"ao-quan-bao-ho-adv-sahara-vented-2.jpg","Sản phẩm / SPYKE","áo khoác bảo hộ SPYKE đen viền vàng","http://localhost:3000/media/wp-uploads/2023/10/ao-quan-bao-ho-adv-sahara-vented-2.jpg","1179820"
"ao-quan-bao-ho-adv-sahara-vented-3-683x1024.jpg","Sản phẩm / SPYKE","áo giáp bảo hộ lưng SPYKE màu đen","http://localhost:3000/media/migration/wordpress/0d/0daf5ea6ac96146e949dfa531f1a318fb92a46e4ef91c31bb890580e1a313a9b/ao-quan-bao-ho-adv-sahara-vented-3-683x1024.jpg","83108"
"ao-quan-bao-ho-adv-sahara-vented-3.jpg","Sản phẩm / SPYKE","áo giáp bảo hộ lưng SPYKE màu đen","http://localhost:3000/media/wp-uploads/2023/10/ao-quan-bao-ho-adv-sahara-vented-3.jpg","566523"
"ao-quan-bao-ho-adv-sahara-vented-4.jpg","Sản phẩm / SPYKE","cận cảnh áo khoác bảo hộ SPYKE đen vàng","http://localhost:3000/media/wp-uploads/2023/10/ao-quan-bao-ho-adv-sahara-vented-4.jpg","80703"
"ao-quan-bao-ho-adv-sahara-vented-icon-70-70.webp","Sản phẩm / Chưa rõ hãng","ảnh thu nhỏ áo khoác bảo hộ màu đen","http://localhost:3000/media/uploads/1a64f465-fb49-4901-aaf0-9e7d0f5b39fd/ao-quan-bao-ho-adv-sahara-vented-icon-70-70.webp","2598"
"ao-quan-bao-ho-mo-to-bigbike-banner-share.jpg","Banner","banner quảng cáo áo quần bảo hộ mô tô","http://localhost:3000/media/uploads/6d9ecfdc-b7f8-44b3-9c26-834990f8008c/ao-quan-bao-ho-mo-to-bigbike-banner-share.jpg","98209"
"ao-quan-moto-phuot-adventure-spyke-compass-men-trang-do-lifestyle-bigbike-shop.webp","Ảnh minh hoạ","người đi mô tô đứng cạnh xe trên đường đèo","http://localhost:3000/media/uploads/5b726ebe-705e-452f-b580-8c95733d04ea/ao-quan-moto-phuot-adventure-spyke-compass-men-trang-do-lifestyle-bigbike-shop.webp","357740"
"AO-TOURING-ANDES-V3-DRYSTAR-01.png","Sản phẩm / Chưa rõ hãng","áo khoác Alpinestars màu đen nhìn phía sau","http://localhost:3000/media/migration/wordpress/dc/dc7620facab484c5c35023ef3f9435427e9b4b8e6d6a1d5bc7f350b04033643d/AO-TOURING-ANDES-V3-DRYSTAR-01.png","542054"
"AO-TOURING-ANDES-V3-DRYSTAR-02.jpg","Sản phẩm / Chưa rõ hãng","áo khoác bảo hộ màu xanh đen ảnh kích thước rất nhỏ","http://localhost:3000/media/migration/wordpress/4e/4ea68419e073def297025c47de1c9e6440271918f28b17f1381237724b480c6d/AO-TOURING-ANDES-V3-DRYSTAR-02.jpg","2474"
"AO-TOURING-ANDES-V3-DRYSTAR-02.png","Sản phẩm / Chưa rõ hãng","áo khoác bảo hộ Alpinestars xanh đen","http://localhost:3000/media/migration/wordpress/89/89cab6505311a9955f3b132cf5e65664778fc9f5147d67433b05a6324b0b3cb3/AO-TOURING-ANDES-V3-DRYSTAR-02.png","505464"
"AO-TOURING-ANDES-V3-DRYSTAR-03.jpg","Sản phẩm / Chưa rõ hãng","ảnh thu nhỏ áo khoác bảo hộ màu đen","http://localhost:3000/media/migration/wordpress/fa/fa3a68d7a4e585dbf6dbffb20940c016dd8ef0190834d62c84f5a83fc4da6a29/AO-TOURING-ANDES-V3-DRYSTAR-03.jpg","2014"
"AO-TOURING-ANDES-V3-DRYSTAR-03.png","Sản phẩm / Chưa rõ hãng","áo khoác bảo hộ Alpinestars màu đen","http://localhost:3000/media/migration/wordpress/d4/d4c0cef3009e984fcfaa7b403ad0050f939a298c85e5e4206feb4ac24f001c17/AO-TOURING-ANDES-V3-DRYSTAR-03.png","558251"
"AO-TOURING-ANDES-V3-DRYSTAR-04.png","Sản phẩm / Chưa rõ hãng","áo khoác bảo hộ Alpinestars xanh đen nhìn phía sau","http://localhost:3000/media/migration/wordpress/5e/5e7d55bb8bc4a45019872329360724be9683e6446a002a2d37c7092909290fac/AO-TOURING-ANDES-V3-DRYSTAR-04.png","466391"
"ao-touring-bao-ho-moto-di-phuot-alpinestars-chinh-hang-andes-v3-drystar-red.jpg","Sản phẩm / Chưa rõ hãng","áo khoác bảo hộ Alpinestars màu đen đỏ","http://localhost:3000/media/migration/wordpress/8b/8b94348d485e54968c570c9e6972047fb33376505cfd46c613c8cc299ad6d597/ao-touring-bao-ho-moto-di-phuot-alpinestars-chinh-hang-andes-v3-drystar-red.jpg","599795"
"Ao-touring-chong-nuoc.jpg","Sản phẩm / LS2","áo khoác bảo hộ LS2 trắng xám xanh","http://localhost:3000/media/wp-uploads/2026/03/Ao-touring-chong-nuoc.jpg","27439"
"AO-TOURING-SCOYCO-JK122-HOT-STONE-01.png","Sản phẩm / Chưa rõ hãng","áo khoác bảo hộ mô tô màu đen xám","http://localhost:3000/media/migration/wordpress/34/34d0dd1c3aedd2fa3d3a449c7217abdff8cd3cbf1447ab31b27a862e2dc328e9/AO-TOURING-SCOYCO-JK122-HOT-STONE-01.png","616822"
"ao-tui-khi-helite.png","Sản phẩm / Chưa rõ hãng","áo phản quang bảo hộ màu vàng đen","http://localhost:3000/media/wp-uploads/2020/08/ao-tui-khi-helite.png","157095"
"asdrftyu.png","Sản phẩm / Chưa rõ hãng","camera hành trình S12 hai ống kính","http://localhost:3000/media/wp-uploads/2024/10/asdrftyu.png","30415"
"avg_background.jpg","Ảnh minh hoạ","ảnh nghệ thuật đen trắng xe mô tô","http://localhost:3000/media/wp-uploads/2020/06/avg_background.jpg","44093"
"balo_ch_ng_n_c_givi_pbp01_30l-02.png","Sản phẩm / GIVI","balo chống nước GIVI 30 lít màu đen","http://localhost:3000/media/migration/wordpress/e3/e391327402d41de0266f0d253443d0bd0ef8d14bfba207ec42e500496dff1be9/balo_ch_ng_n_c_givi_pbp01_30l-02.png","189133"
"balo_ch_ng_n_c_givi_pbp01_30l-03.png","Sản phẩm / Chưa rõ hãng","balo chống nước dung tích lớn màu đen","http://localhost:3000/media/migration/wordpress/7d/7d83d8f202be99af90b951949c6fa6ad4110175e1df5f3f3da51a3e2f7ba5738/balo_ch_ng_n_c_givi_pbp01_30l-03.png","161355"
"balo_givi_cit03__3_.jpg","Sản phẩm / Chưa rõ hãng","túi cuộn miệng dạng trụ màu đen","http://localhost:3000/media/uploads/519fa299-8f00-4a2b-8cc7-c14ca443d0f6/balo_givi_cit03__3_.jpg","171741"
"balo_givi_rbp03__1_.png","Sản phẩm / Chưa rõ hãng","bộ biểu tượng thông số túi chống nước 15 lít không rõ hãng","http://localhost:3000/media/uploads/5daefb58-e51b-4dff-b239-0de3c2270b00/balo_givi_rbp03__1_.png","52382"
"balo_givi_rbp03__3_.jpg","Sản phẩm / GIVI","ba lô GIVI họa tiết rằn ri","http://localhost:3000/media/uploads/99828b53-654c-4e21-8815-883c19c413eb/balo_givi_rbp03__3_.jpg","121599"
"balo_phuot.png","Ảnh minh hoạ","hình vẽ balo chống nước","http://localhost:3000/media/uploads/e4f9221d-4088-46c8-812a-5befcb846c68/balo_phuot.png","52482"
"balo_t_i__eo.png","Danh mục","biểu tượng danh mục bình nước","http://localhost:3000/media/uploads/077efef9-758b-4be9-ad55-f08f9c02233a/balo_t_i__eo.png","1002"
"BALO-CHONG-NUOC-di-mo-to-phuot-Givi-PBP01.jpg","Sản phẩm / GIVI","người đeo ba lô chống nước GIVI 30 lít","http://localhost:3000/media/migration/wordpress/26/269809c66a1070390deeff1a6bdeda091f04bd7da17e4949265e8aa7e17caa86/BALO-CHONG-NUOC-di-mo-to-phuot-Givi-PBP01.jpg","97264"
"Balo-di-mo-to-phuot-Kriega-R20.jpg","Sản phẩm / Chưa rõ hãng","balo KRIEGA R20 màu đen","http://localhost:3000/media/wp-uploads/2026/01/Balo-di-mo-to-phuot-Kriega-R20.jpg","55257"
"balo-du-lich-sieu-nhe-chong-nuoc.jpg","Ảnh minh hoạ","ảnh minh họa bài viết về ba lô du lịch chống nước","http://localhost:3000/media/wp-uploads/2026/01/balo-du-lich-sieu-nhe-chong-nuoc.jpg","386238"
"balo-du-lich-sieu-nhe-la-gi.jpg","Sản phẩm / Chưa rõ hãng","balo bảo hộ màu đen vàng phản quang","http://localhost:3000/media/wp-uploads/2026/01/balo-du-lich-sieu-nhe-la-gi.jpg","35229"
"balo-du-lich-sieu-nhe.jpg","Sản phẩm / Chưa rõ hãng","hệ dây đeo lưng của balo KRIEGA","http://localhost:3000/media/wp-uploads/2026/01/balo-du-lich-sieu-nhe.jpg","30531"
"balo-moto-phuot-givi-ea104c.jpg","Sản phẩm / Chưa rõ hãng","ba lô mô tô Kriega màu đen","http://localhost:3000/media/wp-uploads/2026/01/balo-moto-phuot-givi-ea104c.jpg","307909"
"balo-moto-phuot-givi-rbp02-chong-nuoc.jpg","Sản phẩm / GIVI","túi cuộn miệng GIVI màu xám đen","http://localhost:3000/media/wp-uploads/2026/01/balo-moto-phuot-givi-rbp02-chong-nuoc.jpg","24341"
"BALO-MOTO-PHUOT-KOMINE-SA-200-01.jpg","Sản phẩm / KOMINE","balo cuộn chống nước KOMINE 30 lít","http://localhost:3000/media/wp-uploads/2024/10/BALO-MOTO-PHUOT-KOMINE-SA-200-01.jpg","68427"
"BALO-MOTO-PHUOT-KOMINE-SA-200-02.jpg","Sản phẩm / Chưa rõ hãng","balo cuộn miệng màu đen","http://localhost:3000/media/wp-uploads/2024/10/BALO-MOTO-PHUOT-KOMINE-SA-200-02.jpg","55493"
"BALO-MOTO-PHUOT-KOMINE-SA-200-04.jpg","Sản phẩm / Chưa rõ hãng","balo cuộn chống nước màu đen nhìn phía sau","http://localhost:3000/media/wp-uploads/2024/10/BALO-MOTO-PHUOT-KOMINE-SA-200-04.jpg","56286"
"BALO-MOTO-PHUOT-KOMINE-SA-200-05.jpg","Sản phẩm / Chưa rõ hãng","balo cuộn miệng màu xanh rêu","http://localhost:3000/media/wp-uploads/2024/10/BALO-MOTO-PHUOT-KOMINE-SA-200-05.jpg","51004"
"BALO-MOTO-PHUOT-KOMINE-SA-200-06.jpg","Sản phẩm / Chưa rõ hãng","balo cuộn chống nước màu xanh rêu","http://localhost:3000/media/wp-uploads/2024/10/BALO-MOTO-PHUOT-KOMINE-SA-200-06.jpg","69379"
"balo-phu-hop-di-trekking.jpg","Sản phẩm / Chưa rõ hãng","ba lô mô tô Kriega không có thư mục hãng","http://localhost:3000/media/wp-uploads/2026/01/balo-phu-hop-di-trekking.jpg","76419"
"Balo-RS-Taichi-RSB283-WP-CARGO-green.png","Sản phẩm / TAICHI","túi đeo hông TAICHI màu xanh đen","http://localhost:3000/media/wp-uploads/2022/12/Balo-RS-Taichi-RSB283-WP-CARGO-green.png","75486"
"Balo-RS-Taichi-RSB283-WP-CARGO-red.png","Sản phẩm / TAICHI","túi đeo hông TAICHI màu đen đỏ","http://localhost:3000/media/wp-uploads/2022/12/Balo-RS-Taichi-RSB283-WP-CARGO-red.png","60607"
"Balo-RS-Taichi-RSB283-WP-CARGO-White-2.png","Sản phẩm / TAICHI","túi đeo hông TAICHI màu đen","http://localhost:3000/media/wp-uploads/2022/12/Balo-RS-Taichi-RSB283-WP-CARGO-White-2.png","61654"
"balo-taichi-thumbnail.jpg","Sản phẩm / TAICHI","túi hành lý TAICHI màu đen","http://localhost:3000/media/wp-uploads/2024/05/balo-taichi-thumbnail.jpg","29550"
"Ban-sao-cua-N1-1-scaled.jpg","Sản phẩm / NIC","ảnh mô tả thông số mũ bảo hiểm carbon NIC","http://localhost:3000/media/migration/wordpress/ce/ce0f8ce7c653017f39627f8b7fb514fe5d1c31f3014b00926df7859a50c7f007/Ban-sao-cua-N1-1-scaled.jpg","232058"
"Bang-size-Giay-Nam-LS2-1-400x400-2.jpg","Sản phẩm / LS2","bảng kích thước giày bảo hộ LS2","http://localhost:3000/media/wp-uploads/2025/10/Bang-size-Giay-Nam-LS2-1-400x400-2.jpg","20716"
"banner-ao-bao-ho-moto-phuot-komine-jk185-mau-olive-chong-nuoc-nhe-chup-tai-bigbike-shop.webp","Sản phẩm / Chưa rõ hãng","ảnh giới thiệu tính năng bộ đồ touring màu kaki","http://localhost:3000/media/uploads/659acd51-44e9-4a16-9c45-1f658fed2de8/banner-ao-bao-ho-moto-phuot-komine-jk185-mau-olive-chong-nuoc-nhe-chup-tai-bigbike-shop.webp","361216"
"banner-ao-bao-ho-moto-phuot-komine-jk185-mau-xanh-navy-chong-nuoc-nhe-chup-tai-bigbike-shop.webp","Sản phẩm / KOMINE","ảnh thông số khả năng chống nước của áo KOMINE","http://localhost:3000/media/uploads/f2bbe1ad-48b1-4bf5-9832-3dc7e09e6706/banner-ao-bao-ho-moto-phuot-komine-jk185-mau-xanh-navy-chong-nuoc-nhe-chup-tai-bigbike-shop.webp","371068"
"banner-ao-bao-ho-moto-phuot-komine-jk185-mau-xanh-navy-chong-nuoc-nhe-dang-ao-parka-chup-tai-bigbike-shop.webp","Sản phẩm / Chưa rõ hãng","ảnh thông số áo khoác dáng parka màu xám","http://localhost:3000/media/uploads/6fecfa04-4d67-48a6-8bf4-39a490c74b96/banner-ao-bao-ho-moto-phuot-komine-jk185-mau-xanh-navy-chong-nuoc-nhe-dang-ao-parka-chup-tai-bigbike-shop.webp","326054"
"banner-ao-bao-ho-moto-phuot-komine-jk185-mau-xanh-navy-chong-nuoc-nhe-giap-level-2-chup-tai-bigbike-shop.webp","Sản phẩm / Chưa rõ hãng","ảnh thông số bộ giáp bảo hộ CE Level 2 không rõ hãng","http://localhost:3000/media/uploads/ddd6627b-2ee5-4f10-bd58-70a8fbbe2f0a/banner-ao-bao-ho-moto-phuot-komine-jk185-mau-xanh-navy-chong-nuoc-nhe-giap-level-2-chup-tai-bigbike-shop.webp","326732"
"banner-giay-bao-ho-moto-bigbike-facebook-zalo-1200x630-logo-chinh-thuc.jpg","Banner","ảnh quảng cáo giày bảo hộ mô tô","http://localhost:3000/media/uploads/391dfeeb-79e4-4d01-8f39-90d159309743/banner-giay-bao-ho-moto-bigbike-facebook-zalo-1200x630-logo-chinh-thuc.jpg","147991"
"banner-hevik-tai-shop-bigbike.png","Banner","banner giới thiệu dòng đồ bảo hộ HEVIK","http://localhost:3000/media/uploads/f26d5db3-bc32-4366-a424-0cc0d28f13d8/banner-hevik-tai-shop-bigbike.png","2431529"
"banner-hevik-tai-shop-bigbike.png","Banner","banner quảng bá đồ bảo hộ HEVIK","http://localhost:3000/media/uploads/59f8dfa8-5efc-4c1c-85b0-9c4b2d650733/banner-hevik-tai-shop-bigbike.png","2675239"
"BCK_of600_2416C2-F65FB2-4D1C6D-E64FBC-D979DB-7530BA-711x400-1.jpg","Sản phẩm / LS2","mũ bảo hiểm nửa đầu LS2 nhiều màu","http://localhost:3000/media/migration/wordpress/51/518d77f06c522e2db3a2840c428bf0fbcf556b900deeeb8537e77af555846e3f/BCK_of600_2416C2-F65FB2-4D1C6D-E64FBC-D979DB-7530BA-711x400-1.jpg","19761"
"BCK_of600_47A386-114CAC-C37766-FBE66E-7E73BC-099FC6-400x400-1.jpg","Sản phẩm / Chưa rõ hãng","chi tiết khóa cài màu đỏ trên đồ bảo hộ","http://localhost:3000/media/migration/wordpress/75/75e086c9d7aa02205dd4357134b61e0a2cbf1ee0c279a8d777f8f54f671ec63d/BCK_of600_47A386-114CAC-C37766-FBE66E-7E73BC-099FC6-400x400-1.jpg","21750"
"BCK_of600_4A13DE-60E74E-8E3C4C-55874C-9700E2-E2B5BE-400x400-1.png","Sản phẩm / LS2","mũ bảo hiểm lật hàm LS2 màu đen","http://localhost:3000/media/migration/wordpress/a3/a3c7cc3951c7185ac8e6e1d9022d0e991e8ca23887dfd2b7e673a55db1b98a7c/BCK_of600_4A13DE-60E74E-8E3C4C-55874C-9700E2-E2B5BE-400x400-1.png","57259"
"BCK_of600_BF16F1-9F59DB-6DC2FA-D9B6E5-A47A3B-5A8411-400x400-1.png","Sản phẩm / LS2","mũ bảo hiểm ba phần tư LS2 màu đen","http://localhost:3000/media/migration/wordpress/9e/9e980769b4151604bf49083e6d557699b366744def43f24fd1b6478153518bd6/BCK_of600_BF16F1-9F59DB-6DC2FA-D9B6E5-A47A3B-5A8411-400x400-1.png","63675"
"BENELLI-RFS150i_background.jpg","Ảnh minh hoạ","người chạy mô tô thể thao với lớp màu đỏ","http://localhost:3000/media/wp-uploads/2020/06/BENELLI-RFS150i_background.jpg","35651"
"bigbike-chuyen-cung-cap-balo-du-lich.jpg","Sản phẩm / Chưa rõ hãng","người đeo balo ngụy trang ngoài trời","http://localhost:3000/media/wp-uploads/2026/01/bigbike-chuyen-cung-cap-balo-du-lich.jpg","78569"
"binh-xit-khu-mui-mu-bao-hiem-chuyen-dung.jpg","Sản phẩm / Chưa rõ hãng","bộ dung dịch vệ sinh và khử mùi mũ bảo hiểm","http://localhost:3000/media/wp-uploads/2026/05/binh-xit-khu-mui-mu-bao-hiem-chuyen-dung.jpg","50432"
"black-white.jpg","Sản phẩm / TAICHI","giày bảo hộ TAICHI màu đen đỏ","http://localhost:3000/media/wp-uploads/2024/09/black-white.jpg","132348"
"black.jpg","Sản phẩm / TAICHI","quần bảo hộ TAICHI màu đen","http://localhost:3000/media/uploads/cd8d3db3-f569-4b66-9f07-7130784108d4/black.jpg","110435"
"BREEZE-MAN-1.png","Sản phẩm / LS2","áo khoác bảo hộ lưới LS2 màu trắng đen","http://localhost:3000/media/wp-uploads/2026/06/BREEZE-MAN-1.png","1595601"
"BREEZE-MAN.png","Sản phẩm / LS2","áo khoác lưới bảo hộ LS2 màu đen","http://localhost:3000/media/wp-uploads/2026/06/BREEZE-MAN.png","762669"
"BzH3gRQ3pybXKX9rbTfUXSnjmsz1hg.jpeg","Sản phẩm / ILM","ảnh thông số khả năng chống nước giày ILM","http://localhost:3000/media/wp-uploads/2025/09/BzH3gRQ3pybXKX9rbTfUXSnjmsz1hg.jpeg","155534"
"Caberg_Drift-Evo-II_Carbon_031.jpg","Ảnh minh hoạ","người đội mũ fullface ngoài đường","http://localhost:3000/media/wp-uploads/2026/01/Caberg_Drift-Evo-II_Carbon_031.jpg","21497"
"Caberg_Drift-Evo-II_Carbon_062.jpg","Ảnh minh hoạ","người đội mũ bảo hiểm ngồi trên xe mô tô","http://localhost:3000/media/wp-uploads/2026/01/Caberg_Drift-Evo-II_Carbon_062.jpg","89490"
"caberg-01.jpg","Thương hiệu","logo thương hiệu Caberg","http://localhost:3000/media/wp-uploads/2024/08/caberg-01.jpg","8913"
"CABERG-AVALON-X-BLACK-WHITE-09.jpg","Sản phẩm / Caberg","mũ bảo hiểm Caberg họa tiết mặt quỷ","http://localhost:3000/media/migration/wordpress/9f/9ff85ade2859c8a33ea2ef2062f8d469ec657c83edb5b034f3c88a5122824713/CABERG-AVALON-X-BLACK-WHITE-09.jpg","105395"
"CABERG-AVALON-X-BLUE-YELLOW-21.jpg","Sản phẩm / Caberg","mũ bảo hiểm Caberg Avalon xanh vàng","http://localhost:3000/media/migration/wordpress/03/0341052bcb7ee9619f241ea0c0aac18408fd074e4ec4c2e78bde2d530593703c/CABERG-AVALON-X-BLUE-YELLOW-21.jpg","94708"
"CABERG-AVALON-X-YELLOW-05.jpg","Sản phẩm / Caberg","mũ bảo hiểm CABERG xám vàng","http://localhost:3000/media/migration/wordpress/49/4957bd6bfd62932df7634032821fe7f9e73920571ee36d4108f2795ab1e5bbf9/CABERG-AVALON-X-YELLOW-05.jpg","105039"
"CABERG-Avalon-X.png","Sản phẩm / Caberg","mũ bảo hiểm fullface CABERG màu đỏ đen","http://localhost:3000/media/wp-uploads/2024/10/CABERG-Avalon-X.png","65860"
"cac-loai-mu-bao-hiem-xe-may-thumbnail.jpg","Sản phẩm / Chưa rõ hãng","bốn kiểu mũ bảo hiểm đặt cạnh nhau","http://localhost:3000/media/wp-uploads/2026/04/cac-loai-mu-bao-hiem-xe-may-thumbnail.jpg","15352"
"Cach-chon-balo-phuot-Thumbnail.jpg","Sản phẩm / GIVI","balo chống nước GIVI màu xám","http://localhost:3000/media/wp-uploads/2026/03/Cach-chon-balo-phuot-Thumbnail.jpg","36268"
"cach-giat-giay-bao-ho.jpg","Sản phẩm / Chưa rõ hãng","ảnh hướng dẫn sáu bước giặt giày bảo hộ","http://localhost:3000/media/wp-uploads/2026/06/cach-giat-giay-bao-ho.jpg","51372"
"cach-lap-camera-hanh-trinh-len-mu-bao-hiem-thumbnail.jpg","Sản phẩm / SCS","hai người đội mũ bảo hiểm gắn bộ đàm SCS","http://localhost:3000/media/wp-uploads/2024/05/cach-lap-camera-hanh-trinh-len-mu-bao-hiem-thumbnail.jpg","52426"
"camera-giam-sat-hanh-trinh-scs-cam-s-bo-phu-kien.webp","Sản phẩm / SCS","bộ camera và phụ kiện gắn mũ SCS","http://localhost:3000/media/uploads/7884892f-f1c3-4a1d-9238-b9d5f2c6f431/camera-giam-sat-hanh-trinh-scs-cam-s-bo-phu-kien.webp","190244"
"camera-giam-sat-hanh-trinh-scs-cam-s-gan-tren-xe-infomation.webp","Sản phẩm / Chưa rõ hãng","ảnh minh hoạ tính năng camera hành trình xe máy","http://localhost:3000/media/uploads/2cd9d0a8-e1d0-484f-b9c0-0de038e24bc6/camera-giam-sat-hanh-trinh-scs-cam-s-gan-tren-xe-infomation.webp","2031516"
"camera-giam-sat-hanh-trinh-scs-cam-s-gan-tren-xe-infomation.webp","Sản phẩm / Chưa rõ hãng","ảnh thông số camera hành trình gắn xe","http://localhost:3000/media/uploads/8622bb82-a30e-4e58-8069-2ae313985509/camera-giam-sat-hanh-trinh-scs-cam-s-gan-tren-xe-infomation.webp","239464"
"camera-giam-sat-hanh-trinh-scs-cam-s-gan-tren-xe-pg1-mat-truoc.webp","Sản phẩm / Chưa rõ hãng","camera hành trình gắn trên ghi đông","http://localhost:3000/media/uploads/a7b280e6-988a-4828-8703-b07020d45483/camera-giam-sat-hanh-trinh-scs-cam-s-gan-tren-xe-pg1-mat-truoc.webp","198044"
"CAMERA-HANH-TRINH-GAN-XE-GAN-MU-BAO-HIEM-SCS-CAM-S-01.jpg","Sản phẩm / Chưa rõ hãng","camera hành trình màu trắng đen","http://localhost:3000/media/migration/wordpress/79/79e83ab2b9789d0bbcc65acf4ba6825ba2c891f7bf01dbe239146f727121fd43/CAMERA-HANH-TRINH-GAN-XE-GAN-MU-BAO-HIEM-SCS-CAM-S-01.jpg","23960"
"cascva.png","Sản phẩm / GIVI","bộ áo mưa GIVI màu đen","http://localhost:3000/media/wp-uploads/2024/10/cascva.png","44184"
"chart-altl-taichi.jpg","Sản phẩm / TAICHI","sơ đồ đo kích thước áo dài tay TAICHI","http://localhost:3000/media/wp-uploads/2024/11/chart-altl-taichi.jpg","39105"
"chart-qltl-taichi.jpg","Sản phẩm / Chưa rõ hãng","bảng kích thước sản phẩm nền trắng","http://localhost:3000/media/wp-uploads/2024/11/chart-qltl-taichi.jpg","40094"
"chat-lieu-bao-ve-an-toan.png","Sản phẩm / Chưa rõ hãng","ảnh cận cảnh mũ bảo hiểm POC màu đen","http://localhost:3000/media/migration/wordpress/03/03150a3ae0f4831758a77fa6061b6c59368bb2ea9e942b1c77e41481166e9f57/chat-lieu-bao-ve-an-toan.png","1727154"
"chatgpt_image_10_49_19_28_thg_7__2026.png","Sản phẩm / KOMINE","ảnh thông số khả năng chống nước của áo KOMINE","http://localhost:3000/media/uploads/9633aafc-54b2-42ed-ae49-f36e41e620a1/chatgpt_image_10_49_19_28_thg_7__2026.png","2355466"
"chatgpt_image_10_53_25_28_thg_7__2026.png","Sản phẩm / KOMINE","ảnh thông số khả năng chống nước áo KOMINE","http://localhost:3000/media/uploads/b103264a-0737-4541-b8da-9f1d039682d7/chatgpt_image_10_53_25_28_thg_7__2026.png","2465743"
"chatgpt_image_12_30_22_12_thg_7__2026__2_.webp","Sản phẩm / ILM","người đội mũ bảo hiểm phong cách cổ điển ILM","http://localhost:3000/media/uploads/996dbd29-5a48-410b-bd18-292099f10e08/chatgpt_image_12_30_22_12_thg_7__2026__2_.webp","50406"
"chatgpt_image_19_04_22_27_thg_7__2026.png","Sản phẩm / SPYKE","áo khoác bảo hộ SPYKE màu đen","http://localhost:3000/media/uploads/916e0e19-04f4-4185-abc6-cba1ac411486/chatgpt_image_19_04_22_27_thg_7__2026.png","1558614"
"chatgpt_image_19_14_22_27_thg_7__2026.png","Sản phẩm / Chưa rõ hãng","quần bảo hộ mô tô màu đen có dải phản quang","http://localhost:3000/media/uploads/3a58ecec-9285-42af-9583-675d48d35b7d/chatgpt_image_19_14_22_27_thg_7__2026.png","1255811"
"chatgpt_image_19_16_45_27_thg_7__2026.png","Sản phẩm / SPYKE","quần bảo hộ mô tô SPYKE màu đen","http://localhost:3000/media/uploads/60778b25-fdf0-499e-af1a-b338194f398c/chatgpt_image_19_16_45_27_thg_7__2026.png","1282568"
"chatgpt_image_19_19_04_27_thg_7__2026.png","Sản phẩm / SPYKE","áo khoác SPYKE đen vàng","http://localhost:3000/media/uploads/1272129b-aed9-4016-8268-a12a45ea35ea/chatgpt_image_19_19_04_27_thg_7__2026.png","1497178"
"chatgpt_image_19_21_29_27_thg_7__2026.png","Sản phẩm / SPYKE","áo khoác bảo hộ SPYKE màu xám đen","http://localhost:3000/media/uploads/0f045d0f-acf2-461a-8985-d22bcc09d4db/chatgpt_image_19_21_29_27_thg_7__2026.png","1832875"
"cinta-mediana-color-negropng-1529954557474_f841346e82ac4d1696f2ddc14dce7697_master.webp","Sản phẩm / ROK Straps","bộ dây chằng hành lý ROK Straps trong bao bì","http://localhost:3000/media/wp-uploads/2024/10/cinta-mediana-color-negropng-1529954557474_f841346e82ac4d1696f2ddc14dce7697_master.webp","30288"
"co-nen-di-phuot-bang-xe-tay-ga-thumbnail.jpg","Ảnh minh hoạ","người chạy xe tay ga trên đường ven biển","http://localhost:3000/media/wp-uploads/2024/03/co-nen-di-phuot-bang-xe-tay-ga-thumbnail.jpg","48265"
"Codex Image Aug 27, 2026, 08_06_44 PM.png","Sản phẩm / Chưa rõ hãng","hình vẽ cấu tạo giá đỡ điện thoại gắn xe","http://localhost:3000/media/uploads/64894f0f-a7e1-4489-b034-0aa508482279/codex_image_aug_27__2026__08_06_44_pm.png","271457"
"Codex Image Aug 28, 2026, 10_31_25 AM.png","Sản phẩm / Chưa rõ hãng","sơ đồ các miếng giáp bảo hộ","http://localhost:3000/media/uploads/cd1d8d18-f0f2-43c3-8d76-b76b432e162b/codex_image_aug_28__2026__10_31_25_am.png","860608"
"Codex Image Aug 29, 2026, 08_30_21 PM.png","Sản phẩm / Chưa rõ hãng","hình vẽ giá đỡ điện thoại gắn ghi đông","http://localhost:3000/media/uploads/e6a304b6-935f-4f4c-bb8f-142754eb070a/codex_image_aug_29__2026__08_30_21_pm.png","1117034"
"Codex Image Aug 29, 2026, 08_39_02 PM.png","Sản phẩm / Chưa rõ hãng","hình vẽ giá đỡ điện thoại gắn ghi đông","http://localhost:3000/media/uploads/f1876a07-d61d-42fd-b4c7-3fd57826bbf8/codex_image_aug_29__2026__08_39_02_pm.png","1409671"
"Codex Image Aug 29, 2026, 09_46_56 PM.png","Banner","ảnh banner đỏ người đi mô tô trên đường ven biển","http://localhost:3000/media/uploads/2366e50d-8c64-4608-b930-84a434c1fe8e/codex_image_aug_29__2026__09_46_56_pm.png","1892127"
"cycle-world_rsb279-11_1.jpeg","Sản phẩm / TAICHI","túi đeo hông TAICHI màu đen","http://localhost:3000/media/wp-uploads/2022/12/cycle-world_rsb279-11_1.jpeg","32589"
"d1_rsc120bk01_23ss.jpg","Sản phẩm / TAICHI","cận cảnh nhãn TAICHI trên đồ bảo hộ","http://localhost:3000/media/wp-uploads/2024/07/d1_rsc120bk01_23ss.jpg","339941"
"d30e9e9f96a9992e1c732e21e0eacb15.jpg","Thương hiệu","logo thương hiệu KEWIG","http://localhost:3000/media/wp-uploads/2026/05/d30e9e9f96a9992e1c732e21e0eacb15.jpg","15832"
"dab35f5b-62a7-40a9-ac51-5b5892403ee2.webp","Sản phẩm / Chưa rõ hãng","quần bảo hộ màu xanh rêu","http://localhost:3000/media/uploads/c4b97d58-6e1d-443e-876e-0c9f93b950a3/dab35f5b-62a7-40a9-ac51-5b5892403ee2.webp","64736"
"Day-Rang-Hanh-Ly-ROK-Straps-Heavy-Duty-Max-1500mm-01-1.jpg","Sản phẩm / ROK Straps","bộ dây chằng ROK Straps nguyên bao bì","http://localhost:3000/media/wp-uploads/2024/10/Day-Rang-Hanh-Ly-ROK-Straps-Heavy-Duty-Max-1500mm-01-1.jpg","90687"
"Day-Rang-Hanh-Ly-ROK-Straps-Heavy-Duty-Max-1500mm-02.jpg","Sản phẩm / ROK Straps","bộ dây chằng hành lý ROK Straps trong bao bì","http://localhost:3000/media/wp-uploads/2024/10/Day-Rang-Hanh-Ly-ROK-Straps-Heavy-Duty-Max-1500mm-02.jpg","134036"
"Day-Rang-Hanh-Ly-ROK-Straps-Heavy-Duty-Max-1500mm-03.jpg","Sản phẩm / ROK Straps","bộ dây chằng hành lý ROK Straps","http://localhost:3000/media/wp-uploads/2024/10/Day-Rang-Hanh-Ly-ROK-Straps-Heavy-Duty-Max-1500mm-03.jpg","109067"
"DAY-RANG-ROK-STRAPS-MEDIUM-DUTY-106CM-03.jpg","Sản phẩm / ROK Straps","bộ dây chằng ROK Straps nguyên bao bì","http://localhost:3000/media/wp-uploads/2024/10/DAY-RANG-ROK-STRAPS-MEDIUM-DUTY-106CM-03.jpg","92439"
"DAY-RANG-ROKSTRAPS-CO-GIAN-COMMUTER-STRETCH-STRAP-720-MM-03.jpg","Sản phẩm / ROK Straps","dây chằng hành lý ROK Straps còn nguyên bao bì","http://localhost:3000/media/wp-uploads/2024/10/DAY-RANG-ROKSTRAPS-CO-GIAN-COMMUTER-STRETCH-STRAP-720-MM-03.jpg","96109"
"de-giay-ls2-do-den-anh-vuong-1800.jpg","Sản phẩm / LS2","cận cảnh đế giày bảo hộ LS2 đỏ đen","http://localhost:3000/media/uploads/f4f737e8-4371-4d58-94d4-76c7418d751a/de-giay-ls2-do-den-anh-vuong-1800.jpg","1104480"
"dfgh.png","Sản phẩm / Chưa rõ hãng","mũ trùm đầu và cổ màu đen","http://localhost:3000/media/wp-uploads/2024/10/dfgh.png","35384"
"di-phuot-1-minh.webp","Ảnh minh hoạ","người lái mô tô trên đường đèo","http://localhost:3000/media/wp-uploads/2022/11/di-phuot-1-minh.webp","58594"
"do-bao-ho-xe-tay-con-thumbnail.jpg","Ảnh minh hoạ","hai người lái mô tô trên đường đèo","http://localhost:3000/media/wp-uploads/2024/03/do-bao-ho-xe-tay-con-thumbnail.jpg","88625"
"driving-green-neon-color-motorcycle-road-1.jpg","Ảnh minh hoạ","người chạy mô tô thể thao trên đường","http://localhost:3000/media/wp-uploads/2020/11/driving-green-neon-color-motorcycle-road-1.jpg","137001"
"DSC06530-576x1024.jpg","Ảnh minh hoạ","người đội mũ ngồi trên xe mô tô Ducati","http://localhost:3000/media/migration/wordpress/e5/e5cfc7c184296568e27646b8630152bad41c0f58cdd604843834eebe4220c8da/DSC06530-576x1024.jpg","180231"
"DSC06530-scaled.jpg","Ảnh minh hoạ","người lái mô tô Ducati đỏ trước tranh tường","http://localhost:3000/media/wp-uploads/2026/02/DSC06530-scaled.jpg","661049"
"DSC06992-1024x576.jpg","Ảnh minh hoạ","người đi mô tô đứng trước tường vàng","http://localhost:3000/media/migration/wordpress/3e/3e79d4ad6301533c2ec3b5c4bc219afcc200e0d4c8e293936939d6257d561ec6/DSC06992-1024x576.jpg","134583"
"DSC06992-scaled.jpg","Ảnh minh hoạ","người đi mô tô trước quán cà phê","http://localhost:3000/media/wp-uploads/2026/02/DSC06992-scaled.jpg","485547"
"DSC07064-scaled.jpg","Sản phẩm / ILM","mũ bảo hiểm ILM màu xám đặt cạnh người mẫu","http://localhost:3000/media/wp-uploads/2026/02/DSC07064-scaled.jpg","367446"
"DSC09759-1.jpg","Ảnh minh hoạ","người cầm mũ bảo hiểm bên xe mô tô","http://localhost:3000/media/migration/wordpress/83/83127f7c364f1cb49042db16ae7b11b5adb25cb46066fc213f6d007c556998b8/DSC09759-1.jpg","155859"
"e5REiHtDp2DEXm7Aj8OqC48vVj1yTR.jpeg","Sản phẩm / ILM","người mang giày bảo hộ ILM đen trắng","http://localhost:3000/media/wp-uploads/2025/09/e5REiHtDp2DEXm7Aj8OqC48vVj1yTR.jpeg","208870"
"eagle_gray.jpg","Sản phẩm / Chưa rõ hãng","quần bảo hộ màu xám đen không rõ hãng","http://localhost:3000/media/uploads/d1db601a-efbf-4490-aa01-e48d1a59b2b0/eagle_gray.jpg","124609"
"EBC-WS902_11_13_240x240.avif","Sản phẩm / LS2","cận cảnh khóa quai mũ bảo hiểm LS2","http://localhost:3000/media/wp-uploads/2026/03/EBC-WS902_11_13_240x240.avif","11376"
"EBC-WS902_11_15_240x240.avif","Sản phẩm / Chưa rõ hãng","bộ đệm giáp màu xanh đậm","http://localhost:3000/media/wp-uploads/2026/03/EBC-WS902_11_15_240x240.avif","5073"
"ety.png","Sản phẩm / Chưa rõ hãng","túi hành lý gắn xe dạng cuộn màu đen","http://localhost:3000/media/wp-uploads/2024/10/ety.png","56430"
"f33e0540-1fec-4a2d-8cd1-b1b665d010ca.png","Sản phẩm / AGV","mặt sau mũ bảo hiểm AGV màu đen","http://localhost:3000/media/wp-uploads/2026/04/f33e0540-1fec-4a2d-8cd1-b1b665d010ca.png","518745"
"Forma-Ground-Dry-Black-Camo.jpg","Sản phẩm / Chưa rõ hãng","giày mô tô màu đen nhìn nghiêng","http://localhost:3000/media/migration/wordpress/72/728298d84347406405ce2f312444e12ca772a383ff69bd352574c35a57e5e608/Forma-Ground-Dry-Black-Camo.jpg","1424"
"Forma-Ground-Dry-Black-Camo.png","Sản phẩm / Chưa rõ hãng","đôi giày mô tô cổ cao màu đen xám","http://localhost:3000/media/migration/wordpress/12/128ebaab8d678b87be063d8b239867ee299cbd87bb92747b5e86adf621b55e0c/Forma-Ground-Dry-Black-Camo.png","99365"
"Forma-Ground-Dry-Black-Grey-01-02.png","Sản phẩm / Chưa rõ hãng","mặt sau giày bảo hộ cổ cao màu đen","http://localhost:3000/media/migration/wordpress/d2/d24d6799811a2f6f59d306cdf9170223f7b45b43c060823b7604930fa1aeccc7/Forma-Ground-Dry-Black-Grey-01-02.png","69438"
"Forma-Ground-Dry-Black-Grey-01-03.png","Sản phẩm / Chưa rõ hãng","giày mô tô cổ cao màu đen xám","http://localhost:3000/media/migration/wordpress/81/81c1c58a5b8e9b5e44b19cf52dc597ecf4b9be1f1621910b2166e667fbb7d180/Forma-Ground-Dry-Black-Grey-01-03.png","110580"
"Forma-Ground-Dry-Black-Grey-01.jpg","Sản phẩm / Chưa rõ hãng","giày mô tô màu đen nhìn nghiêng","http://localhost:3000/media/migration/wordpress/cb/cb5903d838a46cbab83264516178cfdad83b358f7f68f77aa6896057ccd40fb4/Forma-Ground-Dry-Black-Grey-01.jpg","1311"
"Forma-Ground-Dry-Black-Grey-01.png","Sản phẩm / Chưa rõ hãng","đôi giày mô tô cổ cao màu đen xám","http://localhost:3000/media/migration/wordpress/0c/0c18423fa56bb9bb4a20c83ea129926c3f28426aa900e79f51d3c1a5e1328aea/Forma-Ground-Dry-Black-Grey-01.png","84013"
"Fullface-ls2-ff805-carbon-thunder-racing-solid-01.jpg","Sản phẩm / LS2","mũ bảo hiểm fullface carbon LS2 nhìn phía sau","http://localhost:3000/media/migration/wordpress/d8/d8119b89d425af49e547d99324570b5785e8fb98261298982d9191c900a1b8b0/Fullface-ls2-ff805-carbon-thunder-racing-solid-01.jpg","69371"
"Fullface-ls2-ff805-carbon-thunder-racing-solid-02.jpg","Sản phẩm / LS2","mũ bảo hiểm LS2 carbon màu đen","http://localhost:3000/media/migration/wordpress/3d/3ddd582c5902af5b228246a46de9e3845474d7b933ceb5514e2ab674a7465c3b/Fullface-ls2-ff805-carbon-thunder-racing-solid-02.jpg","43265"
"Fullface-ls2-ff805-carbon-thunder-racing-solid-03.jpg","Sản phẩm / Chưa rõ hãng","lớp lót bên trong mũ bảo hiểm","http://localhost:3000/media/migration/wordpress/82/827cca8292e22882c616ba1b9ea4a5845f0587208590196ac2ff68e42bb4602b/Fullface-ls2-ff805-carbon-thunder-racing-solid-03.jpg","45755"
"Fullface-ls2-ff805-carbon-thunder-racing-solid-04.jpg","Sản phẩm / LS2","mũ bảo hiểm fullface carbon LS2","http://localhost:3000/media/migration/wordpress/0d/0d1cce5b0439040089320327ae1e57c3af0690cf7d025960253c9ceae9727c11/Fullface-ls2-ff805-carbon-thunder-racing-solid-04.jpg","48595"
"Fullface-ls2-ff805-carbon-thunder-racing-solid-05.jpg","Sản phẩm / Chưa rõ hãng","mũ bảo hiểm fullface màu đen","http://localhost:3000/media/migration/wordpress/b1/b1881d0cf80959d0ce380dab9f411ab7c8a10686f9fd7dae3f4333e58ede528b/Fullface-ls2-ff805-carbon-thunder-racing-solid-05.jpg","959"
"Fullface-ls2-ff805-carbon-thunder-racing-solid.jpg","Sản phẩm / LS2","mũ bảo hiểm fullface carbon LS2","http://localhost:3000/media/migration/wordpress/28/28a2b90eb4104f07dc4f63a77feecf94ff047ec6d02f45ee6568037f2b6fbfb6/Fullface-ls2-ff805-carbon-thunder-racing-solid.jpg","39236"
"fullface-LS2-FF805-thunder-carbon-green-01.jpg","Sản phẩm / Caberg","mũ bảo hiểm Caberg fullface xanh vàng","http://localhost:3000/media/migration/wordpress/94/941c48e5c3dee6f12e6a806e1146f5fbac4d1a76d259bcde95f9f9f6db2d634b/fullface-LS2-FF805-thunder-carbon-green-01.jpg","70440"
"fullface-LS2-FF805-thunder-carbon-green-02-1.jpg","Sản phẩm / LS2","mũ bảo hiểm LS2 xanh vàng họa tiết carbon","http://localhost:3000/media/migration/wordpress/91/91656328211b63c2934f339c5aa5bee10adea439251af14144e558e730a96e2b/fullface-LS2-FF805-thunder-carbon-green-02-1.jpg","68579"
"fullface-LS2-FF805-thunder-carbon-green-02-2.jpg","Sản phẩm / Chưa rõ hãng","ảnh thu nhỏ mũ bảo hiểm xanh vàng","http://localhost:3000/media/migration/wordpress/26/26465c66f8fa89e22cfa79390af4a7dc8457b6f9b3540d0c71414217a018d1b4/fullface-LS2-FF805-thunder-carbon-green-02-2.jpg","1231"
"fullface-LS2-FF805-thunder-carbon-green-03-1.jpg","Sản phẩm / LS2","mũ bảo hiểm fullface carbon LS2 màu xanh vàng","http://localhost:3000/media/migration/wordpress/51/515b7020141c9d4530a9e7800f8258166ae63c9e8f48c2eb2bcb4a3005cebab0/fullface-LS2-FF805-thunder-carbon-green-03-1.jpg","65368"
"fullface-LS2-FF805-thunder-carbon-green-04-1.jpg","Sản phẩm / LS2","mũ bảo hiểm LS2 Thunder carbon xanh vàng","http://localhost:3000/media/migration/wordpress/ec/ec83b04ec70f0a9ecd2406308449d072e7f104b0f02b33ea8e3128c417f27e39/fullface-LS2-FF805-thunder-carbon-green-04-1.jpg","70868"
"fullface-LS2-FF805-thunder-carbon-green-06-1.jpg","Sản phẩm / LS2","mũ bảo hiểm cả đầu LS2 xanh trắng vàng","http://localhost:3000/media/migration/wordpress/cf/cfb29414a8096272ae7e03648a017a081c05a9617db835b8642f81d25d2bea55/fullface-LS2-FF805-thunder-carbon-green-06-1.jpg","71019"
"fullface-LS2-FF805-thunder-carbon-red-01.jpg","Sản phẩm / LS2","mũ bảo hiểm LS2 đỏ đen nhìn từ sau","http://localhost:3000/media/migration/wordpress/42/42c5062c766e4e2eb28de399bc83aa59f58cdfd5d7eca4b51adf3d1a509d7260/fullface-LS2-FF805-thunder-carbon-red-01.jpg","76720"
"fullface-LS2-FF805-thunder-carbon-red-02-1-1.jpg","Sản phẩm / Chưa rõ hãng","mũ bảo hiểm cả đầu đỏ đen ảnh độ phân giải thấp","http://localhost:3000/media/migration/wordpress/e8/e8722797e1961b088a4c8ff5132c41c84f0b168fc490e69d8c30c5aa6ecff79c/fullface-LS2-FF805-thunder-carbon-red-02-1-1.jpg","1140"
"fullface-LS2-FF805-thunder-carbon-red-02-1.jpg","Sản phẩm / LS2","mũ bảo hiểm cả đầu LS2 đỏ đen bạc","http://localhost:3000/media/migration/wordpress/c2/c23650899dcbcd1b5a49285d9316241d7b01e50ded90d7a2e2df45190c77b72e/fullface-LS2-FF805-thunder-carbon-red-02-1.jpg","72950"
"fullface-LS2-FF805-thunder-carbon-red-03-1.jpg","Sản phẩm / LS2","mũ bảo hiểm cả đầu LS2 carbon đỏ trắng","http://localhost:3000/media/migration/wordpress/17/170f9fa0250ea9895a1cbda11ef132aa9fcc0ffa7e4831a3fd895bfece568989/fullface-LS2-FF805-thunder-carbon-red-03-1.jpg","73518"
"fullface-LS2-FF805-thunder-carbon-red-04-1.jpg","Sản phẩm / LS2","mặt sau mũ bảo hiểm LS2 Thunder Carbon đỏ đen","http://localhost:3000/media/migration/wordpress/1e/1e471135a697582e93f243edf93f7987e395e3dfee097bbe0d5ba951f829d3f3/fullface-LS2-FF805-thunder-carbon-red-04-1.jpg","75218"
"fullface-LS2-FF805-thunder-carbon-red-06-1.jpg","Sản phẩm / LS2","mũ bảo hiểm LS2 Thunder carbon đỏ đen nhìn phía sau","http://localhost:3000/media/migration/wordpress/be/be681e3d5afa5a61d23532189e41d0c530f77296e70316e70d2e3d9e2e98d624/fullface-LS2-FF805-thunder-carbon-red-06-1.jpg","65574"
"fullface-LS2-FF805-thunder-carbon-red-07-01-1.jpg","Sản phẩm / LS2","mũ bảo hiểm LS2 fullface đen đỏ nhìn chính diện","http://localhost:3000/media/migration/wordpress/51/516ae212b674c7f90ec95aa471e586014ddd3857be372d274e68b0e88505b2f0/fullface-LS2-FF805-thunder-carbon-red-07-01-1.jpg","64432"
"GANG-HONDA-GP-PLUS-R-V2-01-2-1.png","Sản phẩm / Chưa rõ hãng","găng tay Alpinestars đỏ đen","http://localhost:3000/media/migration/wordpress/69/699e8d55f8d27e2dedb12c92bd238293f4120e43ca67ddea665492b8f232afb4/GANG-HONDA-GP-PLUS-R-V2-01-2-1.png","353273"
"Gang-tay-bao-ho-di-mo-to-xe-may-phuot-KOMINE-GK-242-7.jpg","Sản phẩm / Chưa rõ hãng","găng tay cụt ngón màu đen không rõ hãng","http://localhost:3000/media/wp-uploads/2024/03/Gang-tay-bao-ho-di-mo-to-xe-may-phuot-KOMINE-GK-242-7.jpg","73566"
"Gang-tay-bao-ho-di-mo-to-xe-may-phuot-KOMINE-GK-242-8.jpg","Sản phẩm / Chưa rõ hãng","găng tay cụt ngón SCOYCO màu đen đỏ","http://localhost:3000/media/wp-uploads/2024/03/Gang-tay-bao-ho-di-mo-to-xe-may-phuot-KOMINE-GK-242-8.jpg","282111"
"gang-tay-bao-ho-ls2-ray-lady-2.jpeg","Sản phẩm / Chưa rõ hãng","cận cảnh lớp lưới thoáng khí của đồ bảo hộ","http://localhost:3000/media/wp-uploads/2024/01/gang-tay-bao-ho-ls2-ray-lady-2.jpeg","189112"
"gang-tay-bao-ho-ls2-ray-lady-3.jpeg","Sản phẩm / Chưa rõ hãng","cận cảnh lòng găng tay cảm ứng màu đen không rõ hãng","http://localhost:3000/media/wp-uploads/2024/01/gang-tay-bao-ho-ls2-ray-lady-3.jpeg","104411"
"gang-tay-cut-ngon-bao-ho-moto-xe-may-phuot-chinh-hang-Komine-GK-259-black.jpg","Sản phẩm / KOMINE","găng tay bảo hộ KOMINE","http://localhost:3000/media/wp-uploads/2022/03/gang-tay-cut-ngon-bao-ho-moto-xe-may-phuot-chinh-hang-Komine-GK-259-black.jpg","88691"
"gang-tay-cut-ngon-bao-ho-moto-xe-may-phuot-chinh-hang-Komine-GK-259-red-01-1.jpg","Sản phẩm / KOMINE","găng tay KOMINE màu đen xám","http://localhost:3000/media/wp-uploads/2022/03/gang-tay-cut-ngon-bao-ho-moto-xe-may-phuot-chinh-hang-Komine-GK-259-red-01-1.jpg","88060"
"gang-tay-cut-ngon-bao-ho-moto-xe-may-phuot-chinh-hang-Komine-GK-259-white-01-1.jpg","Sản phẩm / KOMINE","găng tay bảo hộ KOMINE màu trắng đen","http://localhost:3000/media/wp-uploads/2022/03/gang-tay-cut-ngon-bao-ho-moto-xe-may-phuot-chinh-hang-Komine-GK-259-white-01-1.jpg","85812"
"Gang-tay-da-bao-ho-di-mo-to-phuot-Alpinestars-Honda-GP-Plus-R-V2-01.jpg","Sản phẩm / Chưa rõ hãng","găng tay Alpinestars không có thư mục hãng","http://localhost:3000/media/migration/wordpress/e0/e038c99dd581468ce4fb1b7773d8be3f1ed67f2c09cde47de1d80f5f858cfce7/Gang-tay-da-bao-ho-di-mo-to-phuot-Alpinestars-Honda-GP-Plus-R-V2-01.jpg","101625"
"Gang-tay-da-bao-ho-di-mo-to-phuot-Alpinestars-Honda-GP-Plus-R-V2-02.jpg","Sản phẩm / Chưa rõ hãng","găng tay dài Alpinestars nhiều màu","http://localhost:3000/media/migration/wordpress/73/73a60541460a10185afe5004cc5e3155c999f1dc6429b559cca3bb0104fac3d1/Gang-tay-da-bao-ho-di-mo-to-phuot-Alpinestars-Honda-GP-Plus-R-V2-02.jpg","110834"
"Gang-tay-da-bao-ho-di-mo-to-phuot-Alpinestars-Stella-SP8-V-3-01-1.jpg","Sản phẩm / Chưa rõ hãng","găng tay bảo hộ dài màu đen không rõ hãng","http://localhost:3000/media/migration/wordpress/0d/0dcb639909efe8b4aa685b5116543038c65a1731ee13d5d1db661933d93e6f92/Gang-tay-da-bao-ho-di-mo-to-phuot-Alpinestars-Stella-SP8-V-3-01-1.jpg","101733"
"Gang-tay-da-bao-ho-di-mo-to-phuot-Alpinestars-Stella-SP8-V-3-02-1.jpg","Sản phẩm / Chưa rõ hãng","găng tay bảo hộ cổ dài màu đen","http://localhost:3000/media/migration/wordpress/7f/7fc7bdacae38e4c9407f8d91205d3c423b417defba89080bfc87d5d3c3d545e7/Gang-tay-da-bao-ho-di-mo-to-phuot-Alpinestars-Stella-SP8-V-3-02-1.jpg","100709"
"gang-tay-ls2-all-terrain-ii-6.jpg","Sản phẩm / TAICHI","người lái xe đeo găng tay TAICHI đen vàng","http://localhost:3000/media/wp-uploads/2025/10/gang-tay-ls2-all-terrain-ii-6.jpg","155844"
"GANG-TAY-LS2-ALL-TERRAIN-II-MAN-01.jpg","Sản phẩm / LS2","găng tay lưới LS2 màu đen","http://localhost:3000/media/wp-uploads/2025/10/GANG-TAY-LS2-ALL-TERRAIN-II-MAN-01.jpg","82792"
"GANG-TAY-LS2-ALL-TERRAIN-II-MAN-02.jpg","Sản phẩm / Chưa rõ hãng","găng tay bảo hộ màu đen chụp lòng bàn tay","http://localhost:3000/media/wp-uploads/2025/10/GANG-TAY-LS2-ALL-TERRAIN-II-MAN-02.jpg","60972"
"gang-tay-ls2-feng-racing-01-2.jpg","Sản phẩm / Chưa rõ hãng","ảnh thu nhỏ găng tay bảo hộ dài đen đỏ không rõ hãng","http://localhost:3000/media/migration/wordpress/f4/f41af0e81e267eefddf5a4f87787726504e46072e9d422a4a08ed33c04fd356a/gang-tay-ls2-feng-racing-01-2.jpg","3449"
"gang-tay-ls2-feng-racing-01.jpg","Sản phẩm / Chưa rõ hãng","găng tay mô tô dài cổ màu đen đỏ","http://localhost:3000/media/migration/wordpress/92/92a2e10208222aded92eb274c384d7c433d2034c9a7ba7065cb33b4750fac737/gang-tay-ls2-feng-racing-01.jpg","92387"
"gang-tay-ls2-feng-racing-02.jpg","Sản phẩm / LS2","găng tay LS2 cổ dài màu đỏ đen","http://localhost:3000/media/migration/wordpress/27/27557fe4af33226b92291d283fc1b5ab4595b11b8781710e36f29a38b3809239/gang-tay-ls2-feng-racing-02.jpg","127463"
"gang-tay-ls2-feng-racing-03.jpg","Sản phẩm / Chưa rõ hãng","cặp găng tay mô tô dài cổ màu đen đỏ","http://localhost:3000/media/migration/wordpress/33/33e0058c22b40346510d4f110161e04491d7f350e7cdee9411f3635dc323fc64/gang-tay-ls2-feng-racing-03.jpg","87559"
"gang-tay-ls2-feng-racing-04.jpg","Sản phẩm / LS2","đôi găng tay bảo hộ LS2 đen đỏ","http://localhost:3000/media/migration/wordpress/86/86a4de241794eec56909701bd65622d65a8d26e36ea726e96e470116dc21505b/gang-tay-ls2-feng-racing-04.jpg","82388"
"gang-tay-ls2-feng-racing-05.jpg","Sản phẩm / Chưa rõ hãng","cặp găng tay mô tô dài cổ màu đen đỏ","http://localhost:3000/media/migration/wordpress/7b/7b949699b93d9c95a1e14533d720055c1425d636200963a46f9e7e99a9786ae9/gang-tay-ls2-feng-racing-05.jpg","97516"
"gang-tay-moto-phuot-cut-ngon-komine-gk242-mau-den-do-chup-long-ban-tay-studio-bigbike-shop.webp","Sản phẩm / Chưa rõ hãng","găng tay bảo hộ cụt ngón màu đen","http://localhost:3000/media/uploads/a16b4959-ca77-4b28-ae80-43cc3bf80492/gang-tay-moto-phuot-cut-ngon-komine-gk242-mau-den-do-chup-long-ban-tay-studio-bigbike-shop.webp","272976"
"gang-tay-moto-phuot-cut-ngon-komine-gk242-mau-den-do-chup-mat-trong-studio-bigbike-shop.webp","Sản phẩm / KOMINE","găng tay hở ngón KOMINE màu đen đỏ","http://localhost:3000/media/uploads/18061fb0-1eb7-423e-8a8e-bb8ff13506b8/gang-tay-moto-phuot-cut-ngon-komine-gk242-mau-den-do-chup-mat-trong-studio-bigbike-shop.webp","292900"
"gang-tay-moto-phuot-cut-ngon-komine-gk242-mau-den-do-studio-bigbike-shop.webp","Sản phẩm / Chưa rõ hãng","găng tay cụt ngón có giáp cứng màu đen","http://localhost:3000/media/uploads/3128cc2c-3c4b-4fd9-a58f-31cd628b9626/gang-tay-moto-phuot-cut-ngon-komine-gk242-mau-den-do-studio-bigbike-shop.webp","278688"
"gang-tay-moto-phuot-cut-ngon-komine-gk242-mau-den-studio-bigbike-shop.webp","Sản phẩm / Chưa rõ hãng","găng tay cụt ngón có giáp cứng màu đen","http://localhost:3000/media/uploads/39e3da58-83a0-4528-9259-7c5990610915/gang-tay-moto-phuot-cut-ngon-komine-gk242-mau-den-studio-bigbike-shop.webp","224294"
"GANG-TAY-MOTO-PHUOT-LS2-RAY-LADY-02.jpg","Sản phẩm / LS2","găng tay lưới LS2 màu đen","http://localhost:3000/media/wp-uploads/2024/01/GANG-TAY-MOTO-PHUOT-LS2-RAY-LADY-02.jpg","63052"
"gang-tay-moto-taichi-rs469-mau-do-camo-studio-chup-tai-shop-bigbike.webp","Sản phẩm / TAICHI","găng tay TAICHI họa tiết xám đen đỏ","http://localhost:3000/media/uploads/f58bd236-c56d-4a35-84bc-383f95bf5eac/gang-tay-moto-taichi-rs469-mau-do-camo-studio-chup-tai-shop-bigbike.webp","272242"
"gang-tay-moto-taichi-rs469-mau-xam-camo-studio-chup-tai-shop-bigbike.webp","Sản phẩm / TAICHI","găng tay TAICHI họa tiết xám đen","http://localhost:3000/media/uploads/eaec2060-9344-48d1-8c9d-971d288194ce/gang-tay-moto-taichi-rs469-mau-xam-camo-studio-chup-tai-shop-bigbike.webp","243364"
"GANG-TAY-STELLA-SP-8-V3-BLACK-01-1-1.png","Sản phẩm / Chưa rõ hãng","găng tay bảo hộ cổ dài màu đen","http://localhost:3000/media/migration/wordpress/28/283680a9773377bfd9d83c082323045798941c70e02374541ac233ecbc86a859/GANG-TAY-STELLA-SP-8-V3-BLACK-01-1-1.png","359968"
"gang-tay-taichi-449-01-1.jpg","Sản phẩm / Chưa rõ hãng","găng tay bảo hộ màu đen","http://localhost:3000/media/migration/wordpress/88/88d6c499974a24433cdc937155f6592308cee2a11b830fa72f749e33105a5215/gang-tay-taichi-449-01-1.jpg","1834"
"gang-tay-taichi-449-01.jpg","Sản phẩm / TAICHI","găng tay bảo hộ TAICHI màu đen","http://localhost:3000/media/wp-uploads/2023/11/gang-tay-taichi-449-01.jpg","68442"
"gang-tay-taichi-449-02.jpg","Sản phẩm / Chưa rõ hãng","cận cảnh lòng bàn tay găng bảo hộ màu đen","http://localhost:3000/media/wp-uploads/2023/11/gang-tay-taichi-449-02.jpg","116123"
"gang-tay-taichi-449-03.jpg","Sản phẩm / TAICHI","găng tay TAICHI DRYMASTER màu đen","http://localhost:3000/media/wp-uploads/2023/11/gang-tay-taichi-449-03.jpg","87430"
"gemini_generated_image_m8tgrem8tgrem8tg.png","Ảnh minh hoạ","ảnh toàn cảnh thành phố và đường ven biển lúc hoàng hôn","http://localhost:3000/media/uploads/5871e324-44ca-4a34-919e-fd935516c645/gemini_generated_image_m8tgrem8tgrem8tg.png","8150487"
"gerdrhh.png","Sản phẩm / Chưa rõ hãng","túi hành lý chống nước màu xám đen","http://localhost:3000/media/wp-uploads/2024/10/gerdrhh.png","42880"
"gi______i_n_tho_i.png","Sản phẩm / Chưa rõ hãng","biểu tượng giá đỡ điện thoại gắn xe","http://localhost:3000/media/uploads/9c6d5866-b7e9-45fc-ad84-5c80c7c744d2/gi______i_n_tho_i.png","222734"
"gi_y_b_o_h__tho_ng_kh_.jpg","Ảnh minh hoạ","hình biểu tượng giày cổ cao","http://localhost:3000/media/uploads/aabfb19c-adbf-43ce-b5cf-47d7c1cf6272/gi_y_b_o_h__tho_ng_kh_.jpg","18103"
"gia-do-dien-thoai-gan-chan-guong-kewig-m36-c2-bo-phu-kien.png","Sản phẩm / Chưa rõ hãng","bộ phụ kiện giá đỡ thiết bị chụp sản phẩm","http://localhost:3000/media/uploads/306d9b3e-bf11-46ed-a839-25fda2dc7611/gia-do-dien-thoai-gan-chan-guong-kewig-m36-c2-bo-phu-kien.png","364118"
"gia-do-dien-thoai-gan-chan-guong-kewig-m36-c2-cum-giam-chan-6-diem.webp","Sản phẩm / Chưa rõ hãng","ảnh minh họa bộ giảm chấn sáu bóng","http://localhost:3000/media/uploads/57ee942b-0377-4c37-9fb6-4b06cb06140c/gia-do-dien-thoai-gan-chan-guong-kewig-m36-c2-cum-giam-chan-6-diem.webp","100166"
"gia-do-dien-thoai-gan-chan-guong-kewig-m36-c2-gan-len-chan-guong-anh-render.png","Sản phẩm / KEWIG","giá đỡ điện thoại KEWIG gắn chân gương","http://localhost:3000/media/uploads/12113094-b3b8-4c3d-9eaa-0909c4199b1c/gia-do-dien-thoai-gan-chan-guong-kewig-m36-c2-gan-len-chan-guong-anh-render.png","855359"
"gia-do-dien-thoai-gan-ghi-dong-xe-may-m36-c1s-gan-tren-xe.webp","Sản phẩm / Chưa rõ hãng","giá đỡ điện thoại gắn ghi đông xe","http://localhost:3000/media/uploads/b227b260-7bdf-4541-a5d4-4d64946dc348/gia-do-dien-thoai-gan-ghi-dong-xe-may-m36-c1s-gan-tren-xe.webp","129830"
"gia-do-dien-thoai-gan-ghi-dong-xe-may-m36-c1s-op-lung-iphone-kewig.png","Sản phẩm / KEWIG","giá đỡ điện thoại KEWIG gắn tay lái","http://localhost:3000/media/uploads/fe82ba99-e45f-485a-8769-7cafb65896e2/gia-do-dien-thoai-gan-ghi-dong-xe-may-m36-c1s-op-lung-iphone-kewig.png","2733687"
"gia-do-dien-thoai-gan-ghi-dong-xe-may-m36-c1s-op-lung-iphone-kewig.webp","Sản phẩm / KEWIG","giá đỡ điện thoại KEWIG gắn ghi đông","http://localhost:3000/media/uploads/9f2d62d5-c051-42e3-ba7d-4951b1fb2496/gia-do-dien-thoai-gan-ghi-dong-xe-may-m36-c1s-op-lung-iphone-kewig.webp","264186"
"gia-do-dien-thoai-gan-ghi-dong-xe-may-m36-c1s-trong-hop-co-nhung-gi.webp","Sản phẩm / Chưa rõ hãng","bộ phụ kiện giá đỡ camera hành trình","http://localhost:3000/media/uploads/3c30fde1-acc6-4eb4-b920-5430ec3891fa/gia-do-dien-thoai-gan-ghi-dong-xe-may-m36-c1s-trong-hop-co-nhung-gi.webp","105850"
"gia-do-dien-thoai-kep-ghidong-kewig-m36-c1s-hop-day-du-mau-den-tai-bigbike-shop.webp","Sản phẩm / KEWIG","bộ giá đỡ điện thoại KEWIG MAG-4","http://localhost:3000/media/uploads/b3e9d940-fc59-4768-967c-747fc2dd7bc9/gia-do-dien-thoai-kep-ghidong-kewig-m36-c1s-hop-day-du-mau-den-tai-bigbike-shop.webp","273774"
"gia-do-dien-thoai-kep-ghidong-kewig-m36-c1s-mau-den-6-diem-chong-rung-tai-bigbike-shop.webp","Sản phẩm / KEWIG","ảnh thông số đệm giảm chấn giá điện thoại KEWIG","http://localhost:3000/media/uploads/17572331-0624-43de-8b2f-5c0fd0c7979b/gia-do-dien-thoai-kep-ghidong-kewig-m36-c1s-mau-den-6-diem-chong-rung-tai-bigbike-shop.webp","331096"
"gia-do-dien-thoai-kep-ghidong-kewig-m36-c1s-mau-den-gan-tr_n-xe-moto-tai-bigbike-shop.webp","Sản phẩm / KEWIG","giá đỡ điện thoại từ tính KEWIG gắn trên xe","http://localhost:3000/media/uploads/358a4aab-7e7c-4e5b-9733-5d1d95687751/gia-do-dien-thoai-kep-ghidong-kewig-m36-c1s-mau-den-gan-tr_n-xe-moto-tai-bigbike-shop.webp","327030"
"gia-do-dien-thoai-kep-ghidong-kewig-m36-c1s-mau-den-tai-bigbike-shop.webp","Sản phẩm / KEWIG","giá đỡ điện thoại KEWIG MAG-4LOCK gắn ghi đông","http://localhost:3000/media/uploads/a8292aaa-64f7-41b1-9ff4-85dcba559fe6/gia-do-dien-thoai-kep-ghidong-kewig-m36-c1s-mau-den-tai-bigbike-shop.webp","177414"
"giap-01.jpg","Sản phẩm / Chưa rõ hãng","giáp bảo hộ chân màu đen","http://localhost:3000/media/migration/wordpress/ed/ed3f257b750845f244c54c047ec04bc54548fd1a76eef19a3165883676872bb8/giap-01.jpg","2182"
"giap-02.png","Sản phẩm / Chưa rõ hãng","ống giáp khuỷu tay màu đen","http://localhost:3000/media/migration/wordpress/bc/bc282eae9b61b24f912e3a20de1dc7c0eebfea8e95497727e76df2c43c1da2e2/giap-02.png","165333"
"GIAP-BAO-HO-D3O-09.jpg","Sản phẩm / Chưa rõ hãng","tấm giáp bảo hộ tổ ong màu cam không rõ hãng","http://localhost:3000/media/wp-uploads/2023/08/GIAP-BAO-HO-D3O-09.jpg","56619"
"GIAP-BAO-HO-D3O-10.jpg","Sản phẩm / Chưa rõ hãng","miếng giáp bảo hộ màu cam","http://localhost:3000/media/wp-uploads/2023/08/GIAP-BAO-HO-D3O-10.jpg","47350"
"GIAP-BAO-HO-D3O-11.jpg","Sản phẩm / Chưa rõ hãng","miếng giáp bảo hộ màu cam","http://localhost:3000/media/wp-uploads/2023/08/GIAP-BAO-HO-D3O-11.jpg","89379"
"GIAP-BAO-HO-D3O-12.jpg","Sản phẩm / Chưa rõ hãng","bộ năm miếng giáp bảo hộ màu cam","http://localhost:3000/media/wp-uploads/2023/08/GIAP-BAO-HO-D3O-12.jpg","114370"
"Giap-bao-ve-goi-di-mo-to-xe-may-phuot-Alpinestars-Aria-Knee-Protector-01-1-01.jpg","Sản phẩm / Chưa rõ hãng","người mang ống giáp gối Alpinestars màu đen","http://localhost:3000/media/migration/wordpress/87/87c365f9e146118cc8e02d3b36869e0abd30afe082f278f3fd02a427508b34c3/Giap-bao-ve-goi-di-mo-to-xe-may-phuot-Alpinestars-Aria-Knee-Protector-01-1-01.jpg","174806"
"Giap-bao-ve-goi-di-mo-to-xe-may-phuot-Alpinestars-Aria-Knee-Protector-02-1.jpg","Sản phẩm / Chưa rõ hãng","giáp bảo vệ khớp Alpinestars","http://localhost:3000/media/migration/wordpress/4d/4daecf61d89fdc6ed3b0f6bbaaf62a70091cd1619dd5b263f094f65b3153c862/Giap-bao-ve-goi-di-mo-to-xe-may-phuot-Alpinestars-Aria-Knee-Protector-02-1.jpg","103196"
"Giap-bao-ve-goi-di-mo-to-xe-may-phuot-Alpinestars-Aria-Knee-Protector-03-1.jpg","Sản phẩm / Chưa rõ hãng","ống bảo hộ khuỷu tay màu đen","http://localhost:3000/media/migration/wordpress/b9/b949577f8cba33dd589099ad1bcc8220ea8319498f6e3c6bb2c2795ecfa52326/Giap-bao-ve-goi-di-mo-to-xe-may-phuot-Alpinestars-Aria-Knee-Protector-03-1.jpg","109198"
"giap-chan-komine-sk-684.jpg","Sản phẩm / KOMINE","cặp giáp gối và ống quyển KOMINE","http://localhost:3000/media/migration/wordpress/6b/6b70c05e3aa7d1ded379791ea1538873cb3c1a24c69130f2f693c17f1817423a/giap-chan-komine-sk-684.jpg","22316"
"giap-chan-komine-sk-6843.jpg","Sản phẩm / Chưa rõ hãng","cặp giáp gối và ống quyển màu đen","http://localhost:3000/media/migration/wordpress/dc/dcdd142403b277c97f613c9c0053c1bec62647cb7de2cf5a1e3e2ec17601bb7a/giap-chan-komine-sk-6843.jpg","24119"
"giap-chan-komine-sk-6844-768x1024.jpg","Sản phẩm / Chưa rõ hãng","người mặc giáp bảo vệ đầu gối và ống chân","http://localhost:3000/media/migration/wordpress/76/76e4a7c5775ffd13caaf6f1d457c7d3340af6d1a3ea080e5f72b33497003b714/giap-chan-komine-sk-6844-768x1024.jpg","74290"
"giap-chan-komine-sk-6844-scaled.jpg","Sản phẩm / KOMINE","người đeo bộ giáp đầu gối KOMINE","http://localhost:3000/media/migration/wordpress/54/549b67340e39db5a570120ecef83ff86c4202480208f7310ae491c1e1c113754/giap-chan-komine-sk-6844-scaled.jpg","244341"
"giap-chan-komine-sk-6846-768x1024.jpg","Sản phẩm / KOMINE","người mẫu mặc quần và giày bảo hộ KOMINE","http://localhost:3000/media/migration/wordpress/bb/bb4eb87bcea5c2da3bf351a2f60f3238e362274924d9c03fe90d717c6f64e71a/giap-chan-komine-sk-6846-768x1024.jpg","91472"
"giap-chan-komine-sk-6846-scaled.jpg","Sản phẩm / KOMINE","người mang giáp gối và ống quyển KOMINE","http://localhost:3000/media/migration/wordpress/03/035239c371acc4ee4ee0300a683b7abae1bdb90418ad6b638d1c1e97df0837d9/giap-chan-komine-sk-6846-scaled.jpg","308390"
"giap-chan-komine-sk-6847-scaled.jpg","Sản phẩm / KOMINE","bộ giáp bảo vệ gối và ống chân KOMINE","http://localhost:3000/media/migration/wordpress/9f/9f35e809618d2c145eaa4264dafd8cc4815065f82fb7841e4a3b6626b6e68a9f/giap-chan-komine-sk-6847-scaled.jpg","205549"
"giap-chan-taichi-TRV0804-1024x620.jpg","Sản phẩm / Chưa rõ hãng","người mẫu mặc quần jean có giáp gối","http://localhost:3000/media/migration/wordpress/98/98c1f050ad7b7a3addeab2f2ce15989ead1357bcebd30a3c6eee0836d4a373ac/giap-chan-taichi-TRV0804-1024x620.jpg","87729"
"GIAP-GOI-KHUYU-TAY-CE-LEVEL-2-KOMINE-SK-835-01.jpg","Sản phẩm / Chưa rõ hãng","miếng giáp lưng màu vàng","http://localhost:3000/media/wp-uploads/2025/05/GIAP-GOI-KHUYU-TAY-CE-LEVEL-2-KOMINE-SK-835-01.jpg","52925"
"GIAP-GOI-KHUYU-TAY-CE-LEVEL-2-KOMINE-SK-835-02.jpg","Sản phẩm / Chưa rõ hãng","cặp miếng giáp bảo hộ màu vàng","http://localhost:3000/media/wp-uploads/2025/05/GIAP-GOI-KHUYU-TAY-CE-LEVEL-2-KOMINE-SK-835-02.jpg","67124"
"GIAP-GOI-KOMINE-SK-825-CE-LEVEL-2-01.jpg","Sản phẩm / Chưa rõ hãng","cặp giáp bảo hộ màu đen vàng","http://localhost:3000/media/migration/wordpress/45/45e7201b07eea321b7d62c35ffc638b6d449cb0d6120aac19c966ea6b0ef0989/GIAP-GOI-KOMINE-SK-825-CE-LEVEL-2-01.jpg","67275"
"giap-goi-komine.jpg","Sản phẩm / Chưa rõ hãng","ảnh mô tả miếng giáp đầu gối trong quần jean","http://localhost:3000/media/wp-uploads/2024/04/giap-goi-komine.jpg","86522"
"GIAP-HONG-KOMINE-CE-LEVEL-2-SK-813-CHO-QUAN-BAO-HO-01.jpg","Sản phẩm / Chưa rõ hãng","cặp giáp bảo hộ màu vàng","http://localhost:3000/media/wp-uploads/2025/02/GIAP-HONG-KOMINE-CE-LEVEL-2-SK-813-CHO-QUAN-BAO-HO-01.jpg","33734"
"GIAP-HONG-KOMINE-CE-LEVEL-2-SK-813-CHO-QUAN-BAO-HO-02.jpg","Sản phẩm / Chưa rõ hãng","cặp tấm giáp màu cam không rõ hãng","http://localhost:3000/media/wp-uploads/2025/02/GIAP-HONG-KOMINE-CE-LEVEL-2-SK-813-CHO-QUAN-BAO-HO-02.jpg","44984"
"giap-hong-taichi-trv086-mat-sau-1-1.jpeg","Sản phẩm / Chưa rõ hãng","cặp đệm giáp hông màu xanh","http://localhost:3000/media/wp-uploads/2024/04/giap-hong-taichi-trv086-mat-sau-1-1.jpeg","183322"
"giap-hong-taichi-trv086-mat-sau-1.jpeg","Sản phẩm / TAICHI","giáp ngực RS TAICHI trong hộp","http://localhost:3000/media/wp-uploads/2024/04/giap-hong-taichi-trv086-mat-sau-1.jpeg","7212"
"giap-hong-taichi-trv086-mau.jpg","Sản phẩm / Chưa rõ hãng","ảnh kích thước bộ giáp bảo vệ hông","http://localhost:3000/media/wp-uploads/2024/04/giap-hong-taichi-trv086-mau.jpg","7213"
"GIAP-LS2.jpg","Sản phẩm / Chưa rõ hãng","bộ giáp gối và giáp hông màu đen","http://localhost:3000/media/migration/wordpress/80/805dbb5fcae7627b71ff47aec9813049b4573a931760161985a8ec594dc0a947/GIAP-LS2.jpg","23722"
"Giap-nguc-roi-RS-Taichi-TRV079-01.jpg","Sản phẩm / Chưa rõ hãng","cặp tấm giáp tổ ong đen vàng không rõ hãng","http://localhost:3000/media/wp-uploads/2024/10/Giap-nguc-roi-RS-Taichi-TRV079-01.jpg","130611"
"GIAY-BAO-HO-ILM-M1005-01-1.jpg","Sản phẩm / Chưa rõ hãng","ảnh thu nhỏ giày bảo hộ màu đen","http://localhost:3000/media/migration/wordpress/a0/a028d3e1d68199416a94fbb6e668a5d5d0a42fbca81b5afa23bc755ab8022280/GIAY-BAO-HO-ILM-M1005-01-1.jpg","1734"
"GIAY-BAO-HO-ILM-M1005-01.jpg","Sản phẩm / Chưa rõ hãng","giày bảo hộ cổ cao màu đen","http://localhost:3000/media/wp-uploads/2025/09/GIAY-BAO-HO-ILM-M1005-01.jpg","62863"
"GIAY-BAO-HO-ILM-M1006-01.jpg","Sản phẩm / ILM","đôi giày mô tô ILM màu đen","http://localhost:3000/media/wp-uploads/2025/09/GIAY-BAO-HO-ILM-M1006-01.jpg","74835"
"GIAY-BAO-HO-ILM-M1006-02-1.jpg","Sản phẩm / Chưa rõ hãng","ảnh thu nhỏ đôi giày bảo hộ màu đen","http://localhost:3000/media/migration/wordpress/ef/ef127fbedd72de443b361a9c5a9e556d83945df1c3704eff6dbcb58c9959c388/GIAY-BAO-HO-ILM-M1006-02-1.jpg","1486"
"GIAY-BAO-HO-ILM-M1006-02.jpg","Sản phẩm / ILM","đôi giày mô tô ILM màu đen","http://localhost:3000/media/wp-uploads/2025/09/GIAY-BAO-HO-ILM-M1006-02.jpg","82153"
"GIAY-BAO-HO-ILM-UB305-01.jpg","Sản phẩm / Chưa rõ hãng","đôi giày bảo hộ SCOYCO màu đen","http://localhost:3000/media/wp-uploads/2025/09/GIAY-BAO-HO-ILM-UB305-01.jpg","69347"
"GIAY-BAO-HO-LS2-ADVENTURE-MAN-WP-01.jpg","Sản phẩm / Chưa rõ hãng","đôi ủng bảo hộ cổ cao màu nâu không rõ hãng","http://localhost:3000/media/wp-uploads/2025/10/GIAY-BAO-HO-LS2-ADVENTURE-MAN-WP-01.jpg","88836"
"giay-bao-ho-moto-di-phuot-ls2-trekker-mau-den-anh-de-giay-chup-tai-shop-bigbike.webp","Sản phẩm / LS2","đế giày bảo hộ LS2 màu đen đỏ","http://localhost:3000/media/uploads/b05bd4bb-a741-43b6-bc8e-7eca080a0787/giay-bao-ho-moto-di-phuot-ls2-trekker-mau-den-anh-de-giay-chup-tai-shop-bigbike.webp","284314"
"giay-bao-ho-moto-di-phuot-ls2-trekker-mau-den-anh-mat-sau-giay-chup-tai-shop-bigbike.webp","Sản phẩm / LS2","giày mô tô LS2 cổ lửng màu đen","http://localhost:3000/media/uploads/262e1c3e-e944-4edb-a004-6f3376780e9c/giay-bao-ho-moto-di-phuot-ls2-trekker-mau-den-anh-mat-sau-giay-chup-tai-shop-bigbike.webp","238306"
"giay-bao-ho-moto-di-phuot-ls2-trekker-mau-den-anh-studio-chup-tai-shop-bigbike.webp","Sản phẩm / LS2","giày mô tô LS2 cổ lửng màu đen","http://localhost:3000/media/uploads/f5461cad-1f1f-428a-b83a-5bdc6e8c29c3/giay-bao-ho-moto-di-phuot-ls2-trekker-mau-den-anh-studio-chup-tai-shop-bigbike.webp","242376"
"giay-bao-ho-moto-phuot-mua-he-komine-bk300-mau-xam-anh-studio-shop-bigbike.webp","Sản phẩm / KOMINE","đôi giày bảo hộ KOMINE màu xám","http://localhost:3000/media/uploads/dabb25da-96b8-497f-aa59-6d1f1e415a1d/giay-bao-ho-moto-phuot-mua-he-komine-bk300-mau-xam-anh-studio-shop-bigbike.webp","241358"
"giay-bao-ho-taichi-rrs011-classic2.jpg","Sản phẩm / TAICHI","đôi giày bảo hộ TAICHI màu đen","http://localhost:3000/media/wp-uploads/2024/01/giay-bao-ho-taichi-rrs011-classic2.jpg","788403"
"giay-bao-ho-taichi-rrs0115.jpg","Sản phẩm / TAICHI","đôi giày bảo hộ TAICHI màu đen","http://localhost:3000/media/wp-uploads/2024/01/giay-bao-ho-taichi-rrs0115.jpg","626206"
"giay-bao-ho-taichi-rrs0116.jpg","Sản phẩm / TAICHI","đôi giày bảo hộ TAICHI màu đen","http://localhost:3000/media/wp-uploads/2024/01/giay-bao-ho-taichi-rrs0116.jpg","595134"
"giay-bao-ve-komine-bk0887.jpg","Sản phẩm / Chưa rõ hãng","đôi giày mô tô cổ thấp màu đen","http://localhost:3000/media/migration/wordpress/bb/bb76d2b22b858f0a5e9cb313001437816833942b8b2e272657e59d2ad7010568/giay-bao-ve-komine-bk0887.jpg","42764"
"giay-bao-ve-komine-bk0889.jpg","Sản phẩm / KOMINE","đôi giày bảo hộ KOMINE cổ cao xám đen","http://localhost:3000/media/migration/wordpress/29/29e0fae91a466f6cc5d8ad045f7b4e5fb46561079d03edf0b7db643d8406e6dd/giay-bao-ve-komine-bk0889.jpg","47091"
"GIAY-CAO-CO-BAO-HO-DUA-ILM-BRC1-01.jpg","Sản phẩm / ILM","đôi ủng bảo hộ ILM màu đen","http://localhost:3000/media/wp-uploads/2025/10/GIAY-CAO-CO-BAO-HO-DUA-ILM-BRC1-01.jpg","118684"
"GIAY-CAO-CO-BAO-HO-DUA-ILM-BRC1-02.jpg","Sản phẩm / Chưa rõ hãng","giày mô tô cổ cao màu đen","http://localhost:3000/media/wp-uploads/2025/10/GIAY-CAO-CO-BAO-HO-DUA-ILM-BRC1-02.jpg","66233"
"GIAY-CAO-CO-BAO-HO-DUA-ILM-BRC1-03-1.jpg","Sản phẩm / ILM","đôi ủng mô tô ILM màu đen đỏ","http://localhost:3000/media/wp-uploads/2025/10/GIAY-CAO-CO-BAO-HO-DUA-ILM-BRC1-03-1.jpg","92585"
"GIAY-CAO-CO-BAO-HO-DUA-ILM-BRC1-04.jpg","Sản phẩm / ILM","giày bảo hộ ILM cổ cao màu đen đỏ","http://localhost:3000/media/wp-uploads/2025/10/GIAY-CAO-CO-BAO-HO-DUA-ILM-BRC1-04.jpg","67148"
"Giay-di-Touring-mo-to-phuot-Alpinestars-Ridge-V2-1.jpg","Sản phẩm / Chưa rõ hãng","giày bảo hộ màu đen đỏ nhìn từ trên","http://localhost:3000/media/migration/wordpress/57/574f4568ea4d5da3bec1b4b5e87d5a7cbf319b82064e8f03862510050313cfe7/Giay-di-Touring-mo-to-phuot-Alpinestars-Ridge-V2-1.jpg","193951"
"Giay-di-Touring-mo-to-phuot-Alpinestars-Ridge-V2-2.jpg","Sản phẩm / Chưa rõ hãng","đế giày mô tô màu đen","http://localhost:3000/media/migration/wordpress/c1/c12863e362cd37839a648462b4f9bc39cd6fecae8df4fc0590add4d3e9407334/Giay-di-Touring-mo-to-phuot-Alpinestars-Ridge-V2-2.jpg","205877"
"Giay-di-Touring-mo-to-phuot-Alpinestars-Ridge-V2-3.jpg","Sản phẩm / SPYKE","ủng mô tô SPYKE màu đen đỏ nhìn chính diện","http://localhost:3000/media/migration/wordpress/d6/d6dbdb565cdc0378556d26ef247628769778fd11e808c597f1a7efcd3e0f3b46/Giay-di-Touring-mo-to-phuot-Alpinestars-Ridge-V2-3.jpg","226201"
"Giay-di-Touring-mo-to-phuot-Alpinestars-Ridge-V2-4.jpg","Sản phẩm / Chưa rõ hãng","ủng bảo hộ mô tô màu đen không rõ hãng","http://localhost:3000/media/migration/wordpress/16/169bd537617046184af464a31720d4ebd90b67a5b661a5722d7d2afdf66fa9bb/Giay-di-Touring-mo-to-phuot-Alpinestars-Ridge-V2-4.jpg","287167"
"Giay-di-Touring-mo-to-phuot-Alpinestars-Ridge-V2-5.jpg","Sản phẩm / Chưa rõ hãng","giày bảo hộ cổ cao màu đen nhìn từ sau","http://localhost:3000/media/migration/wordpress/c4/c469a1449aaa291c3270aa5e7d8326bdd9ba8598ed9d7aaf3754f05c953d33da/Giay-di-Touring-mo-to-phuot-Alpinestars-Ridge-V2-5.jpg","228833"
"Giay-di-Touring-mo-to-phuot-Alpinestars-Ridge-V2.jpg","Sản phẩm / Chưa rõ hãng","đôi ủng bảo hộ mô tô màu đen","http://localhost:3000/media/migration/wordpress/02/029c3cb6393aaa7256b59816ee854615e4b7ac72d8453aba99180699f7b479e3/Giay-di-Touring-mo-to-phuot-Alpinestars-Ridge-V2.jpg","109740"
"GIAY-MOTO-PHUOT-CHONG-NUOC-TAICHI-RSS014-BREAK-KHAKI-02.jpg","Sản phẩm / TAICHI","giày bảo hộ TAICHI màu xanh rêu có khóa BOA","http://localhost:3000/media/wp-uploads/2024/01/GIAY-MOTO-PHUOT-CHONG-NUOC-TAICHI-RSS014-BREAK-KHAKI-02.jpg","64383"
"GIAY-MOTO-PHUOT-CHONG-NUOC-TAICHI-RSS014-BREAK-KHAKI-03.jpg","Sản phẩm / Chưa rõ hãng","giày bảo hộ cổ cao màu xanh rêu","http://localhost:3000/media/wp-uploads/2024/01/GIAY-MOTO-PHUOT-CHONG-NUOC-TAICHI-RSS014-BREAK-KHAKI-03.jpg","52145"
"GIAY-MOTO-PHUOT-CHONG-NUOC-TAICHI-RSS014-BREAK-KHAKI.jpg","Sản phẩm / TAICHI","đôi giày bảo hộ TAICHI màu xanh rêu","http://localhost:3000/media/wp-uploads/2024/01/GIAY-MOTO-PHUOT-CHONG-NUOC-TAICHI-RSS014-BREAK-KHAKI.jpg","73536"
"giay-moto-taichi-rss011-codura-mau-den-anh-mat-de-giay-chup-tai-shop-bigbike.webp","Sản phẩm / TAICHI","đế giày mô tô TAICHI màu vàng","http://localhost:3000/media/uploads/596ef187-9211-472a-9e39-01a1d895e88f/giay-moto-taichi-rss011-codura-mau-den-anh-mat-de-giay-chup-tai-shop-bigbike.webp","261802"
"giay-moto-taichi-rss011-codura-mau-den-anh-studio-shop-bigbike.webp","Sản phẩm / TAICHI","đôi giày bảo hộ TAICHI màu đen","http://localhost:3000/media/uploads/032f0939-08f6-4f4f-9ff8-17903ab8aa53/giay-moto-taichi-rss011-codura-mau-den-anh-studio-shop-bigbike.webp","270000"
"giay-moto-taichi-rss011-codura-mau-den-khoa-boa-chup-tai-shop-bigbike.webp","Sản phẩm / TAICHI","cận cảnh khóa BOA giày bảo hộ TAICHI màu đen","http://localhost:3000/media/uploads/3832cfe2-4b53-4f97-84da-6a8eb2ad3708/giay-moto-taichi-rss011-codura-mau-den-khoa-boa-chup-tai-shop-bigbike.webp","242414"
"giay-moto-taichi-rss011-mau-den-anh-studio-mat-de-giay-shop-bigbike.webp","Sản phẩm / TAICHI","giày bảo hộ TAICHI xám đen có khóa BOA","http://localhost:3000/media/uploads/3a5abea7-eb8c-458a-beed-c905fea06856/giay-moto-taichi-rss011-mau-den-anh-studio-mat-de-giay-shop-bigbike.webp","116184"
"giay-moto-taichi-rss011-mau-den-anh-studio.webp","Sản phẩm / TAICHI","đôi giày bảo hộ TAICHI cổ cao màu đen","http://localhost:3000/media/uploads/57cc71aa-daea-48dc-94a0-c931281b7684/giay-moto-taichi-rss011-mau-den-anh-studio.webp","264680"
"giay-moto-taichi-rss011-mau-den-anh-thuc-te-tai-shop-bigbike.webp","Sản phẩm / Chưa rõ hãng","giày mô tô cổ lửng màu đen nhìn phía sau","http://localhost:3000/media/uploads/ca1dc49b-675e-4101-9512-d6333f5eff6b/giay-moto-taichi-rss011-mau-den-anh-thuc-te-tai-shop-bigbike.webp","230326"
"giay-moto-taichi-rss013-anh-studio-den-do-mat-de-giay-tai-shop-bigbike.webp","Sản phẩm / TAICHI","đế giày mô tô TAICHI màu đỏ đen","http://localhost:3000/media/uploads/9d186e9b-7def-45c2-9c42-11b8e49525bd/giay-moto-taichi-rss013-anh-studio-den-do-mat-de-giay-tai-shop-bigbike.webp","282876"
"giay-moto-taichi-rss013-anh-studio-den-do-tai-shop-bigbike.webp","Sản phẩm / TAICHI","giày bảo hộ TAICHI màu đen đỏ","http://localhost:3000/media/uploads/d3e13bdf-132b-4ecd-8993-cfdad736d83f/giay-moto-taichi-rss013-anh-studio-den-do-tai-shop-bigbike.webp","236118"
"giay-moto-taichi-rss013-mau-olive-studio-chup-de-giay-tai-shop-bigbike.webp","Sản phẩm / TAICHI","giày bảo hộ TAICHI màu xanh rêu","http://localhost:3000/media/uploads/55148ba6-bad4-47ad-8de3-e0e9b838c73c/giay-moto-taichi-rss013-mau-olive-studio-chup-de-giay-tai-shop-bigbike.webp","205626"
"giay-moto-taichi-rss013-mau-olive-studio-tai-shop-bigbike.webp","Sản phẩm / Chưa rõ hãng","đôi giày bảo hộ màu xanh rêu","http://localhost:3000/media/uploads/a60c5301-9e61-41f1-8338-ed2cebd4285e/giay-moto-taichi-rss013-mau-olive-studio-tai-shop-bigbike.webp","253846"
"givi-logo-png_seeklogo-196091.png","Thương hiệu","logo thương hiệu GIVI","http://localhost:3000/media/uploads/70ee7dc0-75f1-4417-bf4b-f4f5349c5023/givi-logo-png_seeklogo-196091.png","9415"
"GIVI-PRIME-PWB03-01.jpg","Sản phẩm / GIVI","túi đeo hông chống nước GIVI màu đen","http://localhost:3000/media/wp-uploads/2024/05/GIVI-PRIME-PWB03-01.jpg","45443"
"givi.jpg","Thương hiệu","logo thương hiệu GIVI","http://localhost:3000/media/wp-uploads/2020/10/givi.jpg","6818"
"Gloss-White-red.jpg","Sản phẩm / LS2","mũ bảo hiểm ba phần tư LS2 màu đen","http://localhost:3000/media/migration/wordpress/31/31ec751d049ca43539f86dd95bf15a1b1854433bb6279f2753c62dc055e0d9dc/Gloss-White-red.jpg","51770"
"goccia-backpack-front-4188.jpg","Sản phẩm / HEVIK","balo chống nước HEVIK màu xám đen","http://localhost:3000/media/uploads/55d4e16d-3903-4fbd-89c9-8d306f01cb4d/goccia-backpack-front-4188.jpg","59486"
"GROUND-Dry.jpg","Sản phẩm / Chưa rõ hãng","giày mô tô Forma màu đen","http://localhost:3000/media/migration/wordpress/fe/fea901bc9094ee788a6c8c71ae6d46ada62e049b1001a1525c4a73980a32f8a0/GROUND-Dry.jpg","89557"
"Group-2672.png","Danh mục","biểu tượng danh mục giày bảo hộ","http://localhost:3000/media/wp-uploads/2020/08/Group-2672.png","1201"
"Group-2674.png","Ảnh minh hoạ","biểu tượng nét vẽ mũ bảo hiểm","http://localhost:3000/media/wp-uploads/2020/07/Group-2674.png","1595"
"grt729_open_pockets.jpg","Sản phẩm / GIVI","túi GIVI mở các ngăn bên trong","http://localhost:3000/media/uploads/8f9a253c-0d2b-4771-b5fe-6247a52cef75/grt729_open_pockets.jpg","284511"
"handsome-sexy-man-motorbike.jpg","Ảnh minh hoạ","người đi mô tô đứng bên xe trong nhà kho","http://localhost:3000/media/wp-uploads/2020/11/handsome-sexy-man-motorbike.jpg","127797"
"hanh-trinh-xuyen-viet-tu-nam-ra-bac-thumbnail.jpg","Ảnh minh hoạ","hai người chạy xe trên đường rừng","http://localhost:3000/media/wp-uploads/2024/02/hanh-trinh-xuyen-viet-tu-nam-ra-bac-thumbnail.jpg","71153"
"Helmet_Cleaning_Supplies.png","Ảnh minh hoạ","ảnh bộ dụng cụ vệ sinh gồm chai xịt khăn và bàn chải","http://localhost:3000/media/wp-uploads/2020/06/Helmet_Cleaning_Supplies.png","144013"
"hjc-logo.jpg","Thương hiệu","logo HJC Helmets","http://localhost:3000/media/wp-uploads/2020/10/hjc-logo.jpg","5218"
"HTN-review-FF800-Custom-1.jpg","Sản phẩm / LS2","ảnh bìa video đánh giá mũ LS2 Storm FF800","http://localhost:3000/media/migration/wordpress/01/0188210012ccbd434ea8507e682364c0cc2c66883546035677f4832e2deabc13/HTN-review-FF800-Custom-1.jpg","131401"
"icon_gia_do_dien_thoai_100x100.png","Sản phẩm / Chưa rõ hãng","biểu tượng giá đỡ điện thoại gắn xe","http://localhost:3000/media/uploads/619e4882-2861-4816-baa6-9c8732701a24/icon_gia_do_dien_thoai_100x100.png","5753"
"icon_gia_do_dien_thoai_520x520.png","Sản phẩm / Chưa rõ hãng","hình vẽ giá đỡ điện thoại gắn ghi đông không rõ hãng","http://localhost:3000/media/uploads/5f84fe84-4f17-41a9-bd11-ae8e4d008d9c/icon_gia_do_dien_thoai_520x520.png","77362"
"icon_gia_do_dien_thoai_74x60.png","Sản phẩm / Chưa rõ hãng","hình nét vẽ giá đỡ điện thoại","http://localhost:3000/media/uploads/4bfa0c0e-160f-4204-a889-5f8892d660ca/icon_gia_do_dien_thoai_74x60.png","2886"
"icon_gia_do_dien_thoai_74x74.png","Sản phẩm / Chưa rõ hãng","biểu tượng giá đỡ điện thoại gắn xe","http://localhost:3000/media/uploads/4f48aba0-115b-4a15-8358-1e0cb7f13cdf/icon_gia_do_dien_thoai_74x74.png","2911"
"ilm_z302__1_.webp","Sản phẩm / Chưa rõ hãng","mũ bảo hiểm địa hình màu trắng không rõ hãng","http://localhost:3000/media/uploads/db268bb0-f19a-4f19-9c38-0f6344f7f683/ilm_z302__1_.webp","94924"
"ilm_z302__2_.webp","Sản phẩm / ILM","mũ bảo hiểm địa hình ILM màu rêu đen","http://localhost:3000/media/uploads/622d2eb5-f10e-4832-9e1f-d6352aa795f2/ilm_z302__2_.webp","112902"
"ilm_z302__3_.webp","Sản phẩm / ILM","mũ bảo hiểm ILM địa hình đen trắng","http://localhost:3000/media/uploads/9f15c67e-61f0-4ad4-b9f3-345a4d77ad26/ilm_z302__3_.webp","115790"
"ilm_z302__4_.webp","Sản phẩm / Chưa rõ hãng","mũ bảo hiểm địa hình họa tiết máy móc xám đỏ","http://localhost:3000/media/uploads/6840b0c7-c8bf-48d2-a9cf-9bfe8e32d2c3/ilm_z302__4_.webp","163018"
"ilm_z302.webp","Sản phẩm / Chưa rõ hãng","mũ bảo hiểm adventure màu đen","http://localhost:3000/media/uploads/f653003f-c42a-4e5c-96f5-d776b3e082e1/ilm_z302.webp","91972"
"image-Custom.jpg","Sản phẩm / Chưa rõ hãng","thiết bị điện tử ảnh kích thước rất nhỏ","http://localhost:3000/media/migration/wordpress/81/81310d367b6491332e065ddfe22baf6c67be0abfdfba5270495375f743586d58/image-Custom.jpg","2606"
"image.jpg","Sản phẩm / Chưa rõ hãng","thiết bị liên lạc SENA màu bạc đen","http://localhost:3000/media/migration/wordpress/00/0047ee3aa88bde84dfa89a14e58f147feaaac00c163f6bc315b60f6650ea2099/image.jpg","85108"
"image1.png","Ảnh minh hoạ","người chạy mô tô dưới trời mưa","http://localhost:3000/media/wp-uploads/2024/06/image1.png","530022"
"images-1.jpg","Thương hiệu","logo thương hiệu ROK Straps","http://localhost:3000/media/wp-uploads/2025/03/images-1.jpg","3414"
"images.jpeg","Sản phẩm / Chưa rõ hãng","ảnh kích thước miếng giáp màu vàng","http://localhost:3000/media/migration/wordpress/e3/e37adb29eba9d8baf0358154749b20e44320232a4553a502ea0dec711bbebac5/images.jpeg","5864"
"images.jpg","Thương hiệu","logo SMK Helmets","http://localhost:3000/media/wp-uploads/2025/03/images.jpg","4887"
"images.png","Thương hiệu","logo thương hiệu HEVIK","http://localhost:3000/media/wp-uploads/2026/03/images.png","2348"
"IMG_0977.jpeg","Sản phẩm / QUADLOCK","giá đỡ điện thoại QUADLOCK trên xe máy","http://localhost:3000/media/wp-uploads/2026/05/IMG_0977.jpeg","399316"
"IMG_0978.jpeg","Sản phẩm / Chưa rõ hãng","giá đỡ điện thoại nam châm gắn ghi đông","http://localhost:3000/media/wp-uploads/2026/05/IMG_0978.jpeg","225012"
"IMG_0979-1.jpeg","Sản phẩm / KEWIG","giá đỡ điện thoại từ tính KEWIG gắn trên xe","http://localhost:3000/media/wp-uploads/2026/05/IMG_0979-1.jpeg","235943"
"IMG_0984.jpeg","Sản phẩm / KEWIG","giá đỡ điện thoại từ tính KEWIG gắn trên xe","http://localhost:3000/media/wp-uploads/2026/05/IMG_0984.jpeg","253714"
"img_2957.jpeg","Sản phẩm / TAICHI","người mẫu mặc bộ đồ bảo hộ TAICHI xám đen","http://localhost:3000/media/uploads/b10313ba-9c5e-4664-ba51-68ae3adfdef1/img_2957.jpeg","754453"
"img_2958.jpeg","Sản phẩm / TAICHI","người mặc áo khoác bảo hộ TAICHI nhìn phía sau","http://localhost:3000/media/uploads/86bde99e-261b-4ffc-935d-db4ac7bbe2a0/img_2958.jpeg","731082"
"img_2961.jpeg","Sản phẩm / TAICHI","người mẫu mặc áo khoác TAICHI màu xám","http://localhost:3000/media/uploads/9efcafba-e948-4161-935a-7db5ab8d23d2/img_2961.jpeg","577280"
"img_2962.jpeg","Sản phẩm / Chưa rõ hãng","người mẫu mặc áo khoác có mũ màu xám","http://localhost:3000/media/uploads/bbc2443f-6d65-4eed-a3a8-5d01a8262127/img_2962.jpeg","568797"
"img_2963.jpeg","Sản phẩm / TAICHI","người mẫu mặc áo khoác bảo hộ TAICHI màu xám","http://localhost:3000/media/uploads/52db98a1-4cf5-4f49-80b0-93a8cd3cb8ba/img_2963.jpeg","654858"
"img_2964.jpeg","Sản phẩm / TAICHI","người mở khe thông gió áo khoác TAICHI màu xám","http://localhost:3000/media/uploads/d14ad362-a377-4eb3-b7ac-2734daf0976f/img_2964.jpeg","1362097"
"img_2965.jpeg","Sản phẩm / TAICHI","cận cảnh túi bảo vệ ở tay áo khoác TAICHI","http://localhost:3000/media/uploads/3d7238de-d51a-430c-88c4-1baf0422cd29/img_2965.jpeg","736823"
"img_2966.jpeg","Sản phẩm / Chưa rõ hãng","người mở áo khoác bảo hộ để xem lớp lót","http://localhost:3000/media/uploads/1a834f04-dfbb-4365-b40a-d40b6408c42c/img_2966.jpeg","768254"
"img_2970.jpeg","Sản phẩm / TAICHI","người mặc áo TAICHI cầm giáp vai và khuỷu tay","http://localhost:3000/media/uploads/0df6890b-f0ea-414d-bdbc-697b7c2e5e1f/img_2970.jpeg","776512"
"img_2971.jpeg","Sản phẩm / Chưa rõ hãng","người mẫu mặc bộ giáp bảo vệ hông","http://localhost:3000/media/uploads/d0728c00-b901-405d-8797-b572ce2b2072/img_2971.jpeg","901170"
"img_3403.jpg","Sản phẩm / GIVI","người đeo túi hông GIVI màu xám","http://localhost:3000/media/uploads/fed27df6-2d17-43c9-a939-69a5f6f734e0/img_3403.jpg","814658"
"img_3408.jpg","Sản phẩm / GIVI","người đeo túi chân GIVI màu đen","http://localhost:3000/media/uploads/83d6ef5a-e1d1-4178-9b12-a717e892bc83/img_3408.jpg","690786"
"img_4212.jpeg","Sản phẩm / GIVI","người mẫu đeo túi hông GIVI","http://localhost:3000/media/uploads/20c1b3d6-41bc-4279-96a2-931ae6869a5f/img_4212.jpeg","825318"
"img_4213.jpeg","Sản phẩm / LS2","người mặc áo khoác LS2 kèm túi hông GIVI","http://localhost:3000/media/uploads/0c2e4505-83d1-428d-88f8-593acf9e45ca/img_4213.jpeg","661469"
"img_4214.jpeg","Sản phẩm / LS2","người mặc áo khoác LS2 và túi hông GIVI","http://localhost:3000/media/uploads/691f0d05-5775-4a59-8222-e2303b97128f/img_4214.jpeg","927868"
"img_4216.jpeg","Sản phẩm / GIVI","người dùng lấy găng tay từ túi đeo hông GIVI","http://localhost:3000/media/uploads/22bedebd-6935-46cf-a406-903576922e39/img_4216.jpeg","942843"
"img_4292.webp","Sản phẩm / ILM","người mẫu đội mũ bảo hiểm ILM tại cửa hàng","http://localhost:3000/media/uploads/02c98d8d-48f6-4af8-9f6a-1c34f0fc7614/img_4292.webp","271270"
"img_4293.webp","Sản phẩm / ILM","người đội mũ bảo hiểm ILM adventure","http://localhost:3000/media/uploads/9b27c3f8-6b59-4f84-a828-7e93c6ffb560/img_4293.webp","349376"
"img_4294.webp","Sản phẩm / ILM","người đội mũ bảo hiểm ILM họa tiết xám vàng","http://localhost:3000/media/uploads/6fcb26ce-0002-41fc-b1d9-15004774615b/img_4294.webp","303486"
"img_4531.jpeg","Sản phẩm / TAICHI","người đeo ba lô chống nước TAICHI","http://localhost:3000/media/uploads/a1c838d7-d855-4785-84a4-0bfb4507d667/img_4531.jpeg","820752"
"img_4532.jpeg","Ảnh minh hoạ","người mặc bộ áo mưa phản quang trên phố","http://localhost:3000/media/uploads/3ca192c7-8248-4f1e-81ac-51ae47d9ab10/img_4532.jpeg","703719"
"img_4533.jpeg","Sản phẩm / Chưa rõ hãng","người mẫu mặc bộ áo mưa phản quang màu xám","http://localhost:3000/media/uploads/74c53f1c-e2b9-4390-9389-a10da036b292/img_4533.jpeg","1009233"
"img_4548.jpeg","Ảnh minh hoạ","người mặc áo mưa và đeo balo trên đường phố","http://localhost:3000/media/uploads/df993382-b489-4a84-a524-bd330b38af28/img_4548.jpeg","848795"
"img_4551.jpeg","Ảnh minh hoạ","người đi mô tô mặc đồ bảo hộ nhìn từ phía sau","http://localhost:3000/media/uploads/52fa5dc0-7970-49af-bd4f-b26f04001731/img_4551.jpeg","831783"
"IMG_4622-800x800-1.jpg","Sản phẩm / LS2","găng tay LS2 màu đen","http://localhost:3000/media/wp-uploads/2024/01/IMG_4622-800x800-1.jpg","63849"
"IMG_4631-800x800-1.jpg","Sản phẩm / LS2","găng tay LS2 màu đen","http://localhost:3000/media/wp-uploads/2024/01/IMG_4631-800x800-1.jpg","55156"
"IMG_5036.jpeg","Sản phẩm / Caberg","mũ bảo hiểm carbon CABERG trưng bày trong cửa hàng","http://localhost:3000/media/wp-uploads/2026/01/IMG_5036.jpeg","338507"
"IMG_5037.jpeg","Sản phẩm / Chưa rõ hãng","ảnh chụp đỉnh mũ bảo hiểm carbon đỏ đen","http://localhost:3000/media/wp-uploads/2026/01/IMG_5037.jpeg","306020"
"IMG_5038.jpeg","Sản phẩm / Caberg","mũ bảo hiểm Caberg carbon chụp tại cửa hàng","http://localhost:3000/media/wp-uploads/2026/01/IMG_5038.jpeg","320227"
"IMG_5043.jpeg","Sản phẩm / Caberg","lòng trong mũ bảo hiểm CABERG","http://localhost:3000/media/wp-uploads/2026/01/IMG_5043.jpeg","257192"
"IMG_5045.jpeg","Sản phẩm / Chưa rõ hãng","mũ bảo hiểm fullface trưng bày trong cửa hàng","http://localhost:3000/media/wp-uploads/2026/01/IMG_5045.jpeg","315710"
"IMG_6500-scaled.jpg","Sản phẩm / AGV","mặt sau mũ bảo hiểm AGV màu đen","http://localhost:3000/media/wp-uploads/2026/04/IMG_6500-scaled.jpg","141574"
"IMG_6508.jpg","Sản phẩm / Chưa rõ hãng","ảnh cận cảnh thiết bị gắn cạnh kính xe","http://localhost:3000/media/wp-uploads/2026/04/IMG_6508.jpg","248143"
"IMG_6509-scaled.jpg","Sản phẩm / AGV","người lái xe đội mũ bảo hiểm AGV màu đen","http://localhost:3000/media/wp-uploads/2026/04/IMG_6509-scaled.jpg","240871"
"IMG_6512-scaled.jpg","Sản phẩm / AGV","người đội mũ bảo hiểm AGV màu đen","http://localhost:3000/media/wp-uploads/2026/04/IMG_6512-scaled.jpg","195759"
"IMG_7739-scaled.jpg","Sản phẩm / ILM","người mặc đồ và đội mũ bảo hiểm ILM","http://localhost:3000/media/wp-uploads/2026/04/IMG_7739-scaled.jpg","194794"
"jlm-jc08.jpg","Sản phẩm / ILM","ảnh giới thiệu găng tay bảo hộ ILM JC08","http://localhost:3000/media/wp-uploads/2025/08/jlm-jc08.jpg","163638"
"khaki.jpg","Sản phẩm / TAICHI","quần bảo hộ touring TAICHI màu kaki đen","http://localhost:3000/media/uploads/8f853867-052a-41c3-b5fa-e21960b3af44/khaki.jpg","137097"
"khoa-nam-cham-non-poc-1.png","Sản phẩm / Chưa rõ hãng","ảnh cận cảnh khoá nhựa trên dây đai","http://localhost:3000/media/migration/wordpress/2b/2be1850409265fa89cc4974d65ec7660113660a5ecf993ff7949675fc693812d/khoa-nam-cham-non-poc-1.png","909235"
"kinh-nghiem-di-phuot-xe-may.webp","Ảnh minh hoạ","đoàn người chạy mô tô trên đường núi","http://localhost:3000/media/wp-uploads/2022/11/kinh-nghiem-di-phuot-xe-may.webp","202774"
"Koku-Kidney-4.jpg","Sản phẩm / Chưa rõ hãng","người mang đai bảo hộ thắt lưng màu đen","http://localhost:3000/media/migration/wordpress/b6/b6b354bff8f35b9dbb7515b65de2bdc9f8427b93a699f2c64981f4e0e05afb2a/Koku-Kidney-4.jpg","97319"
"Koku-Kidney-5.jpg","Sản phẩm / LS2","người đeo giáp lưng LS2 màu đỏ đen","http://localhost:3000/media/migration/wordpress/2f/2faf59dd56b90374da1caf68c276357877a5a18655289554b7adee132e6b290f/Koku-Kidney-5.jpg","213514"
"Komine_400x400_transparent.png","Thương hiệu","logo KOMINE","http://localhost:3000/media/uploads/e4158ef7-a9cc-4196-b256-a05f24450b3b/komine_400x400_transparent.png","18438"
"KOMINE-BK-100-01-1.jpg","Sản phẩm / Chưa rõ hãng","đôi giày mô tô màu đen","http://localhost:3000/media/migration/wordpress/f4/f4865f53e80f5380dbc4971a70079b185981af7b8a2318c5909fbc91bfedb83a/KOMINE-BK-100-01-1.jpg","1314"
"KOMINE-BK-100-01.jpg","Sản phẩm / Chưa rõ hãng","giày bảo hộ FALCO màu đen","http://localhost:3000/media/migration/wordpress/c5/c5430572601ccb8d9d59e8472eb6b194919b7468e2f3281eedc766da590e9d3f/KOMINE-BK-100-01.jpg","61927"
"KOMINE-BK-100-02.jpg","Sản phẩm / KOMINE","giày bảo hộ KOMINE màu đen","http://localhost:3000/media/migration/wordpress/70/70bdd21eb3b98faa3cc2bcb63b4eb0ec9ec2a15dc951f4bf48ad3314db762379/KOMINE-BK-100-02.jpg","45708"
"KOMINE-BK-100-03.jpg","Sản phẩm / Chưa rõ hãng","giày mô tô cổ cao màu đen đỏ","http://localhost:3000/media/migration/wordpress/88/882b84cdd117497f4893d4bf3b3523aa3b274112a66acfbf7bcde534328362c6/KOMINE-BK-100-03.jpg","50778"
"KOMINE-BK-100-04.jpg","Sản phẩm / Chưa rõ hãng","đế giày mô tô màu đen","http://localhost:3000/media/migration/wordpress/50/50e6adea9a52fdcdee647341773a0c4326422ba8189cf8e59a494d4e83379beb/KOMINE-BK-100-04.jpg","44159"
"KOMINE-PK-742R-KEVLAR-01.jpg","Sản phẩm / Chưa rõ hãng","người mẫu mặc quần jean bảo hộ","http://localhost:3000/media/wp-uploads/2024/04/KOMINE-PK-742R-KEVLAR-01.jpg","62034"
"KOMINE-PK-742R-KEVLAR-02.jpg","Sản phẩm / Chưa rõ hãng","người mẫu mặc quần bảo hộ nhìn phía sau","http://localhost:3000/media/wp-uploads/2024/04/KOMINE-PK-742R-KEVLAR-02.jpg","52368"
"KOMINE-PK-742R-KEVLAR-04-2.jpg","Sản phẩm / Chưa rõ hãng","người mẫu mặc quần bảo hộ màu đen","http://localhost:3000/media/wp-uploads/2024/04/KOMINE-PK-742R-KEVLAR-04-2.jpg","61258"
"KOMINE-PK-7443-03.jpg","Sản phẩm / Chưa rõ hãng","người mẫu mặc quần bảo hộ màu đen","http://localhost:3000/media/wp-uploads/2024/03/KOMINE-PK-7443-03.jpg","45379"
"KOMINE-SA-211-01.jpg","Sản phẩm / Chưa rõ hãng","túi đeo chân màu đen có dây đai","http://localhost:3000/media/migration/wordpress/be/be9b18bc7f6b8593f4e18e2615a45b9c53c6a0c3c9240bf1bdd6a432a0c1f1a5/KOMINE-SA-211-01.jpg","75075"
"KOMINE-SA-211-02.jpg","Sản phẩm / Chưa rõ hãng","túi hành lý mô tô màu đen có dây đeo","http://localhost:3000/media/migration/wordpress/e5/e5a11cc2ae157695d293b6bda84671080b4f0c493b1088330e976d9f3b55d50f/KOMINE-SA-211-02.jpg","56577"
"KOMINE-SA-245-01-1.jpg","Sản phẩm / Chưa rõ hãng","túi đeo chân màu đen","http://localhost:3000/media/migration/wordpress/65/65f060e0d879365115332283055948dd16a5ba2bdde362633624e02df67480bf/KOMINE-SA-245-01-1.jpg","1654"
"KOMINE-SA-245-01.jpg","Sản phẩm / Chưa rõ hãng","túi đeo đùi chống nước màu đen không rõ hãng","http://localhost:3000/media/migration/wordpress/94/94de76d64d330062b3d419004d7b3962c5e383f045b233c901c974d9e6ace386/KOMINE-SA-245-01.jpg","109491"
"KOMINE-SA-245-02.jpg","Sản phẩm / Chưa rõ hãng","túi đeo chân màu đen nhìn phía trước","http://localhost:3000/media/migration/wordpress/b1/b1c8ca3b9a882d663e588002c950500b0191bc223fb66ae2dff6c834a6f5aea0/KOMINE-SA-245-02.jpg","93199"
"KOMINE-SA-245-03-1.jpg","Sản phẩm / Chưa rõ hãng","túi phụ kiện nhỏ màu đen","http://localhost:3000/media/migration/wordpress/e4/e4776e08cc872b499d6970c4286ab6d6d09893e59d018aeee7e406147c992e69/KOMINE-SA-245-03-1.jpg","1416"
"KOMINE-SA-245-03.jpg","Sản phẩm / Chưa rõ hãng","túi đeo chân chống nước màu xám đen","http://localhost:3000/media/migration/wordpress/60/60681ac13c134f3a9da2dcd846443b128196b1fd9cf55f1769a7625a45b72f60/KOMINE-SA-245-03.jpg","105893"
"KOMINE-SA-245-04.jpg","Sản phẩm / Chưa rõ hãng","túi đeo chân màu be đen nhìn phía trước","http://localhost:3000/media/migration/wordpress/ff/ff6865aed0f2e9ac8759fcf52884bdb5ac77add5c8cd9baaf9efdd2c45eb5741/KOMINE-SA-245-04.jpg","85516"
"Komine-size.jpg","Sản phẩm / Chưa rõ hãng","bảng kích thước sản phẩm bảo hộ","http://localhost:3000/media/wp-uploads/2024/03/Komine-size.jpg","56167"
"KOMINE-SK-829-LEVEL-2-01.jpg","Sản phẩm / KOMINE","miếng giáp lưng KOMINE màu đen vàng","http://localhost:3000/media/wp-uploads/2025/06/KOMINE-SK-829-LEVEL-2-01.jpg","92052"
"komine.jpg","Thương hiệu","logo chữ KOMINE trên nền đen","http://localhost:3000/media/wp-uploads/2021/11/komine.jpg","9922"
"KV9mbdZ6OH9j5fHJxnykUtO4XY6t7B.jpeg","Sản phẩm / Chưa rõ hãng","ảnh thông số cấu tạo giày mô tô cổ cao","http://localhost:3000/media/wp-uploads/2025/09/KV9mbdZ6OH9j5fHJxnykUtO4XY6t7B.jpeg","72819"
"LOGO_NIC-02-02-04-1.jpg","Thương hiệu","logo thương hiệu NIC","http://localhost:3000/media/wp-uploads/2024/09/LOGO_NIC-02-02-04-1.jpg","2822"
"logo-1200.628_9a92cd36-6085-4015-97cb-53566c376fd6-2.jpg","Thương hiệu","logo thương hiệu ILM","http://localhost:3000/media/wp-uploads/2025/03/logo-1200.628_9a92cd36-6085-4015-97cb-53566c376fd6-2.jpg","1557"
"logo-hevik-tai-shop-bigbike.png","Thương hiệu","logo thương hiệu HEVIK","http://localhost:3000/media/uploads/1ba7126a-1cbe-4988-8e9e-f1e4b7a85514/logo-hevik-tai-shop-bigbike.png","128577"
"logo-hevik-tai-shop-bigbike.png","Thương hiệu","logo thương hiệu HEVIK","http://localhost:3000/media/uploads/cd03ba9f-fd82-453f-8099-0e7d38940cd5/logo-hevik-tai-shop-bigbike.png","656961"
"lot-non-em-ai.jpg","Sản phẩm / Chưa rõ hãng","chi tiết vật liệu bảo hộ D3O màu đen","http://localhost:3000/media/migration/wordpress/2a/2a07562e1dd508517178b742806d448e145a7c59ab86879f7fb7ae244ae4fdf2/lot-non-em-ai.jpg","709037"
"LS2-ALBA-LADY-mat-truoc.jpg","Sản phẩm / Chưa rõ hãng","áo khoác bảo hộ nữ màu xám đen","http://localhost:3000/media/wp-uploads/2024/01/LS2-ALBA-LADY-mat-truoc.jpg","150497"
"LS2-ALBA-LADY.jpg","Sản phẩm / Chưa rõ hãng","người mẫu nữ mặc áo khoác bảo hộ màu xám","http://localhost:3000/media/wp-uploads/2024/01/LS2-ALBA-LADY.jpg","56023"
"LS2-ALBA-MAT-SAU.jpg","Sản phẩm / LS2","áo khoác LS2 xám đen nhìn từ sau","http://localhost:3000/media/wp-uploads/2024/01/LS2-ALBA-MAT-SAU.jpg","135189"
"LS2-CHART-MAN-01.jpg","Sản phẩm / Chưa rõ hãng","quần bảo hộ màu đen","http://localhost:3000/media/migration/wordpress/81/8195d313219f9b517f91016528d2303e418287022eb8cd705b5064d8cad88763/LS2-CHART-MAN-01.jpg","2045"
"LS2-CHART-MAN-01.png","Sản phẩm / Chưa rõ hãng","quần bảo hộ màu đen chụp sản phẩm","http://localhost:3000/media/migration/wordpress/df/dfccb00f097fb4bc1fea0ed5f1d1a9d9f85c0d72282454cd91b54aa685232d35/LS2-CHART-MAN-01.png","207884"
"LS2-CHART-MAN-02.png","Sản phẩm / LS2","quần bảo hộ LS2 màu đen","http://localhost:3000/media/migration/wordpress/56/5646229a7a92eaf365090596af5645c3ca68996009444aff3443f478b100b3f5/LS2-CHART-MAN-02.png","176171"
"LS2-CHART-MAN-03.png","Sản phẩm / Chưa rõ hãng","quần bảo hộ màu đen không rõ hãng","http://localhost:3000/media/migration/wordpress/94/943e770ca0a93896d8f5a42148c08d9fb14e66553a229aa4f530d309538cbf88/LS2-CHART-MAN-03.png","206814"
"LS2-FENG-RACING.png","Sản phẩm / Chưa rõ hãng","găng tay mô tô dài cổ màu đen đỏ","http://localhost:3000/media/wp-uploads/2024/10/LS2-FENG-RACING.png","52372"
"LS2-FF352_background.jpg","Ảnh minh hoạ","người chạy xe máy trên phố với lớp màu đỏ","http://localhost:3000/media/wp-uploads/2020/06/LS2-FF352_background.jpg","47540"
"LS2-FF901-Advant-X.png","Sản phẩm / LS2","mũ bảo hiểm lật hàm LS2 màu trắng","http://localhost:3000/media/wp-uploads/2024/10/LS2-FF901-Advant-X.png","53864"
"LS2-KOKU-KIDNEY-BELT-01.jpg","Sản phẩm / LS2","giáp ngực bảo hộ LS2 màu đen xanh","http://localhost:3000/media/wp-uploads/2024/10/LS2-KOKU-KIDNEY-BELT-01.jpg","93512"
"LS2-KOKU-KIDNEY-BELT-02.jpg","Sản phẩm / Chưa rõ hãng","đai bảo vệ thắt lưng màu đen không rõ hãng","http://localhost:3000/media/migration/wordpress/6a/6ad643ef402e6ec74179417c82e318ecbc210e86105a974f47dd4fa2029fd8e7/LS2-KOKU-KIDNEY-BELT-02.jpg","89451"
"LS2-KOKU-KIDNEY-BELT-03.jpg","Sản phẩm / LS2","đai bảo vệ thắt lưng LS2 đen xanh","http://localhost:3000/media/migration/wordpress/41/41b6591952c4f2518d62c071e742f84d57ba8f9bc88615ff2c1a4a3666d2cbfe/LS2-KOKU-KIDNEY-BELT-03.jpg","69940"
"LS2-OF616-11.jpg","Sản phẩm / LS2","mũ bảo hiểm lật hàm LS2 đen vàng","http://localhost:3000/media/migration/wordpress/c6/c697cd0634a4683d9930c3cf9cab87e51a5ec3c05c7cae7bbce3cbbd19ab6d96/LS2-OF616-11.jpg","79614"
"LS2-STRAIGHT-MAN-01.jpg","Sản phẩm / Chưa rõ hãng","quần bảo hộ màu xanh rêu","http://localhost:3000/media/wp-uploads/2024/01/LS2-STRAIGHT-MAN-01.jpg","42001"
"LS2-STRAIGHT-MAN-02.jpg","Sản phẩm / Chưa rõ hãng","quần bảo hộ mô tô màu xanh rêu nhìn phía sau","http://localhost:3000/media/wp-uploads/2024/01/LS2-STRAIGHT-MAN-02.jpg","40449"
"LS2-STRAIGHT-MAN-03.jpg","Sản phẩm / Chưa rõ hãng","quần bảo hộ dáng ôm màu đen","http://localhost:3000/media/wp-uploads/2024/01/LS2-STRAIGHT-MAN-03.jpg","37486"
"LS2-STRAIGHT-MAN-04.jpg","Sản phẩm / Chưa rõ hãng","quần bảo hộ xám đen chụp sản phẩm","http://localhost:3000/media/wp-uploads/2024/01/LS2-STRAIGHT-MAN-04.jpg","40537"
"LS2-VENTO-01-2.jpg","Sản phẩm / LS2","quần bảo hộ LS2 màu đen","http://localhost:3000/media/wp-uploads/2024/01/LS2-VENTO-01-2.jpg","43827"
"LS2-VENTO-02-1.jpg","Sản phẩm / LS2","quần bảo hộ LS2 màu đen nhìn phía sau","http://localhost:3000/media/wp-uploads/2024/01/LS2-VENTO-02-1.jpg","46487"
"ls2.jpg","Thương hiệu","logo thương hiệu LS2 Helmets","http://localhost:3000/media/wp-uploads/2020/10/ls2.jpg","5123"
"Ly-do-dan-di-chuyen-chon.jpg","Ảnh minh hoạ","hai người mặc trang phục ngoài trời trên phố","http://localhost:3000/media/wp-uploads/2026/02/Ly-do-dan-di-chuyen-chon.jpg","56452"
"m__b_o_hi_m_3-4.png","Ảnh minh hoạ","hình biểu tượng mũ bảo hiểm ba phần tư","http://localhost:3000/media/uploads/8a4e46a8-a418-4953-b1ae-3f04c30ad3f9/m__b_o_hi_m_3-4.png","44481"
"m__b_o_hi_m_dual_sport_caberg_tanami_carbon___2_in_1_c_n_th_c_t__tr_ng_l__ng.jpg","Sản phẩm / Caberg","mũ bảo hiểm CABERG carbon đặt trên cân","http://localhost:3000/media/uploads/7932045e-39e9-4ae4-a027-8caab089a012/m__b_o_hi_m_dual_sport_caberg_tanami_carbon___2_in_1_c_n_th_c_t__tr_ng_l__ng.jpg","107554"
"m__b_o_hi_m_fullface_agv_k1s_pinlock__1_.webp","Sản phẩm / AGV","mũ bảo hiểm AGV lắp kính chống mờ Pinlock","http://localhost:3000/media/uploads/1f9c11d3-74f7-4990-a0e5-ac880cdcf768/m__b_o_hi_m_fullface_agv_k1s_pinlock__1_.webp","111872"
"m__b_o_hi_m_fullface_cacbon_caberg_drift_evo__10_.png","Sản phẩm / Caberg","ảnh cận cảnh mũ bảo hiểm Caberg carbon","http://localhost:3000/media/uploads/a1e9c467-0ea9-42d7-869b-e1506ef58c97/m__b_o_hi_m_fullface_cacbon_caberg_drift_evo__10_.png","12515276"
"m__b_o_hi_m_fullface_cacbon_caberg_drift_evo__8_.png","Sản phẩm / Caberg","mũ bảo hiểm CABERG lật hàm màu đen trắng","http://localhost:3000/media/uploads/a20728c7-9f69-4c33-b05c-aa7cfedf0b09/m__b_o_hi_m_fullface_cacbon_caberg_drift_evo__8_.png","3241652"
"m__b_o_hi_m_fullface_cacbon_caberg_drift_evo__9_.png","Sản phẩm / Caberg","mũ bảo hiểm fullface carbon CABERG","http://localhost:3000/media/uploads/184a4913-121f-49d6-bc37-b732c782c3a0/m__b_o_hi_m_fullface_cacbon_caberg_drift_evo__9_.png","4964772"
"m__b_o_hi_m_fullface_th_o_h_m_ilm_z302__58_.webp","Ảnh minh hoạ","người đi xe đội mũ bảo hiểm địa hình màu trắng","http://localhost:3000/media/uploads/4046818c-10e8-4c7d-bc56-ebfcf37c89b5/m__b_o_hi_m_fullface_th_o_h_m_ilm_z302__58_.webp","136664"
"m__b_o_hi_m_fullface_th_o_h_m_ilm_z302-mau-trang-thao-ham.webp","Ảnh minh hoạ","người đội mũ bảo hiểm trắng và mặc áo khoác đi đường","http://localhost:3000/media/uploads/3fcd55eb-78cf-4bd1-8ae1-46f0bd2e7d3f/m__b_o_hi_m_fullface_th_o_h_m_ilm_z302-mau-trang-thao-ham.webp","253944"
"mau-balo-givi-pbp01-30l.jpg","Sản phẩm / GIVI","người mẫu đeo balo chống nước GIVI","http://localhost:3000/media/wp-uploads/2026/01/mau-balo-givi-pbp01-30l.jpg","22315"
"meo-bao-quan-ve-sinh-do-bao-ho-mo-to-xe-may.jpg","Sản phẩm / Chưa rõ hãng","mũ bảo hiểm fullface đặt trên mặt đường","http://localhost:3000/media/wp-uploads/2020/06/meo-bao-quan-ve-sinh-do-bao-ho-mo-to-xe-may.jpg","256849"
"MG_6787-Enhanced-NR-scaled.jpg","Sản phẩm / TAICHI","giày mô tô TAICHI màu đen dùng khoá BOA","http://localhost:3000/media/wp-uploads/2023/10/MG_6787-Enhanced-NR-scaled.jpg","452587"
"MG_8465-Enhanced-NR-1024x1024.jpg","Ảnh minh hoạ","người đội mũ bảo hiểm fullface kính gương","http://localhost:3000/media/migration/wordpress/59/5989129fb5fabf2aebfc7e74b1049de5958402ff0da58a2acc6c377be95c2dc9/MG_8465-Enhanced-NR-1024x1024.jpg","186074"
"MG_8476-Enhanced-NR-1024x1024.jpg","Sản phẩm / Chưa rõ hãng","người đội mũ bảo hiểm cả đầu màu đen","http://localhost:3000/media/migration/wordpress/38/38879628599221a4d484d408bf3c53f5dc2bee2970414629a6db418d2ff15d55/MG_8476-Enhanced-NR-1024x1024.jpg","201397"
"MG_8486-Enhanced-NR-1024x1024.jpg","Sản phẩm / Caberg","người đội mũ bảo hiểm CABERG hoạ tiết răng","http://localhost:3000/media/migration/wordpress/ca/ca10ee66c14f997c7eeec7084e6d92d78e2d1de8a5d0531ac14e3a27471fe8d8/MG_8486-Enhanced-NR-1024x1024.jpg","229093"
"MG_8489-Enhanced-NR-1024x1024.jpg","Sản phẩm / Chưa rõ hãng","người đội mũ bảo hiểm DMT họa tiết đầu lâu","http://localhost:3000/media/migration/wordpress/c4/c4685373834438ba39f3928c2e3b882c68f25920c796f90e35e9ddc9d90b1885/MG_8489-Enhanced-NR-1024x1024.jpg","208307"
"mieng-de-dan-carbon-tu-tinh-m36-patch-cho-gia-do-m36-gan-tren-xe.png","Sản phẩm / KEWIG","ảnh mô tả cơ cấu khoá từ tính của giá đỡ điện thoại KEWIG","http://localhost:3000/media/uploads/ef4426f1-b1df-43b1-be9b-c82749752ab8/mieng-de-dan-carbon-tu-tinh-m36-patch-cho-gia-do-m36-gan-tren-xe.png","2525048"
"MIENG-GIAP-BAO-VE-VAI-KOMINE-SK-812-LEVEL-2-01.jpg","Sản phẩm / Chưa rõ hãng","cặp miếng giáp bảo hộ màu vàng","http://localhost:3000/media/wp-uploads/2025/05/MIENG-GIAP-BAO-VE-VAI-KOMINE-SK-812-LEVEL-2-01.jpg","44603"
"MIENG-GIAP-BAO-VE-VAI-KOMINE-SK-812-LEVEL-2-02.jpg","Sản phẩm / Chưa rõ hãng","bản vẽ kích thước miếng giáp màu vàng","http://localhost:3000/media/wp-uploads/2025/05/MIENG-GIAP-BAO-VE-VAI-KOMINE-SK-812-LEVEL-2-02.jpg","52349"
"mu-bao-hiem-3-4-ls2-of-610-mau-xam-anh-studio.webp","Sản phẩm / LS2","mũ bảo hiểm LS2 ba phần tư màu xám","http://localhost:3000/media/uploads/8ad9bb24-c08a-4bc3-9ade-0040f48f97ef/mu-bao-hiem-3-4-ls2-of-610-mau-xam-anh-studio.webp","222986"
"mu-bao-hiem-adventure-caberg-cacbon-tanami-lot-trong__1_.jpg","Sản phẩm / Caberg","ảnh bên trong mũ bảo hiểm Caberg","http://localhost:3000/media/uploads/b1d088eb-31aa-427e-b00e-1881b93fe063/mu-bao-hiem-adventure-caberg-cacbon-tanami-lot-trong__1_.jpg","155852"
"mu-bao-hiem-adventure-caberg-cacbon-tanami-mat-nghieng.jpg","Sản phẩm / Caberg","mũ bảo hiểm địa hình Caberg carbon màu đen","http://localhost:3000/media/uploads/385d5e09-6952-4b29-8534-afbc43b3dc99/mu-bao-hiem-adventure-caberg-cacbon-tanami-mat-nghieng.jpg","108626"
"mu-bao-hiem-agv-fullface-k3-can-nang-thuc-te.jpg","Sản phẩm / AGV","mũ bảo hiểm AGV đặt trên cân điện tử","http://localhost:3000/media/uploads/dea3c3f4-cdc1-4040-8f5c-8b7fffb12ac1/mu-bao-hiem-agv-fullface-k3-can-nang-thuc-te.jpg","390356"
"mu-bao-hiem-agv-fullface-k3-can-nang-thuc-te.webp","Sản phẩm / AGV","mũ bảo hiểm AGV màu đen đặt trên cân","http://localhost:3000/media/uploads/226e3361-778b-4ff8-b6f9-456cc9a7aa22/mu-bao-hiem-agv-fullface-k3-can-nang-thuc-te.webp","165956"
"mu-bao-hiem-agv-thumbnail.jpg","Sản phẩm / AGV","hai người đội mũ bảo hiểm AGV màu xanh","http://localhost:3000/media/wp-uploads/2024/05/mu-bao-hiem-agv-thumbnail.jpg","41779"
"mu-bao-hiem-caberg-drift-evo-ii-carbon-can-thuc-te-tren-can-tieu-ly.webp","Sản phẩm / Caberg","mũ bảo hiểm Caberg carbon đặt trên cân","http://localhost:3000/media/uploads/63bbb823-1f87-4cd3-8340-049cf777c1f7/mu-bao-hiem-caberg-drift-evo-ii-carbon-can-thuc-te-tren-can-tieu-ly.webp","230962"
"mu-bao-hiem-caberg-drift-evo-ii-carbon-chat-lieu-vo-mu-carbon-that.webp","Sản phẩm / Caberg","ảnh thông số vỏ carbon mũ Caberg","http://localhost:3000/media/uploads/788c8293-e342-4eeb-baef-1b2efa8c4e7a/mu-bao-hiem-caberg-drift-evo-ii-carbon-chat-lieu-vo-mu-carbon-that.webp","230634"
"Mu-bao-hiem-dual-sport-carbon-MX701-Explorer-04-1-1.jpg","Sản phẩm / LS2","mũ bảo hiểm LS2 adventure trắng xanh đỏ","http://localhost:3000/media/migration/wordpress/b5/b53064a57cb823d740be28d9ea32ab2f6875518b67ae9e00f0b6921a683f67d7/Mu-bao-hiem-dual-sport-carbon-MX701-Explorer-04-1-1.jpg","65222"
"mu-bao-hiem-fulface-retro-ilm-z503-3-mau-kinh-thay-goc-nhin-rong.webp","Sản phẩm / ILM","ảnh thông số ba màu kính thay thế của mũ ILM","http://localhost:3000/media/uploads/9eb79d48-6961-4a6f-9873-8b7800653379/mu-bao-hiem-fulface-retro-ilm-z503-3-mau-kinh-thay-goc-nhin-rong.webp","254746"
"mu-bao-hiem-fulface-retro-ilm-z503-can-thuc-te-tren-can-tieu-ly.webp","Sản phẩm / ILM","ảnh thông số trọng lượng mũ ILM Z503","http://localhost:3000/media/uploads/ec44c248-b559-451a-aa0b-12abe3144d15/mu-bao-hiem-fulface-retro-ilm-z503-can-thuc-te-tren-can-tieu-ly.webp","230612"
"mu-bao-hiem-fulface-retro-ilm-z503-ch_p-goc-nghieng-anh-icon.webp","Sản phẩm / Chưa rõ hãng","ảnh thu nhỏ mũ bảo hiểm cả đầu màu đen không rõ hãng","http://localhost:3000/media/uploads/b629f0eb-8bf2-4dc7-b278-cb1a08337892/mu-bao-hiem-fulface-retro-ilm-z503-ch_p-goc-nghieng-anh-icon.webp","2154"
"mu-bao-hiem-fulface-retro-ilm-z503-chuan-dot-my.webp","Sản phẩm / ILM","ảnh chứng nhận DOT của mũ bảo hiểm ILM","http://localhost:3000/media/uploads/9bb4273f-6765-42b9-bf97-7f12131e4997/mu-bao-hiem-fulface-retro-ilm-z503-chuan-dot-my.webp","218930"
"mu-bao-hiem-fulface-retro-ilm-z503-gi_m-on-ho-tro-deo-kinh-can.webp","Sản phẩm / Chưa rõ hãng","ảnh thông số ron kính và khoang đeo kính cận của mũ","http://localhost:3000/media/uploads/a92af9b1-f969-4c7b-8736-f85cbb50eee2/mu-bao-hiem-fulface-retro-ilm-z503-gi_m-on-ho-tro-deo-kinh-can.webp","233890"
"mu-bao-hiem-fullface-2-kinh-ss-1600-critical-mass-black-red-02.jpg","Sản phẩm / Chưa rõ hãng","mũ bảo hiểm fullface hoạ tiết đỏ đen","http://localhost:3000/media/wp-uploads/2020/06/mu-bao-hiem-fullface-2-kinh-ss-1600-critical-mass-black-red-02.jpg","145583"
"mu-bao-hiem-fullface-agv-k1s__2_.jpg","Sản phẩm / AGV","ảnh ghép chi tiết mũ bảo hiểm AGV màu trắng","http://localhost:3000/media/uploads/57bc0b38-dab9-4b82-81fb-1622e59af173/mu-bao-hiem-fullface-agv-k1s__2_.jpg","416621"
"mu-bao-hiem-fullface-agv-k1s-can-nang-thuc-te.jpg","Sản phẩm / AGV","mũ bảo hiểm AGV màu trắng đặt trên cân","http://localhost:3000/media/uploads/56c450d3-77d7-4b31-908f-af431cd94b99/mu-bao-hiem-fullface-agv-k1s-can-nang-thuc-te.jpg","333840"
"mu-bao-hiem-fullface-agv-k1s-mat-sau-chuan-qc.jpg","Sản phẩm / AGV","cận cảnh logo phía sau mũ bảo hiểm AGV trắng","http://localhost:3000/media/uploads/1c77f0b6-7398-4486-97e6-2568b88e2cf7/mu-bao-hiem-fullface-agv-k1s-mat-sau-chuan-qc.jpg","361804"
"mu-bao-hiem-fullface-agv-k1s-mat-trong-cua-lot.jpg","Sản phẩm / Chưa rõ hãng","chi tiết lớp lót bên trong mũ bảo hiểm","http://localhost:3000/media/uploads/d806532e-f29f-40b2-93a4-72b9828215e6/mu-bao-hiem-fullface-agv-k1s-mat-trong-cua-lot.jpg","808705"
"mu-bao-hiem-fullface-caberg-drift-evo-cacbon-den-bong-tron-can-nang-thuc-te.jpg","Sản phẩm / Caberg","mũ bảo hiểm Caberg carbon đặt trên cân","http://localhost:3000/media/uploads/5f76aca8-32e3-4dc4-a541-de0a153006f3/mu-bao-hiem-fullface-caberg-drift-evo-cacbon-den-bong-tron-can-nang-thuc-te.jpg","567884"
"mu-bao-hiem-fullface-caberg-drift-evo-cacbon-den-bong-tron-mat-nghieng.jpg","Sản phẩm / Caberg","mũ bảo hiểm fullface carbon CABERG ở góc khác","http://localhost:3000/media/uploads/b5da6b96-8314-402c-a947-0ad54ee14350/mu-bao-hiem-fullface-caberg-drift-evo-cacbon-den-bong-tron-mat-nghieng.jpg","296119"
"mu-bao-hiem-fullface-caberg-drift-evo-carbon-dvt-kinh-ram-tich-hop-kem-pinlock-chong-dong-suong.webp","Sản phẩm / Caberg","ảnh thông số kính râm tích hợp của mũ Caberg","http://localhost:3000/media/uploads/e15e8518-d836-4deb-9b76-6557c1d6b625/mu-bao-hiem-fullface-caberg-drift-evo-carbon-dvt-kinh-ram-tich-hop-kem-pinlock-chong-dong-suong.webp","253008"
"mu-bao-hiem-fullface-caberg-drift-evo-carbon-mau-xam.jpg","Sản phẩm / Caberg","mũ bảo hiểm CABERG carbon màu đen","http://localhost:3000/media/uploads/969aaa6a-bdb2-435d-b7de-9d2c0fd0bd97/mu-bao-hiem-fullface-caberg-drift-evo-carbon-mau-xam.jpg","330605"
"mu-bao-hiem-fullface-caberg-drift-evo-carbon-tinh-nang-s_-medical-id-nfc-tich-hop-sau-duoi-non.webp","Sản phẩm / Caberg","ảnh hướng dẫn thẻ SOS NFC trên mũ CABERG","http://localhost:3000/media/uploads/43b26d81-642f-44c6-9085-00d1c84ef75c/mu-bao-hiem-fullface-caberg-drift-evo-carbon-tinh-nang-s_-medical-id-nfc-tich-hop-sau-duoi-non.webp","248298"
"mu-bao-hiem-fullface-carbon-nic-n01-2-kinh-can-thuc-te-size-l.webp","Sản phẩm / Caberg","mũ bảo hiểm Caberg carbon đặt trên cân","http://localhost:3000/media/uploads/7ee90a09-53c1-48b7-84e5-7fe12f5c9175/mu-bao-hiem-fullface-carbon-nic-n01-2-kinh-can-thuc-te-size-l.webp","168348"
"mu-bao-hiem-fullface-carbon-nic-n01-2-kinh-lchi-tiet-cac-vi-tri.webp","Sản phẩm / NIC","ảnh ghép chi tiết mũ bảo hiểm NIC carbon","http://localhost:3000/media/uploads/40b1c52e-ff8c-4853-b95e-6dd39b351331/mu-bao-hiem-fullface-carbon-nic-n01-2-kinh-lchi-tiet-cac-vi-tri.webp","255740"
"mu-bao-hiem-fullface-carbon-nic-n01-2-kinh-lop-lot-non-ben-trong.webp","Sản phẩm / Chưa rõ hãng","ảnh thông số lớp lót Coolmax và tháo khẩn cấp của mũ không rõ hãng","http://localhost:3000/media/uploads/35678f3c-5e32-4489-ba9c-800c891e1b85/mu-bao-hiem-fullface-carbon-nic-n01-2-kinh-lop-lot-non-ben-trong.webp","214762"
"mu-bao-hiem-fullface-carbon-nic-n01-2-kinh-revo.webp","Sản phẩm / NIC","ảnh thông số kính trong và kính REVO của mũ NIC","http://localhost:3000/media/uploads/5528fce1-5f5e-4c49-8645-024f8055daf8/mu-bao-hiem-fullface-carbon-nic-n01-2-kinh-revo.webp","199826"
"mu-bao-hiem-fullface-carbon-nic-n01f-can-nang-thuc-te-tren-can-tieu-ly.webp","Sản phẩm / NIC","mũ bảo hiểm carbon NIC đặt trên cân","http://localhost:3000/media/uploads/4209215e-d762-4bf4-b2d7-9984ad02afc1/mu-bao-hiem-fullface-carbon-nic-n01f-can-nang-thuc-te-tren-can-tieu-ly.webp","249788"
"mu-bao-hiem-fullface-carbon-nic-n01f-kinh-revo.webp","Sản phẩm / NIC","ảnh thông số khóa kính và kính REVO của mũ NIC","http://localhost:3000/media/uploads/3936c137-7f4d-4dfc-ad08-7283fbfd0550/mu-bao-hiem-fullface-carbon-nic-n01f-kinh-revo.webp","243694"
"mu-bao-hiem-fullface-carbon-nic-n01f-lot-trong-non-coolmax-3d.webp","Sản phẩm / Chưa rõ hãng","ảnh thông số lớp lót Coolmax và tháo khẩn cấp của mũ","http://localhost:3000/media/uploads/c846d698-a347-4264-bf7c-0462d7869b9f/mu-bao-hiem-fullface-carbon-nic-n01f-lot-trong-non-coolmax-3d.webp","233524"
"mu-bao-hiem-fullface-carbon-nic-n02-1-kinh-can-nang-thuc-te.webp","Sản phẩm / Chưa rõ hãng","ảnh thông số trọng lượng mũ bảo hiểm carbon","http://localhost:3000/media/uploads/ebdaec88-3386-4782-aeb7-273175c3aff9/mu-bao-hiem-fullface-carbon-nic-n02-1-kinh-can-nang-thuc-te.webp","221500"
"mu-bao-hiem-fullface-carbon-nic-n02-1-kinh-kinh-revo-doi-mau.webp","Sản phẩm / NIC","ảnh thông số kính đổi màu theo tia UV của mũ NIC","http://localhost:3000/media/uploads/1e8d5da0-9282-474e-8489-60862911c901/mu-bao-hiem-fullface-carbon-nic-n02-1-kinh-kinh-revo-doi-mau.webp","237494"
"mu-bao-hiem-fullface-carbon-nic-n02-1-kinh.webp","Sản phẩm / NIC","mũ bảo hiểm fullface carbon NIC","http://localhost:3000/media/uploads/47da0e1b-b6ff-4ea1-b65c-6ebf1e024667/mu-bao-hiem-fullface-carbon-nic-n02-1-kinh.webp","238226"
"mu-bao-hiem-fullface-carbon-nic-n02-1-kinh.webp","Sản phẩm / NIC","mũ bảo hiểm cả đầu NIC carbon màu đen","http://localhost:3000/media/uploads/80f6e655-55db-4b2f-9f30-e35d19ffbdc6/mu-bao-hiem-fullface-carbon-nic-n02-1-kinh.webp","243430"
"mu-bao-hiem-fullface-ilm-mf-509-2-lop-kinh.webp","Sản phẩm / Chưa rõ hãng","ảnh thông số thiết kế hai lớp kính mũ bảo hiểm","http://localhost:3000/media/uploads/87e3b7fa-0415-4391-b6f2-db158449494d/mu-bao-hiem-fullface-ilm-mf-509-2-lop-kinh.webp","220818"
"mu-bao-hiem-fullface-ilm-mf-509-anh-hero.webp","Banner","ảnh quảng cáo đồ bảo hộ dành cho xe đường phố và xe thể thao","http://localhost:3000/media/uploads/2d2d8b40-8986-4460-a067-ff92abb02fe3/mu-bao-hiem-fullface-ilm-mf-509-anh-hero.webp","253648"
"mu-bao-hiem-fullface-ilm-mf-509-banner.webp","Banner","ảnh quảng cáo mũ cho xe đường phố và xe thể thao","http://localhost:3000/media/uploads/2d6ef677-fa86-4a64-bca6-0ec530998112/mu-bao-hiem-fullface-ilm-mf-509-banner.webp","245308"
"mu-bao-hiem-fullface-ilm-mf-509-can-thuc-te-tren-can-tieu-li.webp","Sản phẩm / Chưa rõ hãng","mũ bảo hiểm hoạ tiết vàng đặt trên cân","http://localhost:3000/media/uploads/df8a4385-cd8d-4d87-a608-6d49868c5d8e/mu-bao-hiem-fullface-ilm-mf-509-can-thuc-te-tren-can-tieu-li.webp","234646"
"mu-bao-hiem-fullface-ilm-mf-509-co-che-khoa-kinh.webp","Sản phẩm / Chưa rõ hãng","ảnh thông số cơ chế khóa kính mũ bảo hiểm","http://localhost:3000/media/uploads/f2185677-f2aa-4b50-b458-8d67f70651fa/mu-bao-hiem-fullface-ilm-mf-509-co-che-khoa-kinh.webp","232726"
"mu-bao-hiem-fullface-ilm-mf-509-nhieu-tem.webp","Sản phẩm / ILM","bảng màu mũ bảo hiểm ILM MF509","http://localhost:3000/media/uploads/246d3688-29f7-41d2-b638-65540d502212/mu-bao-hiem-fullface-ilm-mf-509-nhieu-tem.webp","233402"
"mu-bao-hiem-fullface-ilm-mf-509-trong-thung-co-gi.webp","Sản phẩm / ILM","ảnh giới thiệu phụ kiện trong hộp mũ ILM","http://localhost:3000/media/uploads/b1176875-4efc-475e-b18c-7db63901935b/mu-bao-hiem-fullface-ilm-mf-509-trong-thung-co-gi.webp","240702"
"MU-BAO-HIEM-LS2-FF800-DEN-BONG-2-1.jpg","Sản phẩm / LS2","mũ bảo hiểm fullface LS2 màu đen","http://localhost:3000/media/migration/wordpress/2b/2bd99c0a30fc7a80c7fbb8c980439720d90fa538c2933fa45577eb4408a2ee12/MU-BAO-HIEM-LS2-FF800-DEN-BONG-2-1.jpg","198486"
"MU-BAO-HIEM-LS2-FF800-DEN-BONG-2-Custom.jpg","Sản phẩm / Chưa rõ hãng","ảnh thu nhỏ mũ bảo hiểm cả đầu không rõ hãng","http://localhost:3000/media/migration/wordpress/c3/c35faee200189e7ade2754d5671b0b4cd014921043f7ebc1abb353bc1cd078dc/MU-BAO-HIEM-LS2-FF800-DEN-BONG-2-Custom.jpg","3557"
"MU-BAO-HIEM-LS2-FF800-DEN-BONG-3.jpg","Sản phẩm / LS2","mũ bảo hiểm cả đầu LS2 màu đen","http://localhost:3000/media/migration/wordpress/25/255ad7c8633c98994aaa0bbb3d6450899a62e46587ed9bc67a2b2e1cca0222d3/MU-BAO-HIEM-LS2-FF800-DEN-BONG-3.jpg","188597"
"MU-BAO-HIEM-LS2-FF800-DEN-BONG-4.jpg","Sản phẩm / LS2","mũ bảo hiểm địa hình LS2 màu đen xanh","http://localhost:3000/media/migration/wordpress/f1/f1ec75b96a1f47408fbb7ffd842bde57db73be9c821ea5eac7bd8d7abbcf1a8f/MU-BAO-HIEM-LS2-FF800-DEN-BONG-4.jpg","188982"
"MU-BAO-HIEM-LS2-FF800-DEN-BONG-8.jpg","Sản phẩm / LS2","mũ bảo hiểm LS2 Storm màu đen nhìn từ sau","http://localhost:3000/media/migration/wordpress/54/5476be13636cf139fa2607ff044201754e821db79a528e728cb29e614730d8fa/MU-BAO-HIEM-LS2-FF800-DEN-BONG-8.jpg","161711"
"mu-bao-hiem-ls2-ff800-den-nham-1.jpg","Sản phẩm / LS2","mặt sau mũ bảo hiểm LS2","http://localhost:3000/media/migration/wordpress/19/196004e46dbe1094efb7bb5657765f2a27749cd67b64b8c1f043c4361a7588ff/mu-bao-hiem-ls2-ff800-den-nham-1.jpg","163948"
"mu-bao-hiem-ls2-ff800-den-nham-2-1.jpg","Sản phẩm / LS2","mũ bảo hiểm LS2 kín mặt màu xám","http://localhost:3000/media/migration/wordpress/ed/ed3d254e874fd8fa1b3b01516b399fe49cd314ac86cd2ef2d30f1954973cb8fb/mu-bao-hiem-ls2-ff800-den-nham-2-1.jpg","172634"
"mu-bao-hiem-ls2-ff800-den-nham-2-Custom.jpg","Sản phẩm / Chưa rõ hãng","mũ bảo hiểm fullface màu đen đỏ","http://localhost:3000/media/migration/wordpress/62/62abf06b518a1e586ae7e57f03115ba1f37d710b485e94287d154b9768bb766a/mu-bao-hiem-ls2-ff800-den-nham-2-Custom.jpg","3480"
"mu-bao-hiem-ls2-ff800-den-nham-3.jpg","Sản phẩm / LS2","mũ bảo hiểm fullface LS2 màu đen","http://localhost:3000/media/migration/wordpress/2f/2f14d8d23772b8f15f045f3df4d7816e576a95968d3d95f158eadedfb18c4323/mu-bao-hiem-ls2-ff800-den-nham-3.jpg","168502"
"mu-bao-hiem-ls2-ff800-den-nham.jpg","Sản phẩm / LS2","mũ bảo hiểm LS2 fullface màu đen","http://localhost:3000/media/migration/wordpress/9d/9d1919fd85670247166f0e7c9ad8beb7543a3809678aa988b85f9e7a691b3246/mu-bao-hiem-ls2-ff800-den-nham.jpg","171310"
"MU-BAO-HIEM-LS2-FF800-DO-XAM-1-1.jpg","Sản phẩm / LS2","mũ bảo hiểm LS2 đỏ cam","http://localhost:3000/media/migration/wordpress/da/da0deed3fbee0dfd76e02e9c3ee5084e8e897084ca948496702c5b7d258341a1/MU-BAO-HIEM-LS2-FF800-DO-XAM-1-1.jpg","205568"
"MU-BAO-HIEM-LS2-FF800-DO-XAM-1-Custom.jpg","Sản phẩm / Chưa rõ hãng","ảnh thu nhỏ mũ bảo hiểm đỏ xanh","http://localhost:3000/media/migration/wordpress/45/45a188b697f1229edbecc4ecf630a2948c404bad852d76afde506b65dabfbf9a/MU-BAO-HIEM-LS2-FF800-DO-XAM-1-Custom.jpg","3999"
"MU-BAO-HIEM-LS2-FF800-DO-XAM-6.jpg","Sản phẩm / LS2","mũ bảo hiểm LS2 nhìn phía sau","http://localhost:3000/media/migration/wordpress/63/6366b4d9c112473d19d2e01ad9ece881a128ccf7573fe7a849a87db54fff30d7/MU-BAO-HIEM-LS2-FF800-DO-XAM-6.jpg","188423"
"MU-BAO-HIEM-LS2-FF800-DO-XAM-7.jpg","Sản phẩm / LS2","mũ bảo hiểm fullface LS2 màu đỏ xám","http://localhost:3000/media/migration/wordpress/5f/5fa74c844f8e3b695fb0db55d16064da8c7af2a080ee46ef0d4c0eee76b28825/MU-BAO-HIEM-LS2-FF800-DO-XAM-7.jpg","187150"
"MU-BAO-HIEM-LS2-FF800-DO-XAM-8.jpg","Sản phẩm / LS2","mũ bảo hiểm lật hàm LS2 cam đen","http://localhost:3000/media/migration/wordpress/95/954903e5d5e20d8d5e0bfaa8284ae09fe1025939661df6cc754dda1de9bd764b/MU-BAO-HIEM-LS2-FF800-DO-XAM-8.jpg","212187"
"mu-bao-hiem-ls2-ff800-storm-1-Custom.jpg","Sản phẩm / LS2","mũ bảo hiểm fullface LS2 màu cam xanh nhìn phía sau","http://localhost:3000/media/migration/wordpress/aa/aa96313e5444f5474aa129a0d8cf5bffb893a50f2c33fdbb9ef480b0ceef2097/mu-bao-hiem-ls2-ff800-storm-1-Custom.jpg","470287"
"mu-bao-hiem-ls2-ff800-storm-4-Custom.jpg","Sản phẩm / LS2","mũ bảo hiểm fullface LS2 màu cam xanh nhìn nghiêng","http://localhost:3000/media/migration/wordpress/e2/e2768fb0a723d1049279696f8d799eee517589caaf6d3552ec08d0f8c0d845e5/mu-bao-hiem-ls2-ff800-storm-4-Custom.jpg","497746"
"mu-bao-hiem-ls2-ff800-storm-6-Custom.jpg","Sản phẩm / LS2","mũ bảo hiểm LS2 fullface màu cam xanh","http://localhost:3000/media/migration/wordpress/1f/1fb83494059f61ac528b6077a39b57e3486e03e095424eb9890832f81b9d0319/mu-bao-hiem-ls2-ff800-storm-6-Custom.jpg","479368"
"mu-bao-hiem-ls2-ff800-storm-7-Custom-Custom.jpg","Sản phẩm / Chưa rõ hãng","mũ bảo hiểm màu cam ảnh kích thước rất nhỏ","http://localhost:3000/media/migration/wordpress/fe/fe350e67feb3fe0f16d40f782dca7b4411958858231140a4c09d6f4b2d9e2da5/mu-bao-hiem-ls2-ff800-storm-7-Custom-Custom.jpg","2129"
"MU-BAO-HIEM-LS2-FF800-TITANIUM-17.jpg","Sản phẩm / LS2","mũ bảo hiểm LS2 kín mặt màu xám","http://localhost:3000/media/migration/wordpress/7d/7d7ecd89d1522086844853c44e5cf953c1e1394b368e2511b25048dbc7f39a02/MU-BAO-HIEM-LS2-FF800-TITANIUM-17.jpg","196344"
"MU-BAO-HIEM-LS2-FF800-XAM-3.jpg","Sản phẩm / LS2","mặt sau mũ bảo hiểm LS2 màu bạc","http://localhost:3000/media/migration/wordpress/d9/d9787a67daa050b4237d90fe6651ca8fbc3f3e52e046fc75c0e89f36f1dc4997/MU-BAO-HIEM-LS2-FF800-XAM-3.jpg","190233"
"MU-BAO-HIEM-LS2-FF800-XAM-6.jpg","Sản phẩm / LS2","mũ bảo hiểm cả đầu LS2","http://localhost:3000/media/migration/wordpress/f0/f01c2a7d4ed40d3a61882ee833b5151df5d40fac1ca3209dddfa74c563f7843f/MU-BAO-HIEM-LS2-FF800-XAM-6.jpg","216061"
"MU-BAO-HIEM-LS2-FF800-XAM-7.jpg","Sản phẩm / LS2","mũ bảo hiểm fullface LS2 màu xám","http://localhost:3000/media/migration/wordpress/7e/7ee9e0732efe6cad0898e248c03700ceb59a69767e9240b2d9bf1128f2c127be/MU-BAO-HIEM-LS2-FF800-XAM-7.jpg","190426"
"MU-BAO-HIEM-LS2-FF800-XAM-8-Custom.jpg","Sản phẩm / Chưa rõ hãng","mũ bảo hiểm ảnh kích thước rất nhỏ","http://localhost:3000/media/migration/wordpress/50/50cebd54f1d378fba10621975e71e3a0d669bdd671b13708520bfee0a52f81d0/MU-BAO-HIEM-LS2-FF800-XAM-8-Custom.jpg","3500"
"Mu-bao-hiem-moto-ls2-copter-of600-07-05.jpg","Sản phẩm / LS2","mũ bảo hiểm lật hàm LS2 trắng đen đỏ","http://localhost:3000/media/migration/wordpress/de/de2c3146a320333ab497e961ac34306049ede01e1ba7430bd0288557497c8d18/Mu-bao-hiem-moto-ls2-copter-of600-07-05.jpg","77087"
"mu-bao-hiem-poc-p10-mau-trang-bong.png","Sản phẩm / Chưa rõ hãng","mũ bảo hiểm POC màu trắng","http://localhost:3000/media/migration/wordpress/ab/ab9c8e57d7ba94f31fadbeb7d54a43b62c6122eed6313867bcf2a40691800af5/mu-bao-hiem-poc-p10-mau-trang-bong.png","330781"
"mu-bao-hiem-thao-ham-ilm-z302-anh-hero_.webp","Sản phẩm / ILM","mũ bảo hiểm adventure ILM màu đen trắng","http://localhost:3000/media/uploads/c6ee3397-b343-4883-9cbb-d525d188105c/mu-bao-hiem-thao-ham-ilm-z302-anh-hero_.webp","110466"
"mu-bao-hiem-thao-ham-ilm-z302-anh-hero.webp","Sản phẩm / ILM","mũ bảo hiểm adventure ILM màu đen trắng","http://localhost:3000/media/uploads/478a56e2-a0bd-4b1f-a423-716b45b8a610/mu-bao-hiem-thao-ham-ilm-z302-anh-hero.webp","104790"
"mu-bao-hiem-thao-ham-ilm-z302-mau-trang-icon.webp","Sản phẩm / Chưa rõ hãng","mũ bảo hiểm địa hình màu trắng ảnh nhỏ","http://localhost:3000/media/uploads/1fd2f183-24e2-4412-9fd4-6d9a3b01c564/mu-bao-hiem-thao-ham-ilm-z302-mau-trang-icon.webp","2632"
"mu-cao-cao.jpg","Sản phẩm / LS2","mũ bảo hiểm địa hình LS2 xanh đen đỏ","http://localhost:3000/media/wp-uploads/2026/02/mu-cao-cao.jpg","33667"
"Mu-cao-cao.jpg","Sản phẩm / Caberg","mũ bảo hiểm địa hình Caberg carbon đen","http://localhost:3000/media/wp-uploads/2026/01/Mu-cao-cao.jpg","29316"
"mu-nua-dau-ls2-of610-1.png","Sản phẩm / LS2","ảnh thông số hệ thống thông khí mũ bảo hiểm LS2","http://localhost:3000/media/migration/wordpress/eb/ebe45a3eeac83daa6ee8eba951af137eedd3030e981f4cbf02ab67ac94d79efc/mu-nua-dau-ls2-of610-1.png","77636"
"mu-nua-dau-ls2-of610-3.png","Sản phẩm / LS2","ảnh thông số khóa và lớp xốp an toàn mũ LS2","http://localhost:3000/media/migration/wordpress/2d/2d522218251bce887d13a2cfe6ae6fde133bb8ba0cecae6cac8e69bd372193a4/mu-nua-dau-ls2-of610-3.png","77776"
"mu-nua-dau-ls2-of610.png","Sản phẩm / LS2","ảnh thông số mũ bảo hiểm LS2 ba phần tư màu trắng","http://localhost:3000/media/migration/wordpress/91/9126303b8cffff4bea552f34dfeaa341b288be53262b4c9028f6b140005200e8/mu-nua-dau-ls2-of610.png","76616"
"mua-mu-bao-hiem-o-dau-thumbnail.jpg","Ảnh minh hoạ","ảnh hỏi đáp về thời hạn sử dụng mũ bảo hiểm","http://localhost:3000/media/wp-uploads/2026/01/mua-mu-bao-hiem-o-dau-thumbnail.jpg","47565"
"mua-mu-bao-hiem-o-dau.jpg","Sản phẩm / Chưa rõ hãng","mũ bảo hiểm lật hàm trưng bày trên mannequin","http://localhost:3000/media/wp-uploads/2026/01/mua-mu-bao-hiem-o-dau.jpg","45736"
"nguoi-di-phuot-chay-xe-duong-dai.webp","Ảnh minh hoạ","người chạy mô tô trên đường núi","http://localhost:3000/media/wp-uploads/2026/04/nguoi-di-phuot-chay-xe-duong-dai.webp","56048"
"nhung-cau-hoi-thuong-gap.jpg","Ảnh minh hoạ","ba lô du lịch đặt trong rừng","http://localhost:3000/media/wp-uploads/2026/01/nhung-cau-hoi-thuong-gap.jpg","59167"
"Nhung-luu-y-quan-trong-khi-chon-noi-mua-mu-bao-hiem.jpg","Sản phẩm / Chưa rõ hãng","mũ bảo hiểm địa hình màu trắng","http://localhost:3000/media/wp-uploads/2026/01/Nhung-luu-y-quan-trong-khi-chon-noi-mua-mu-bao-hiem.jpg","22864"
"Nhung-sai-lam-thuong-gap-khi-mua-do-bao-ho.jpg","Sản phẩm / Chưa rõ hãng","áo khoác bảo hộ nữ màu đen viền nâu","http://localhost:3000/media/wp-uploads/2026/03/Nhung-sai-lam-thuong-gap-khi-mua-do-bao-ho.jpg","29850"
"NIC-N02-03.png","Sản phẩm / NIC","mặt sau mũ bảo hiểm carbon NIC","http://localhost:3000/media/migration/wordpress/9c/9c8f164e0b02a426ba78c42978eaafdd34a2cc954a90e2b8db525f2937e9ca64/NIC-N02-03.png","836823"
"NIC-N02-05.png","Sản phẩm / NIC","mũ bảo hiểm NIC carbon kính cam","http://localhost:3000/media/migration/wordpress/8a/8ae57282e124d0377ffe922b9596cd0d919157edb6bd11eadd97ca9df8b083b9/NIC-N02-05.png","228136"
"NIC-N02-06.png","Sản phẩm / NIC","mũ bảo hiểm NIC fullface kính vàng","http://localhost:3000/media/migration/wordpress/a9/a9339ed27939ba524ad278e45ba140e89bc2676c6b3810540e11f09eb734a1f5/NIC-N02-06.png","236151"
"NIC-N02-08.png","Sản phẩm / NIC","mũ bảo hiểm NIC carbon kính cam","http://localhost:3000/media/migration/wordpress/ea/eabd3dd22985975e4a83d891dd4992ccd4862b1669a780d911ab50e4fa00e591/NIC-N02-08.png","221717"
"njikm.png","Sản phẩm / Chưa rõ hãng","đôi ủng mô tô touring màu đen","http://localhost:3000/media/wp-uploads/2024/10/njikm.png","70571"
"non_full_face_hjc_tr1.jpeg","Sản phẩm / Chưa rõ hãng","mũ bảo hiểm HJC fullface màu trắng xanh","http://localhost:3000/media/wp-uploads/2020/06/non_full_face_hjc_tr1.jpeg","377269"
"non-302-trang.jpg","Ảnh minh hoạ","người đội mũ bảo hiểm lái mô tô trên phố","http://localhost:3000/media/migration/wordpress/e2/e21d31e30453e49de09bb311f76aca1810cbf894efa48b4704cb4a3c40ea467b/non-302-trang.jpg","547765"
"NON-BAO-HIEM-ILM-WS902-05-150x150-1.jpg","Sản phẩm / Chưa rõ hãng","ảnh thu nhỏ mũ bảo hiểm địa hình màu đen không rõ hãng","http://localhost:3000/media/wp-uploads/2026/03/NON-BAO-HIEM-ILM-WS902-05-150x150-1.jpg","4290"
"non-bao-hiem-ls2-of616-nardo-grey-anh-studio.webp","Sản phẩm / LS2","mũ bảo hiểm ba phần tư LS2 màu xám","http://localhost:3000/media/uploads/b6383cbc-34b3-4d5a-9c71-94516b6ed69b/non-bao-hiem-ls2-of616-nardo-grey-anh-studio.webp","224114"
"Non-Bao-Hiem-Poc-P10-05.jpg","Sản phẩm / Chưa rõ hãng","mũ và kính bảo hộ thể thao POC không có thư mục hãng","http://localhost:3000/media/migration/wordpress/3e/3eff9b47f9912c9044b14968474f7f2cefea2bc940d842ed054068f6e8c8d657/Non-Bao-Hiem-Poc-P10-05.jpg","53973"
"Non-Bao-Hiem-Poc-P10-06.jpg","Sản phẩm / Chưa rõ hãng","mũ bảo hiểm POC màu đen kèm kính trượt tuyết","http://localhost:3000/media/migration/wordpress/92/92e340a6178d5b0a7566e15b7053f8fdd9e90d129469937af46f02d5a9d2b69a/Non-Bao-Hiem-Poc-P10-06.jpg","63265"
"Non-Bao-Hiem-Poc-P10-07.jpg","Sản phẩm / Chưa rõ hãng","mũ bảo hiểm nửa đầu POC màu đen","http://localhost:3000/media/migration/wordpress/b5/b5bf16241b58adfc8aefb8854920e6287e81f5cbc4a195195201df245b3121f7/Non-Bao-Hiem-Poc-P10-07.jpg","54956"
"Non-Bao-Hiem-Poc-P10-08.jpg","Sản phẩm / Chưa rõ hãng","mũ bảo hiểm POC màu đen","http://localhost:3000/media/migration/wordpress/d9/d98925ea11b24ec1ab51605db786aa2d20ee15169be36353a6d8dfcc06eb41b7/Non-Bao-Hiem-Poc-P10-08.jpg","45885"
"Non-Bao-Hiem-Poc-P10-09-1.jpg","Sản phẩm / Chưa rõ hãng","mũ bảo hiểm nửa đầu màu đen","http://localhost:3000/media/migration/wordpress/f8/f8201db8d0b239be0af55d4546be4d7e90eb8d9731769906b1cfb9fa337796c3/Non-Bao-Hiem-Poc-P10-09-1.jpg","1753"
"Non-Bao-Hiem-Poc-P10-09.jpg","Sản phẩm / Chưa rõ hãng","mũ bảo hiểm POC màu đen","http://localhost:3000/media/migration/wordpress/5c/5c05663c59d07a95efd15f0f94e9361419072ddbf87ca387ebbb8396243c63d4/Non-Bao-Hiem-Poc-P10-09.jpg","44894"
"non-bao-hiem-trang-thumbnail.jpg","Sản phẩm / Chưa rõ hãng","mô hình mũ bảo hiểm trắng không có nhận diện hãng","http://localhost:3000/media/wp-uploads/2024/02/non-bao-hiem-trang-thumbnail.jpg","14848"
"NON-BAO-HO-FF-800-01-1.jpg","Sản phẩm / LS2","mũ bảo hiểm cả đầu LS2 trắng xanh đỏ","http://localhost:3000/media/migration/wordpress/98/98de534c216827289644341e1144f8f63a5547d8e7ba9c7533fb4b0d52316e21/NON-BAO-HO-FF-800-01-1.jpg","82978"
"NON-BAO-HO-FF-800-01.jpg","Sản phẩm / Chưa rõ hãng","ảnh thu nhỏ mũ bảo hiểm trắng đen","http://localhost:3000/media/migration/wordpress/e4/e4468c23f9baa96a204a986e3263f42f43bcf25360fb6ec80180cfaf1e726e66/NON-BAO-HO-FF-800-01.jpg","2071"
"non-fullface-ls2-1.png","Danh mục","biểu tượng danh mục nón cả đầu LS2","http://localhost:3000/media/wp-uploads/2026/05/non-fullface-ls2-1.png","809325"
"non-fullface-ls2-icon-1.png","Danh mục","biểu tượng danh mục mũ bảo hiểm cả đầu","http://localhost:3000/media/wp-uploads/2026/05/non-fullface-ls2-icon-1.png","4641"
"non-fullface-ls2-icon-2.png","Danh mục","biểu tượng danh mục mũ bảo hiểm","http://localhost:3000/media/wp-uploads/2026/05/non-fullface-ls2-icon-2.png","7231"
"non-fullface-ls2-icon-3.png","Danh mục","biểu tượng nét mũ bảo hiểm cả đầu","http://localhost:3000/media/wp-uploads/2026/05/non-fullface-ls2-icon-3.png","8693"
"non-fullface-ls2-nobg-1.png","Ảnh minh hoạ","hình nét vẽ mũ bảo hiểm","http://localhost:3000/media/wp-uploads/2026/05/non-fullface-ls2-nobg-1.png","1127402"
"num-van-tang-chinh-kich-thuoc.png","Sản phẩm / Chưa rõ hãng","ảnh cận cảnh mũ bảo hiểm POC màu đen","http://localhost:3000/media/migration/wordpress/41/41748974c9626608d79bead8dc936691e2dbe3450dd517850bfa5fda802775d5/num-van-tang-chinh-kich-thuoc.png","1918408"
"OIP-1.jpg","Thương hiệu","logo chữ SPYKE màu đen","http://localhost:3000/media/wp-uploads/2023/11/OIP-1.jpg","4001"
"op-lung-dien-thoai-kewig-iphone-case-m36-chong-be-man-hinh.png","Sản phẩm / Chưa rõ hãng","thiết bị điện tử gắn mũ màu đen","http://localhost:3000/media/uploads/d8016f7a-cdfd-4ca2-8ee6-3ff2b8e668d1/op-lung-dien-thoai-kewig-iphone-case-m36-chong-be-man-hinh.png","575438"
"op-lung-dien-thoai-kewig-iphone-case-m36-co-cau-gan-len-gia-do.png","Sản phẩm / KEWIG","đế sạc từ tính KEWIG gắn điện thoại","http://localhost:3000/media/uploads/e32fa269-22a8-4040-8892-58edcc6bfaa9/op-lung-dien-thoai-kewig-iphone-case-m36-co-cau-gan-len-gia-do.png","2696445"
"op-tai.png","Sản phẩm / Chưa rõ hãng","cận cảnh quai và đệm tai mũ bảo hiểm","http://localhost:3000/media/migration/wordpress/96/9638a5c3c4e03d297b4d77efa5c68dda0a3c3c18c6fd293185811966e65f66a1/op-tai.png","1397943"
"pasted-image-0-4.png","Sản phẩm / Chưa rõ hãng","người mang balo mô tô màu đen xám nhìn phía sau","http://localhost:3000/media/wp-uploads/2020/12/pasted-image-0-4.png","1130692"
"Path-6263.png","Danh mục","biểu tượng danh mục găng tay","http://localhost:3000/media/wp-uploads/2020/07/Path-6263.png","796"
"Phan-loai-theo-chat-lieu.jpg","Ảnh minh hoạ","ba người mẫu mặc quần túi hộp thời trang","http://localhost:3000/media/wp-uploads/2026/02/Phan-loai-theo-chat-lieu.jpg","59673"
"phan-quang-ong-quan-komine.jpg","Sản phẩm / Chưa rõ hãng","cận cảnh cổ ủng bảo hộ màu nâu không rõ hãng","http://localhost:3000/media/wp-uploads/2024/04/phan-quang-ong-quan-komine.jpg","56664"
"QuadLock-Logo.jpg","Thương hiệu","logo QUAD LOCK","http://localhost:3000/media/wp-uploads/2026/05/QuadLock-Logo.jpg","13403"
"quan-ao-bao-ho-xe-may.jpg","Sản phẩm / SPYKE","người mẫu mặc bộ áo quần bảo hộ SPYKE","http://localhost:3000/media/wp-uploads/2026/03/quan-ao-bao-ho-xe-may.jpg","23048"
"quan-ao-di-phuot.jpg","Sản phẩm / KOMINE","áo khoác bảo hộ KOMINE kèm các miếng giáp","http://localhost:3000/media/wp-uploads/2026/02/quan-ao-di-phuot.jpg","34559"
"quan-apollo-2.png","Sản phẩm / Chưa rõ hãng","bảng thông số quần bảo hộ Apollo","http://localhost:3000/media/migration/wordpress/28/2855aecefa8e1007ca8b1839fa671f0719a8850fb46e0ff0105fd81114f13312/quan-apollo-2.png","282115"
"quan-bao-ho-di-mo-to-xe-may-phuot-LS2-router-lady-11-1.jpg","Sản phẩm / Chưa rõ hãng","quần bó bảo hộ màu xanh rêu","http://localhost:3000/media/migration/wordpress/5a/5aa62e0c49333b27b11bc173f732cc03d1a8f95c1daf701af2269a960ddb89fc/quan-bao-ho-di-mo-to-xe-may-phuot-LS2-router-lady-11-1.jpg","33033"
"quan-bao-ho-di-mo-to-xe-may-phuot-LS2-router-lady-12-1-1.jpg","Sản phẩm / Chưa rõ hãng","miếng giáp bảo hộ ảnh kích thước rất nhỏ","http://localhost:3000/media/migration/wordpress/81/81d045c7f380b67d3e61a57a3f76484c4be7f6dffbb46b331eba3eb3128e01d6/quan-bao-ho-di-mo-to-xe-may-phuot-LS2-router-lady-12-1-1.jpg","1452"
"quan-bao-ho-di-mo-to-xe-may-phuot-LS2-router-lady-12-1.jpg","Sản phẩm / Chưa rõ hãng","quần giữ nhiệt màu xanh rêu","http://localhost:3000/media/migration/wordpress/9e/9edadb1009c996e5583f178807d85d7f2808ff41feba007637c0619d88a5e381/quan-bao-ho-di-mo-to-xe-may-phuot-LS2-router-lady-12-1.jpg","42699"
"quan-bao-ho-di-mo-to-xe-may-phuot-LS2-router-lady-13-1.jpg","Sản phẩm / LS2","quần bảo hộ nữ màu đen có nhãn LS2","http://localhost:3000/media/migration/wordpress/c6/c6616ada9d288458973b9ea4262466e1a99ec7d75e916a2eaa9761e63d322685/quan-bao-ho-di-mo-to-xe-may-phuot-LS2-router-lady-13-1.jpg","32182"
"quan-bao-ho-di-mo-to-xe-may-phuot-LS2-router-lady-14-1-1.jpg","Danh mục","biểu tượng danh mục quần bảo hộ","http://localhost:3000/media/migration/wordpress/2d/2dc853dd11250081f11e7ebf949616e3db20c99c5ff3140e8db071d2018d365e/quan-bao-ho-di-mo-to-xe-may-phuot-LS2-router-lady-14-1-1.jpg","1426"
"quan-bao-ho-di-mo-to-xe-may-phuot-LS2-router-lady-14-1.jpg","Sản phẩm / Chưa rõ hãng","quần bảo hộ nữ màu đen","http://localhost:3000/media/migration/wordpress/06/0623e565052bd8de3d415ea8121cc98c95b46d1d16f761f47be49c636b787eac/quan-bao-ho-di-mo-to-xe-may-phuot-LS2-router-lady-14-1.jpg","40609"
"quan-bao-ho-di-mo-to-xe-may-phuot-P122W-20.jpg","Sản phẩm / Chưa rõ hãng","quần bảo hộ nữ màu đen xám","http://localhost:3000/media/migration/wordpress/6f/6fc6b295834d6082fda2e53934fe28314c411d2eb6519afc2bad88044997819d/quan-bao-ho-di-mo-to-xe-may-phuot-P122W-20.jpg","95487"
"quan-bao-ho-di-mo-to-xe-may-phuot-P122W-21.jpg","Sản phẩm / Chưa rõ hãng","quần bảo hộ SCOYCO đen xám","http://localhost:3000/media/migration/wordpress/af/afbcf8c4ae43a8565a263ceb9e19e63ae318427c10e1fe22072dfda9b62a78a0/quan-bao-ho-di-mo-to-xe-may-phuot-P122W-21.jpg","98103"
"Quan-bao-ho-di-mo-to-xe-may-phuot-RS-TAICHI-RSY270-DRYMASTER-KOMPASS-01.jpg","Sản phẩm / Chưa rõ hãng","quần bảo hộ màu đen chụp sản phẩm","http://localhost:3000/media/wp-uploads/2024/01/Quan-bao-ho-di-mo-to-xe-may-phuot-RS-TAICHI-RSY270-DRYMASTER-KOMPASS-01.jpg","33225"
"Quan-bao-ho-di-mo-to-xe-may-phuot-RS-TAICHI-RSY270-DRYMASTER-KOMPASS-02.jpg","Sản phẩm / Chưa rõ hãng","quần bảo hộ RICHA màu đen","http://localhost:3000/media/wp-uploads/2024/01/Quan-bao-ho-di-mo-to-xe-may-phuot-RS-TAICHI-RSY270-DRYMASTER-KOMPASS-02.jpg","34508"
"Quan-bao-ho-di-mo-to-xe-may-phuot-RS-TAICHI-RSY270-DRYMASTER-KOMPASS-03.jpg","Sản phẩm / TAICHI","quần bảo hộ TAICHI màu nâu","http://localhost:3000/media/wp-uploads/2024/01/Quan-bao-ho-di-mo-to-xe-may-phuot-RS-TAICHI-RSY270-DRYMASTER-KOMPASS-03.jpg","40104"
"Quan-bao-ho-di-mo-to-xe-may-phuot-RS-TAICHI-RSY270-DRYMASTER-KOMPASS-04.jpg","Sản phẩm / Chưa rõ hãng","quần bảo hộ mô tô RICHA màu kaki đen","http://localhost:3000/media/wp-uploads/2024/01/Quan-bao-ho-di-mo-to-xe-may-phuot-RS-TAICHI-RSY270-DRYMASTER-KOMPASS-04.jpg","42138"
"Quan-bao-ho-di-mo-to-xe-may-phuot-RS-TAICHI-RSY270-DRYMASTER-KOMPASS-05.jpg","Sản phẩm / TAICHI","người mẫu mặc bộ đồ bảo hộ TAICHI màu xám","http://localhost:3000/media/wp-uploads/2024/01/Quan-bao-ho-di-mo-to-xe-may-phuot-RS-TAICHI-RSY270-DRYMASTER-KOMPASS-05.jpg","46204"
"Quan-bao-ho-di-mo-to-xe-may-phuot-RS-TAICHI-RSY270-DRYMASTER-KOMPASS-06.jpg","Sản phẩm / TAICHI","mặt sau bộ quần áo bảo hộ TAICHI","http://localhost:3000/media/wp-uploads/2024/01/Quan-bao-ho-di-mo-to-xe-may-phuot-RS-TAICHI-RSY270-DRYMASTER-KOMPASS-06.jpg","37447"
"Quan-bao-ho-di-mo-to-xe-may-phuot-RS-TAICHI-RSY270-DRYMASTER-KOMPASS-07.jpg","Sản phẩm / TAICHI","ảnh mô tả giáp gối trong quần bảo hộ TAICHI màu kaki","http://localhost:3000/media/wp-uploads/2024/01/Quan-bao-ho-di-mo-to-xe-may-phuot-RS-TAICHI-RSY270-DRYMASTER-KOMPASS-07.jpg","64062"
"Quan-bao-ho-di-mo-to-xe-may-phuot-RS-TAICHI-RSY270-DRYMASTER-KOMPASS-08.jpg","Sản phẩm / TAICHI","ảnh cận cảnh khe thoáng khí áo khoác TAICHI","http://localhost:3000/media/wp-uploads/2024/01/Quan-bao-ho-di-mo-to-xe-may-phuot-RS-TAICHI-RSY270-DRYMASTER-KOMPASS-08.jpg","99634"
"Quan-bao-ho-di-mo-to-xe-may-phuot-RS-TAICHI-RSY270-DRYMASTER-KOMPASS-09.jpg","Sản phẩm / Chưa rõ hãng","cận cảnh khoá kéo thông gió trên quần bảo hộ kaki","http://localhost:3000/media/wp-uploads/2024/01/Quan-bao-ho-di-mo-to-xe-may-phuot-RS-TAICHI-RSY270-DRYMASTER-KOMPASS-09.jpg","133176"
"Quan-bao-ho-di-mo-to-xe-may-phuot-RS-TAICHI-RSY270-DRYMASTER-KOMPASS-10.jpg","Sản phẩm / Chưa rõ hãng","ảnh cận cảnh ống quần RICHA màu kaki","http://localhost:3000/media/wp-uploads/2024/01/Quan-bao-ho-di-mo-to-xe-may-phuot-RS-TAICHI-RSY270-DRYMASTER-KOMPASS-10.jpg","71734"
"Quan-bao-ho-di-mo-to-xe-may-phuot-RS-TAICHI-RSY270-DRYMASTER-KOMPASS-11.jpg","Sản phẩm / TAICHI","cận cảnh áo khoác TAICHI chống nước","http://localhost:3000/media/wp-uploads/2024/01/Quan-bao-ho-di-mo-to-xe-may-phuot-RS-TAICHI-RSY270-DRYMASTER-KOMPASS-11.jpg","248172"
"quan-bao-ho-ls2-apollo-1.jpg","Sản phẩm / LS2","chi tiết túi quần bảo hộ LS2 màu xám","http://localhost:3000/media/migration/wordpress/18/18c3f1901e5b0a1f48023e26a52a21fdd06b109fa9e7ef797c9916bac09b1681/quan-bao-ho-ls2-apollo-1.jpg","187488"
"quan-bao-ho-ls2-apollo-10.jpg","Sản phẩm / Chưa rõ hãng","cận cảnh mặt sau quần bảo hộ màu đen","http://localhost:3000/media/migration/wordpress/89/89b8cab5345a90b55ae6c15dfd55dd700277b1e2592e9a679d4ca9f0f2d4da66/quan-bao-ho-ls2-apollo-10.jpg","151230"
"quan-bao-ho-ls2-apollo-11.jpg","Sản phẩm / Chưa rõ hãng","quần bảo hộ CORDURA xám đen không rõ hãng","http://localhost:3000/media/migration/wordpress/bb/bb32c639e7baca8233b1f9900f4edbf7ee421ce1866952448ff0ef6681856398/quan-bao-ho-ls2-apollo-11.jpg","103413"
"quan-bao-ho-ls2-apollo-2.jpg","Sản phẩm / Chưa rõ hãng","ảnh cận cảnh túi quần bảo hộ màu xám","http://localhost:3000/media/migration/wordpress/64/64055afcab524b6e734ca650f05c2ab20ca4a38efeaa6e23dd576df00ad3d10e/quan-bao-ho-ls2-apollo-2.jpg","216256"
"quan-bao-ho-ls2-apollo-4.jpg","Sản phẩm / Chưa rõ hãng","chi tiết tay áo bảo hộ bằng vải CORDURA","http://localhost:3000/media/migration/wordpress/7e/7ee6d27bfd048d8c5030d7414b417078eff3ddceecb06527e1bc0ac1452b5df1/quan-bao-ho-ls2-apollo-4.jpg","147961"
"quan-bao-ho-ls2-apollo-6.jpg","Sản phẩm / LS2","cận cảnh túi quần bảo hộ LS2","http://localhost:3000/media/migration/wordpress/f7/f704bdba6e8c91e80c8999d8c11b7a0a134d90b551134a17380023a832970beb/quan-bao-ho-ls2-apollo-6.jpg","301207"
"quan-bao-ho-ls2-apollo-8.jpg","Sản phẩm / LS2","ảnh cận cảnh túi quần bảo hộ LS2 màu xám","http://localhost:3000/media/migration/wordpress/84/849b55a3a6a7d0daf84abd7d38c6dd6f406419a8864c78b576f74187d8644a28/quan-bao-ho-ls2-apollo-8.jpg","151610"
"quan-bao-ho-ls2-apollo-9.jpg","Sản phẩm / Chưa rõ hãng","ảnh cận cảnh dây chỉnh eo áo khoác màu đen","http://localhost:3000/media/migration/wordpress/aa/aa26f554befba0762b721a225d9aa8a22d237154b2cc0b50b115c5fbe2cf3c6e/quan-bao-ho-ls2-apollo-9.jpg","221057"
"quan-bao-ho-ls2-chart-evo-1-1024x640.png","Sản phẩm / LS2","bảng thông số quần bảo hộ nữ LS2","http://localhost:3000/media/migration/wordpress/32/329725d982fc98044f334335b2d5e9324860170dc7e32357c5ad91c2f82c07e4/quan-bao-ho-ls2-chart-evo-1-1024x640.png","147969"
"quan-bao-ho-ls2-router-1024x640.png","Sản phẩm / Chưa rõ hãng","bảng thông số quần bảo hộ nữ không rõ hãng","http://localhost:3000/media/migration/wordpress/6d/6dc77501dc77503ecaa2e32ef4c589ccbe22b2d632949d5bb897deb284157315/quan-bao-ho-ls2-router-1024x640.png","104893"
"quan-bao-ho-ls2-straight-1.png","Sản phẩm / Chưa rõ hãng","ảnh thông số cấu tạo quần bảo hộ","http://localhost:3000/media/migration/wordpress/bc/bc5a2bd956008153396e2b6d6781a2b151ad09a31c697d2ff4851467d17009a3/quan-bao-ho-ls2-straight-1.png","433464"
"quan-bao-ho-ls2-straight-man-1.jpg","Sản phẩm / Chưa rõ hãng","người mẫu mặc quần bảo hộ màu đen","http://localhost:3000/media/migration/wordpress/81/81583f368b5cdc00537f1d5a7b96c85fddb0a7740e6f2a6fe25c56e3da147db8/quan-bao-ho-ls2-straight-man-1.jpg","178634"
"quan-bao-ho-ls2-straight-man-3.jpg","Sản phẩm / Chưa rõ hãng","quần bảo hộ túi hộp màu đen","http://localhost:3000/media/migration/wordpress/d2/d238bdc303f94f4682c065e49bef680631d22f00ec7402758d0580fb7566ea6b/quan-bao-ho-ls2-straight-man-3.jpg","186754"
"quan-bao-ho-ls2-straight-man-4.jpg","Sản phẩm / Chưa rõ hãng","người mẫu mặc quần bảo hộ túi hộp màu đen","http://localhost:3000/media/migration/wordpress/68/688e7b5578a2b972e92b53ba0b785eaf305abf9e7b264c2e42f5e96343f84c4c/quan-bao-ho-ls2-straight-man-4.jpg","160305"
"quan-bao-ho-moto-dririder-Nordic-2-01-Large.jpg","Sản phẩm / Chưa rõ hãng","quần bảo hộ DRIRIDER màu đen","http://localhost:3000/media/wp-uploads/2020/04/quan-bao-ho-moto-dririder-Nordic-2-01-Large.jpg","251819"
"quan-bao-ho-moto-phuot-hevik-neptune-hvt409-chi-tiet-bao-ve-vai-kelva.webp","Sản phẩm / Chưa rõ hãng","ảnh thông số quần bảo hộ có lớp Kevlar và giáp gối","http://localhost:3000/media/uploads/22b0d502-65c9-4001-ae07-ebb8b496a533/quan-bao-ho-moto-phuot-hevik-neptune-hvt409-chi-tiet-bao-ve-vai-kelva.webp","180592"
"quan-bao-ho-moto-phuot-hevik-neptune-hvt409-chup-chinh-dien-mat-truoc.webp","Sản phẩm / Chưa rõ hãng","quần túi hộp màu đen chụp sản phẩm","http://localhost:3000/media/uploads/ab61afb4-dca6-4679-8ac0-7a65c00dc1fc/quan-bao-ho-moto-phuot-hevik-neptune-hvt409-chup-chinh-dien-mat-truoc.webp","176490"
"quan-bao-ho-moto-phuot-hevik-neptune-hvt409-chup-mat-sau.webp","Sản phẩm / Chưa rõ hãng","quần bảo hộ túi hộp màu đen nhìn phía sau","http://localhost:3000/media/uploads/4335abe0-09ac-4734-b88b-816ffde5f457/quan-bao-ho-moto-phuot-hevik-neptune-hvt409-chup-mat-sau.webp","136736"
"quan-bao-ho-moto-phuot-hevik-neptune-hvt409-nam-nu-macwebp.webp","Sản phẩm / Chưa rõ hãng","hai người mẫu mặc quần túi hộp màu đen","http://localhost:3000/media/uploads/859e41f5-1121-4a24-b74f-6595c5d0da61/quan-bao-ho-moto-phuot-hevik-neptune-hvt409-nam-nu-macwebp.webp","298184"
"quan-bao-ho-nhieu-tui-cho-nam.jpg","Sản phẩm / Chưa rõ hãng","người mẫu mặc quần túi hộp màu xám","http://localhost:3000/media/wp-uploads/2026/03/quan-bao-ho-nhieu-tui-cho-nam.jpg","41706"
"Quan-dang-dai-nhieu-tui.jpg","Sản phẩm / Chưa rõ hãng","bốn mẫu quần bảo hộ mô tô nhiều màu","http://localhost:3000/media/wp-uploads/2026/02/Quan-dang-dai-nhieu-tui.jpg","42387"
"Quan-dang-ngan-nhieu-tui.jpg","Sản phẩm / Chưa rõ hãng","người mẫu mặc quần short túi hộp","http://localhost:3000/media/wp-uploads/2026/02/Quan-dang-ngan-nhieu-tui.jpg","27899"
"quan-dririder-nordic-2-01-02-Large.jpg","Sản phẩm / Chưa rõ hãng","quần bảo hộ DriRider màu xám đen","http://localhost:3000/media/wp-uploads/2020/04/quan-dririder-nordic-2-01-02-Large.jpg","213375"
"quan-giap-bao-ho-moto-xe-may-phuot-LS2-vento-pants-01-1.jpg","Sản phẩm / Chưa rõ hãng","quần đi mưa màu xám đen","http://localhost:3000/media/wp-uploads/2022/03/quan-giap-bao-ho-moto-xe-may-phuot-LS2-vento-pants-01-1.jpg","39673"
"quan-giap-bao-ho-moto-xe-may-phuot-LS2-vento-pants-02-1.jpg","Sản phẩm / Chưa rõ hãng","quần đi mưa màu đen","http://localhost:3000/media/wp-uploads/2022/03/quan-giap-bao-ho-moto-xe-may-phuot-LS2-vento-pants-02-1.jpg","35954"
"quan-giap-bao-ho-moto-xe-may-phuot-LS2-vento-pants-03-1.jpg","Sản phẩm / Chưa rõ hãng","quần bảo hộ màu đen nhìn từ sau","http://localhost:3000/media/wp-uploads/2022/03/quan-giap-bao-ho-moto-xe-may-phuot-LS2-vento-pants-03-1.jpg","39339"
"QUAN-GIAP-JEAN-BAO-HO-KOMINE-WJ-7543R-CMAX-PROTECT-COOL-DRY-01.jpg","Sản phẩm / Chưa rõ hãng","người mẫu mặc quần jean bảo hộ màu đen nhìn phía sau","http://localhost:3000/media/wp-uploads/2024/04/QUAN-GIAP-JEAN-BAO-HO-KOMINE-WJ-7543R-CMAX-PROTECT-COOL-DRY-01.jpg","52168"
"QUAN-GIAP-JEAN-BAO-HO-KOMINE-WJ-7543R-CMAX-PROTECT-COOL-DRY-02.jpg","Sản phẩm / Chưa rõ hãng","người mẫu mặc quần jean bảo hộ mô tô","http://localhost:3000/media/wp-uploads/2024/04/QUAN-GIAP-JEAN-BAO-HO-KOMINE-WJ-7543R-CMAX-PROTECT-COOL-DRY-02.jpg","58996"
"QUAN-GIAP-JEAN-BAO-HO-KOMINE-WJ-7543R-CMAX-PROTECT-COOL-DRY-03.jpg","Sản phẩm / Chưa rõ hãng","quần jean bảo hộ màu xanh nhìn phía sau","http://localhost:3000/media/wp-uploads/2024/04/QUAN-GIAP-JEAN-BAO-HO-KOMINE-WJ-7543R-CMAX-PROTECT-COOL-DRY-03.jpg","58696"
"QUAN-GIAP-JEAN-BAO-HO-KOMINE-WJ-7543R-CMAX-PROTECT-COOL-DRY-04.jpg","Sản phẩm / Chưa rõ hãng","người mẫu mặc quần jean bảo hộ màu xanh nhạt không rõ hãng","http://localhost:3000/media/wp-uploads/2024/04/QUAN-GIAP-JEAN-BAO-HO-KOMINE-WJ-7543R-CMAX-PROTECT-COOL-DRY-04.jpg","57084"
"QUAN-GIAP-JEAN-BAO-HO-KOMINE-WJ-7543R-CMAX-PROTECT-COOL-DRY-05.jpg","Sản phẩm / Chưa rõ hãng","người mẫu mặc quần jean bảo hộ màu xanh nhạt nhìn phía sau","http://localhost:3000/media/wp-uploads/2024/04/QUAN-GIAP-JEAN-BAO-HO-KOMINE-WJ-7543R-CMAX-PROTECT-COOL-DRY-05.jpg","51282"
"Quan-giap-jean-Kevlar.jpg","Sản phẩm / Chưa rõ hãng","người mẫu mặc quần bảo hộ màu đen không rõ hãng","http://localhost:3000/media/wp-uploads/2026/03/Quan-giap-jean-Kevlar.jpg","16774"
"Quan-giap-moto-nu-scoyco-P122w-01-1.jpg","Sản phẩm / Chưa rõ hãng","quần giáp mô tô màu trắng đen","http://localhost:3000/media/migration/wordpress/d9/d98315154ca9b1a0c63b8ff3980371d65af1d41d94e35555ab959e14d602ae4f/Quan-giap-moto-nu-scoyco-P122w-01-1.jpg","27655"
"Quan-giap-moto-nu-scoyco-P122w-02-1.jpg","Sản phẩm / Chưa rõ hãng","quần giáp mô tô nữ màu sáng","http://localhost:3000/media/migration/wordpress/48/48132280f82629a43f909448bf5b967a20ec5192a4fb2fa8b66829332fbab7ed/Quan-giap-moto-nu-scoyco-P122w-02-1.jpg","30065"
"quan-giap-scoyco-P122w-1.jpg","Sản phẩm / Chưa rõ hãng","cận cảnh nhãn quần SCOYCO không có thư mục hãng","http://localhost:3000/media/migration/wordpress/5c/5c0702fd2f7f02c164cfc5b51786dd455d8845f4668aec97a914c0f827fb0767/quan-giap-scoyco-P122w-1.jpg","95986"
"quan-giap-scoyco-P122w-2.jpg","Sản phẩm / SPYKE","ảnh cận cảnh đai eo có logo SPYKE","http://localhost:3000/media/migration/wordpress/ed/ed7a2bfcc854f351c93cdaab3bc024cebe1c9604fb694848191110c32da1868c/quan-giap-scoyco-P122w-2.jpg","64782"
"quan-giap-scoyco-P122w-4.jpg","Sản phẩm / Chưa rõ hãng","ảnh cận cảnh logo SCOYCO trên áo trắng","http://localhost:3000/media/migration/wordpress/56/5607d28f79c7e45b7d386cd521debbfe45b455a72e60a51ccfc74ab0fdaa2d96/quan-giap-scoyco-P122w-4.jpg","185935"
"quan-giap-scoyco-P122w-6.jpg","Sản phẩm / Chưa rõ hãng","chi tiết ống tay áo bảo hộ màu xám","http://localhost:3000/media/migration/wordpress/6a/6aa4385bb2eac00b88c42afad54e19a51b56d6a00a3946f2cae973080ee04b3d/quan-giap-scoyco-P122w-6.jpg","71444"
"quan-komine-742-phan-quang.jpg","Sản phẩm / Chưa rõ hãng","ảnh thông số dải phản quang ở gấu quần","http://localhost:3000/media/wp-uploads/2024/04/quan-komine-742-phan-quang.jpg","32081"
"QUAN-LOT-THUN-LANH-MAC-TRONG-AO-BAO-HO-TAICHI-RSU328-04.jpg","Sản phẩm / TAICHI","quần giữ nhiệt TAICHI màu đen","http://localhost:3000/media/wp-uploads/2024/11/QUAN-LOT-THUN-LANH-MAC-TRONG-AO-BAO-HO-TAICHI-RSU328-04.jpg","28952"
"QUAN-LOT-THUN-LANH-MAC-TRONG-AO-BAO-HO-TAICHI-RSU328-05.jpg","Sản phẩm / SIXS","quần giữ nhiệt dài SIXS màu đen","http://localhost:3000/media/wp-uploads/2024/11/QUAN-LOT-THUN-LANH-MAC-TRONG-AO-BAO-HO-TAICHI-RSU328-05.jpg","28611"
"quan-ls2-travel-man-10_0f9f1c95-044c-415c-8b95-14e791fc33b2.webp","Ảnh minh hoạ","người lái mô tô địa hình trong rừng","http://localhost:3000/media/wp-uploads/2026/01/quan-ls2-travel-man-10_0f9f1c95-044c-415c-8b95-14e791fc33b2.webp","185476"
"quan-moto-adventure-taichi-rsy270-mau-den-mat-sau-tai-bigbike-shop-anh-chup-studio.webp","Sản phẩm / TAICHI","quần bảo hộ TAICHI màu đen","http://localhost:3000/media/uploads/34c64971-3f00-419c-bec4-bccf4761f194/quan-moto-adventure-taichi-rsy270-mau-den-mat-sau-tai-bigbike-shop-anh-chup-studio.webp","147554"
"quan-moto-adventure-taichi-rsy270-mau-den-tai-bigbike-shop-anh-chup-studio.webp","Sản phẩm / Chưa rõ hãng","quần bảo hộ màu đen chụp sản phẩm","http://localhost:3000/media/uploads/c95d2d35-8cd8-4047-b7ac-e69b6e626afd/quan-moto-adventure-taichi-rsy270-mau-den-tai-bigbike-shop-anh-chup-studio.webp","132832"
"quan-moto-adventure-taichi-rsy270-mau-nau-mat-sau-tai-bigbike-shop-anh-chup-studio.webp","Sản phẩm / TAICHI","quần bảo hộ TAICHI màu kaki","http://localhost:3000/media/uploads/fa13ecc7-eda5-46cc-a60a-af88efb53452/quan-moto-adventure-taichi-rsy270-mau-nau-mat-sau-tai-bigbike-shop-anh-chup-studio.webp","166232"
"quan-moto-adventure-taichi-rsy270-mau-nau-tai-bigbike-shop-anh-chup-studio.webp","Sản phẩm / TAICHI","quần bảo hộ TAICHI màu nâu","http://localhost:3000/media/uploads/96873d58-2453-4f7a-99d7-41df479867d9/quan-moto-adventure-taichi-rsy270-mau-nau-tai-bigbike-shop-anh-chup-studio.webp","181608"
"quan-moto-adventure-taichi-rsy270-mau-xam-mat-sau-tai-bigbike-shop-anh-chup-studio.webp","Sản phẩm / TAICHI","quần bảo hộ TAICHI màu xám đen","http://localhost:3000/media/uploads/a9a1b756-6ad7-4446-a883-dac58230c8e8/quan-moto-adventure-taichi-rsy270-mau-xam-mat-sau-tai-bigbike-shop-anh-chup-studio.webp","155820"
"quan-moto-adventure-taichi-rsy270-mau-xam-tai-bigbike-shop-anh-chup-studio.webp","Sản phẩm / TAICHI","quần bảo hộ TAICHI màu xám","http://localhost:3000/media/uploads/3452f729-e19e-4e9d-89f3-4d0f4e567714/quan-moto-adventure-taichi-rsy270-mau-xam-tai-bigbike-shop-anh-chup-studio.webp","158676"
"quan-moto-ls2-vento-mau-den-anh-studio-bigbike-shop.webp","Sản phẩm / Chưa rõ hãng","quần bảo hộ màu đen","http://localhost:3000/media/uploads/9718b386-777d-4ce9-a453-61baf47a3fa2/quan-moto-ls2-vento-mau-den-anh-studio-bigbike-shop.webp","212124"
"quan-moto-phuot-adventure-spyke-compass-trang-do-bigbike-shop.webp","Sản phẩm / Chưa rõ hãng","quần bảo hộ đen trắng đỏ không rõ hãng","http://localhost:3000/media/uploads/01a63c36-c744-483a-893a-3038f2ec9e8f/quan-moto-phuot-adventure-spyke-compass-trang-do-bigbike-shop.webp","172810"
"Quan-nhieu-tui.jpg","Sản phẩm / Chưa rõ hãng","người mẫu mặc quần túi hộp màu xanh rêu","http://localhost:3000/media/wp-uploads/2026/02/Quan-nhieu-tui.jpg","27284"
"Rains-rolltop-rucksack-large.jpg","Sản phẩm / Chưa rõ hãng","túi đựng phụ kiện mở nắp có nhiều ngăn","http://localhost:3000/media/wp-uploads/2026/01/Rains-rolltop-rucksack-large.jpg","64685"
"rozmiary-rekawic-motocyklowych.png","Sản phẩm / Chưa rõ hãng","bảng kích thước găng tay bảo hộ","http://localhost:3000/media/migration/wordpress/16/16d6ceeb4b138691c161963e6e644716429c999cc07d9fc02e11f494c49056bf/rozmiary-rekawic-motocyklowych.png","274611"
"RS-TAICHI-RSB286-01.jpg","Sản phẩm / TAICHI","túi đeo hông TAICHI màu đen","http://localhost:3000/media/wp-uploads/2024/07/RS-TAICHI-RSB286-01.jpg","101842"
"RSB278-WP-Red-01.jpg","Sản phẩm / TAICHI","balo cuộn TAICHI màu đen đỏ","http://localhost:3000/media/wp-uploads/2022/12/RSB278-WP-Red-01.jpg","31561"
"RSC120_1_750.jpg","Sản phẩm / Chưa rõ hãng","chi tiết vải lưới màu đen","http://localhost:3000/media/wp-uploads/2024/07/RSC120_1_750.jpg","163502"
"RSC120_2_750.jpg","Sản phẩm / TAICHI","khăn trùm đầu TAICHI dùng bên trong mũ","http://localhost:3000/media/wp-uploads/2024/07/RSC120_2_750.jpg","62528"
"RSC120_3_750.jpg","Sản phẩm / TAICHI","chi tiết nhãn vải TAICHI","http://localhost:3000/media/wp-uploads/2024/07/RSC120_3_750.jpg","122369"
"rsj340_01d_1_TL.jpg","Sản phẩm / TAICHI","ảnh mô tả giáp khuỷu tay của áo TAICHI","http://localhost:3000/media/wp-uploads/2022/05/rsj340_01d_1_TL.jpg","24764"
"rsj340_02d.jpg","Sản phẩm / TAICHI","cận cảnh giáp lưng bên trong áo khoác TAICHI màu nâu","http://localhost:3000/media/wp-uploads/2022/05/rsj340_02d.jpg","136421"
"rsj340_04d_1_TL.jpg","Sản phẩm / TAICHI","cận cảnh tấm thoáng khí áo khoác TAICHI","http://localhost:3000/media/wp-uploads/2022/05/rsj340_04d_1_TL.jpg","65639"
"rsj340_05d_1_TL.jpg","Sản phẩm / TAICHI","cận cảnh đai điều chỉnh quần bảo hộ TAICHI","http://localhost:3000/media/wp-uploads/2022/05/rsj340_05d_1_TL.jpg","47569"
"rsj340bk71_01_TL.jpg","Sản phẩm / TAICHI","áo khoác TAICHI màu đen nhìn phía sau","http://localhost:3000/media/wp-uploads/2022/05/rsj340bk71_01_TL.jpg","54589"
"rsj345bk11_5_24ss-1.jpg","Sản phẩm / TAICHI","người mẫu mặc áo khoác TAICHI đen đỏ","http://localhost:3000/media/wp-uploads/2024/03/rsj345bk11_5_24ss-1.jpg","35292"
"rsj345bk11_7_24ss.jpg","Sản phẩm / TAICHI","người mẫu mặc áo khoác TAICHI đen đỏ nhìn từ sau","http://localhost:3000/media/wp-uploads/2024/03/rsj345bk11_7_24ss.jpg","34455"
"rsj351gr01_1_25ss.jpg","Sản phẩm / Chưa rõ hãng","người mẫu mặc áo khoác xanh lá ngồi trên mô tô","http://localhost:3000/media/wp-uploads/2025/06/rsj351gr01_1_25ss.jpg","148248"
"rsj351gr01_2_25ss.jpg","Sản phẩm / TAICHI","người mẫu mặc áo khoác TAICHI xanh rêu ngồi trên xe","http://localhost:3000/media/wp-uploads/2025/06/rsj351gr01_2_25ss.jpg","87666"
"rsj351gr01_3_25ss.jpg","Sản phẩm / TAICHI","người mẫu mặc áo khoác TAICHI màu xanh lá","http://localhost:3000/media/wp-uploads/2025/06/rsj351gr01_3_25ss.jpg","138911"
"rsj351gr01_4_25ss.jpg","Sản phẩm / TAICHI","người mẫu mặc áo khoác TAICHI màu xanh rêu","http://localhost:3000/media/wp-uploads/2025/06/rsj351gr01_4_25ss.jpg","97359"
"rsj351gr01_5_25ss.jpg","Sản phẩm / TAICHI","người mẫu mặc áo khoác TAICHI xanh rêu nhìn nghiêng","http://localhost:3000/media/wp-uploads/2025/06/rsj351gr01_5_25ss.jpg","98598"
"rsj351gr01_6_25ss.jpg","Sản phẩm / TAICHI","mặt sau áo khoác TAICHI màu xanh rêu","http://localhost:3000/media/wp-uploads/2025/06/rsj351gr01_6_25ss.jpg","160095"
"rsj354bk11_d1_25ss.jpg","Sản phẩm / TAICHI","áo khoác TAICHI màu cam đen kèm tấm giáp","http://localhost:3000/media/wp-uploads/2025/07/rsj354bk11_d1_25ss.jpg","151411"
"rsj354bk11_d2_25ss.jpg","Sản phẩm / TAICHI","ảnh cận cảnh áo khoác TAICHI cam đen","http://localhost:3000/media/wp-uploads/2025/07/rsj354bk11_d2_25ss.jpg","186271"
"rsj354bk11_d3_25ss.jpg","Sản phẩm / TAICHI","ảnh mô tả túi trong áo TAICHI màu đen cam","http://localhost:3000/media/wp-uploads/2025/07/rsj354bk11_d3_25ss.jpg","246014"
"rsj354bk11_d4_25ss.jpg","Sản phẩm / TAICHI","cận cảnh lớp lót áo khoác TAICHI màu cam đen","http://localhost:3000/media/wp-uploads/2025/06/rsj354bk11_d4_25ss.jpg","289684"
"rsj354bk11_d4_25ss.jpg","Sản phẩm / TAICHI","cận cảnh lớp đệm áo khoác TAICHI cam đen","http://localhost:3000/media/wp-uploads/2025/07/rsj354bk11_d4_25ss.jpg","254064"
"rsj354bk11_d5_25ss.jpg","Sản phẩm / TAICHI","cận cảnh lớp lót và miếng giáp lưng áo TAICHI","http://localhost:3000/media/wp-uploads/2025/06/rsj354bk11_d5_25ss.jpg","349166"
"rsj354bk11_d5_25ss.jpg","Sản phẩm / TAICHI","cận cảnh giáp lưng áo khoác TAICHI cam đen","http://localhost:3000/media/wp-uploads/2025/07/rsj354bk11_d5_25ss.jpg","250189"
"RST127_detail01_1024x1024@2x-1.jpg","Sản phẩm / TAICHI","găng tay bảo hộ TAICHI đen đỏ","http://localhost:3000/media/wp-uploads/2024/07/RST127_detail01_1024x1024@2x-1.jpg","33905"
"rst465_1_24ss-1.jpg","Sản phẩm / Chưa rõ hãng","ảnh cận cảnh giáp trên giày đua màu đen","http://localhost:3000/media/wp-uploads/2024/06/rst465_1_24ss-1.jpg","191579"
"rst465_2_24ss-1.jpg","Sản phẩm / TAICHI","găng tay TAICHI đen đỏ cận cảnh","http://localhost:3000/media/wp-uploads/2024/06/rst465_2_24ss-1.jpg","191554"
"rst465bk11-1.jpg","Sản phẩm / Chưa rõ hãng","găng tay bảo hộ đen đỏ không rõ hãng","http://localhost:3000/media/wp-uploads/2024/06/rst465bk11-1.jpg","200810"
"rst465bk51_1_24ss-1.jpg","Sản phẩm / TAICHI","người đeo găng tay TAICHI trắng đen trên xe Honda","http://localhost:3000/media/wp-uploads/2024/06/rst465bk51_1_24ss-1.jpg","165371"
"rst465bk71-1.jpg","Sản phẩm / TAICHI","găng tay bảo hộ TAICHI màu đen","http://localhost:3000/media/wp-uploads/2024/06/rst465bk71-1.jpg","178293"
"rsu329wh01_2-1.jpg","Sản phẩm / TAICHI","ảnh cận cảnh logo TAICHI trên vải đen","http://localhost:3000/media/wp-uploads/2024/11/rsu329wh01_2-1.jpg","175682"
"rsu329wh01_3-1.jpg","Sản phẩm / Chưa rõ hãng","ảnh cận cảnh cổ áo COOL RIDE màu đen","http://localhost:3000/media/wp-uploads/2024/11/rsu329wh01_3-1.jpg","226691"
"rsu329wh01_4-1.jpg","Sản phẩm / TAICHI","khăn ống cổ TAICHI màu đen","http://localhost:3000/media/wp-uploads/2024/11/rsu329wh01_4-1.jpg","262982"
"rsu329wh01_5-1.jpg","Sản phẩm / Chưa rõ hãng","ảnh cận cảnh vải thoáng khí dưới nách áo","http://localhost:3000/media/wp-uploads/2024/11/rsu329wh01_5-1.jpg","195522"
"RSX158CARBON-4-1.webp","Sản phẩm / TAICHI","khăn trùm đầu TAICHI màu xám đen","http://localhost:3000/media/wp-uploads/2024/07/RSX158CARBON-4-1.webp","18058"
"rsy258gm01_01.jpg","Sản phẩm / Chưa rõ hãng","quần bảo hộ màu xám đen không rõ hãng","http://localhost:3000/media/uploads/411e05b7-d4cd-416b-9d1a-ca06fb34c283/rsy258gm01_01.jpg","304990"
"rsy258gm01.jpg","Sản phẩm / Chưa rõ hãng","quần bảo hộ màu xám không rõ hãng","http://localhost:3000/media/uploads/79229569-8884-4e74-ada7-a35d6f08aac1/rsy258gm01.jpg","297269"
"RSY258KH01_01.jpg","Sản phẩm / Chưa rõ hãng","quần bảo hộ dáng cargo màu nâu không rõ hãng","http://localhost:3000/media/uploads/fc09fd6a-7a52-4c4a-9d99-ef75e671cab6/rsy258kh01_01.jpg","463483"
"RSY258KH01.jpg","Sản phẩm / Chưa rõ hãng","quần bảo hộ dáng cargo màu nâu không rõ hãng","http://localhost:3000/media/uploads/16ab201d-9863-4b69-b5a2-09fc5da87f1f/rsy258kh01.jpg","451276"
"rsy269_01d_TL.jpg","Sản phẩm / TAICHI","quần bảo hộ TAICHI kèm miếng giáp","http://localhost:3000/media/wp-uploads/2022/05/rsy269_01d_TL.jpg","26790"
"rsy269_03d_TL-1.jpg","Sản phẩm / Chưa rõ hãng","ảnh cận cảnh dây chỉnh trên đồ bảo hộ màu kaki","http://localhost:3000/media/wp-uploads/2022/05/rsy269_03d_TL-1.jpg","48288"
"rsy269_bk01_TL.jpg","Sản phẩm / TAICHI","người mẫu mặc quần bảo hộ TAICHI màu đen","http://localhost:3000/media/wp-uploads/2022/05/rsy269_bk01_TL.jpg","34367"
"rsy269_bk02_TL.jpg","Sản phẩm / Chưa rõ hãng","người mặc quần bảo hộ mô tô màu đen","http://localhost:3000/media/wp-uploads/2022/05/rsy269_bk02_TL.jpg","23357"
"rsy269_bk03_TL.jpg","Sản phẩm / Chưa rõ hãng","người mẫu mặc quần bảo hộ màu đen","http://localhost:3000/media/wp-uploads/2022/05/rsy269_bk03_TL.jpg","22084"
"s14_000000000497.jpg","Sản phẩm / Chưa rõ hãng","phụ kiện đai gắn thiết bị màu đen","http://localhost:3000/media/wp-uploads/2024/10/s14_000000000497.jpg","3558"
"sa245-mau-deo-1024x1024.jpg","Sản phẩm / Chưa rõ hãng","người mẫu nữ mặc áo mô tô hoa văn xanh và đeo túi chân","http://localhost:3000/media/migration/wordpress/00/0009e13924611c9930064e1265c1c3cf099370defc44bb5c52e7ae838154c3f9/sa245-mau-deo-1024x1024.jpg","161239"
"san-pham-_19-scaled.jpg","Sản phẩm / Chưa rõ hãng","cận cảnh thiết bị điện tử gắn ngoài mũ bảo hiểm","http://localhost:3000/media/wp-uploads/2025/10/san-pham-_19-scaled.jpg","785643"
"scoyco-jk37_background.jpg","Ảnh minh hoạ","ảnh tông đỏ người đứng cạnh xe mô tô","http://localhost:3000/media/wp-uploads/2020/06/scoyco-jk37_background.jpg","31423"
"scoyco.jpg","Thương hiệu","logo thương hiệu SCOYCO","http://localhost:3000/media/wp-uploads/2020/10/scoyco.jpg","7515"
"SCS_19-scaled.png","Sản phẩm / SCS","bộ phụ kiện đầy đủ của bộ đàm SCS","http://localhost:3000/media/wp-uploads/2026/03/SCS_19-scaled.png","1606131"
"scs_19.webp","Sản phẩm / SCS","bộ phụ kiện đầy đủ của bộ đàm SCS","http://localhost:3000/media/uploads/92af378b-b56f-493b-b20c-c088bf7054c9/scs_19.webp","83878"
"SCS_2-scaled.png","Ảnh minh hoạ","ảnh chụp hai tờ hướng dẫn sử dụng","http://localhost:3000/media/wp-uploads/2026/03/SCS_2-scaled.png","1957900"
"SCS_24-scaled.png","Sản phẩm / SCS","hộp bộ đàm SCS S9X","http://localhost:3000/media/wp-uploads/2026/03/SCS_24-scaled.png","1616513"
"SCS_26-scaled.png","Sản phẩm / SCS","bộ đàm gắn mũ bảo hiểm SCS màu đen","http://localhost:3000/media/wp-uploads/2026/03/SCS_26-scaled.png","1288161"
"SCS_3-scaled.png","Sản phẩm / SCS","tờ hướng dẫn sử dụng và lắp đặt bộ đàm SCS","http://localhost:3000/media/wp-uploads/2026/03/SCS_3-scaled.png","1939265"
"SCS_47-scaled.png","Sản phẩm / SCS","camera hành trình SCS gắn trên xe màu trắng","http://localhost:3000/media/wp-uploads/2026/03/SCS_47-scaled.png","1247042"
"SCS_52-scaled.png","Sản phẩm / SCS","mũ bảo hiểm trắng lắp bộ đàm SCS","http://localhost:3000/media/wp-uploads/2026/03/SCS_52-scaled.png","1277868"
"scs_52.webp","Sản phẩm / SCS","mũ bảo hiểm trắng gắn thiết bị liên lạc SCS","http://localhost:3000/media/uploads/88bd853f-3c85-449e-ae15-8934d39141f7/scs_52.webp","107164"
"SCS_56-scaled.png","Sản phẩm / SCS","bộ đàm SCS gắn trên mũ bảo hiểm","http://localhost:3000/media/wp-uploads/2026/03/SCS_56-scaled.png","1318152"
"scs_t2__5___1_.webp","Sản phẩm / SCS","bộ đàm SCS T2 gắn trên mũ bảo hiểm","http://localhost:3000/media/uploads/ceb58969-b47d-4977-af34-fe0e041a966d/scs_t2__5___1_.webp","117294"
"scs_t2__5_.webp","Sản phẩm / SCS","thiết bị liên lạc SCS T2 gắn bên hông mũ","http://localhost:3000/media/uploads/64472107-bcb9-4a7a-be6f-ca32ea8245e0/scs_t2__5_.webp","116004"
"scs-g7-04-1.jpg","Sản phẩm / Chưa rõ hãng","máy quay hành trình nhỏ màu đen","http://localhost:3000/media/wp-uploads/2023/05/scs-g7-04-1.jpg","32627"
"scs-g7-05-1.jpg","Sản phẩm / SCS","thiết bị liên lạc gắn mũ bảo hiểm SCS","http://localhost:3000/media/wp-uploads/2023/05/scs-g7-05-1.jpg","53850"
"scs-g7-06.jpg","Sản phẩm / SCS","bộ đàm gắn mũ bảo hiểm SCS đen đỏ","http://localhost:3000/media/wp-uploads/2023/05/scs-g7-06.jpg","54241"
"scs-g7-2-02.jpg","Sản phẩm / SCS","bộ đàm SCS G7 Plus màu đen xanh","http://localhost:3000/media/wp-uploads/2023/05/scs-g7-2-02.jpg","49739"
"SCS-S13-05-1.jpg","Sản phẩm / SCS","bộ đàm gắn mũ SCS màu đen","http://localhost:3000/media/migration/wordpress/03/03cd32e902d54c42b4d6a6a39f55065b8e1c7da3f3b31a487ccaace0f1c23e3c/SCS-S13-05-1.jpg","100520"
"SCS-S13-06-1.jpg","Sản phẩm / SCS","bộ đàm gắn mũ bảo hiểm SCS","http://localhost:3000/media/migration/wordpress/ae/aef6a7fee7819d2cbf9e21f594589b74d48f2a40edab1fec9c46bf6054a5e346/SCS-S13-06-1.jpg","113906"
"SCS-S13-09-1.jpg","Sản phẩm / SCS","bộ đàm gắn mũ SCS S18","http://localhost:3000/media/migration/wordpress/5c/5cd60c66fc9a05678aaa491e28d269f94d93b545875c3f34345612ef583fb45d/SCS-S13-09-1.jpg","128695"
"SCS-S13.jpg","Sản phẩm / SCS","bộ đàm SCS S18 màu đen","http://localhost:3000/media/migration/wordpress/d5/d57b795e3a2a1616d4f016a05115a1b30c1243a1e8da6eb190e2c580962f4155/SCS-S13.jpg","136243"
"scs-s7x-01.jpg","Sản phẩm / Chưa rõ hãng","thiết bị liên lạc nhỏ màu đen xanh không rõ hãng","http://localhost:3000/media/wp-uploads/2024/04/scs-s7x-01.jpg","36619"
"scs-s7x-02.jpg","Sản phẩm / Chưa rõ hãng","thiết bị điện tử cầm tay màu đen xanh","http://localhost:3000/media/wp-uploads/2024/04/scs-s7x-02.jpg","40235"
"scs-s7x-04.jpg","Sản phẩm / SCS","thiết bị đeo SCS kèm hộp sản phẩm","http://localhost:3000/media/wp-uploads/2024/04/scs-s7x-04.jpg","39803"
"scs-s7x-banner-doc-1-1.jpg","Sản phẩm / SCS","ảnh quảng bá bộ đàm SCS S7X","http://localhost:3000/media/wp-uploads/2024/06/scs-s7x-banner-doc-1-1.jpg","115784"
"sdf.png","Sản phẩm / TAICHI","túi đeo hông TAICHI màu đen","http://localhost:3000/media/wp-uploads/2024/10/sdf.png","63262"
"sdfghjkx.png","Sản phẩm / SPYKE","áo khoác touring SPYKE màu xám đen đỏ","http://localhost:3000/media/wp-uploads/2024/10/sdfghjkx.png","70533"
"sdfghujio.png","Sản phẩm / LS2","giáp ngực bảo hộ LS2 màu đen xanh","http://localhost:3000/media/wp-uploads/2024/10/sdfghujio.png","59104"
"sena_communication_10s_banner_02.jpg","Ảnh minh hoạ","người cầm mũ bảo hiểm đứng cạnh mô tô lúc hoàng hôn","http://localhost:3000/media/wp-uploads/2020/11/sena_communication_10s_banner_02.jpg","139944"
"sena-50s-single-installed3-Custom.jpg","Sản phẩm / Chưa rõ hãng","ảnh cấu tạo thiết bị liên lạc gắn mũ SENA","http://localhost:3000/media/migration/wordpress/81/817c0cc9220eb8c034b7270c0c02ded5f75106291a30d66c91c5a495e63ca14f/sena-50s-single-installed3-Custom.jpg","90986"
"SET-AO-QUAN-BAO-HO-ADV-SPYKE-COMPASS-DRY-TECNO-MAN-01-2.jpg","Sản phẩm / SPYKE","áo khoác bảo hộ SPYKE xám đen đỏ","http://localhost:3000/media/wp-uploads/2024/03/SET-AO-QUAN-BAO-HO-ADV-SPYKE-COMPASS-DRY-TECNO-MAN-01-2.jpg","91468"
"SET-AO-QUAN-BAO-HO-ADV-SPYKE-COMPASS-DRY-TECNO-MAN-02.jpg","Sản phẩm / SPYKE","quần bảo hộ mô tô SPYKE màu đen trắng đỏ","http://localhost:3000/media/wp-uploads/2024/03/SET-AO-QUAN-BAO-HO-ADV-SPYKE-COMPASS-DRY-TECNO-MAN-02.jpg","46503"
"SET-AO-QUAN-BAO-HO-ADV-SPYKE-COMPASS-DRY-TECNO-MAN-03.jpg","Sản phẩm / SPYKE","quần bảo hộ SPYKE đen trắng đỏ","http://localhost:3000/media/wp-uploads/2024/03/SET-AO-QUAN-BAO-HO-ADV-SPYKE-COMPASS-DRY-TECNO-MAN-03.jpg","43789"
"SIXS-logo.jpg","Thương hiệu","logo thương hiệu SIXS","http://localhost:3000/media/wp-uploads/2022/09/SIXS-logo.jpg","19504"
"size-768x428-1.jpg","Sản phẩm / Chưa rõ hãng","bảng hướng dẫn đo cỡ mũ bảo hiểm","http://localhost:3000/media/migration/wordpress/00/00008a30a95742bf48d0a2a3cdb7c6ba8c393800ae552945eeca1fe1cafbb8fd/size-768x428-1.jpg","37521"
"SIZE-GUIDE-TEXTILE-PANTS-MENS-ASIA.png","Sản phẩm / Chưa rõ hãng","bảng kích thước quần bảo hộ Alpinestars","http://localhost:3000/media/migration/wordpress/96/9643c742a6fb5214d9136ecda2b31db4346d587c599c5870d25f264ae31e2fc5/SIZE-GUIDE-TEXTILE-PANTS-MENS-ASIA.png","434882"
"size-intl_mens-road-back-protector-insert-01.jpg","Sản phẩm / Chưa rõ hãng","bảng kích thước giáp lưng","http://localhost:3000/media/wp-uploads/2019/10/size-intl_mens-road-back-protector-insert-01.jpg","444673"
"SK-813-05.jpg","Sản phẩm / KOMINE","ảnh thông số kích thước giáp KOMINE","http://localhost:3000/media/wp-uploads/2025/02/SK-813-05.jpg","20175"
"sk825.jpg","Sản phẩm / KOMINE","cặp ống giáp gối KOMINE màu đen vàng","http://localhost:3000/media/migration/wordpress/bc/bc8c7af848cf4fd0d7f7b298b4c2ff1eb640e6667db7b5d0683539c9fb4301d0/sk825.jpg","71128"
"SPYKE-SAHARA-VENTED-03-600x600-1.jpg","Sản phẩm / SPYKE","áo khoác SPYKE màu xám đen","http://localhost:3000/media/wp-uploads/2024/04/SPYKE-SAHARA-VENTED-03-600x600-1.jpg","28016"
"SPYKE-SAHARA-VENTED-03.jpg","Sản phẩm / SPYKE","áo khoác SPYKE màu xám đen","http://localhost:3000/media/wp-uploads/2023/10/SPYKE-SAHARA-VENTED-03.jpg","74262"
"SPYKE-SAHARA-VENTED-04.jpg","Sản phẩm / SPYKE","quần bảo hộ SPYKE màu xám đen","http://localhost:3000/media/wp-uploads/2023/10/SPYKE-SAHARA-VENTED-04.jpg","47295"
"SPYKE-SAHARA-VENTED-05-1024x1024-1.jpg","Sản phẩm / SPYKE","áo khoác SPYKE màu xám xanh","http://localhost:3000/media/wp-uploads/2024/04/SPYKE-SAHARA-VENTED-05-1024x1024-1.jpg","58411"
"SPYKE-SAHARA-VENTED-05.jpg","Sản phẩm / SPYKE","áo khoác bảo hộ SPYKE màu xám xanh","http://localhost:3000/media/wp-uploads/2023/10/SPYKE-SAHARA-VENTED-05.jpg","77896"
"SPYKE-SAHARA-VENTED-06.jpg","Sản phẩm / SPYKE","quần bảo hộ SPYKE xám đen xanh","http://localhost:3000/media/wp-uploads/2023/10/SPYKE-SAHARA-VENTED-06.jpg","46738"
"SPYKE-SAHARA-VENTED-07-1024x1024-1.jpg","Sản phẩm / SPYKE","áo khoác SPYKE đen vàng","http://localhost:3000/media/wp-uploads/2024/04/SPYKE-SAHARA-VENTED-07-1024x1024-1.jpg","52311"
"SPYKE-SAHARA-VENTED-07.jpg","Sản phẩm / SPYKE","áo khoác bảo hộ SPYKE đen vàng","http://localhost:3000/media/wp-uploads/2023/10/SPYKE-SAHARA-VENTED-07.jpg","67733"
"SPYKE-SAHARA-VENTED-08.jpg","Sản phẩm / SPYKE","quần bảo hộ mô tô SPYKE màu đen","http://localhost:3000/media/wp-uploads/2023/10/SPYKE-SAHARA-VENTED-08.jpg","46542"
"SPYKE-SAHARA-VENTED-09-600x600-1.jpg","Sản phẩm / SPYKE","áo khoác SPYKE màu đen","http://localhost:3000/media/wp-uploads/2024/04/SPYKE-SAHARA-VENTED-09-600x600-1.jpg","27200"
"SPYKE-SAHARA-VENTED-09.jpg","Sản phẩm / SPYKE","áo khoác bảo hộ SPYKE màu đen","http://localhost:3000/media/wp-uploads/2023/10/SPYKE-SAHARA-VENTED-09.jpg","63997"
"SPYKE-SAHARA-VENTED-10.jpg","Sản phẩm / SPYKE","quần bảo hộ mô tô SPYKE màu đen","http://localhost:3000/media/wp-uploads/2023/10/SPYKE-SAHARA-VENTED-10.jpg","46962"
"sthjk.png","Sản phẩm / Chưa rõ hãng","mũ bảo hiểm lật hàm NHK không có thư mục hãng","http://localhost:3000/media/wp-uploads/2024/10/sthjk.png","60011"
"Su-khac-biet-giua-viec-co-va-khong-co-tai-nghe-gan-mu-bao-hiem.jpg","Ảnh minh hoạ","người sử dụng thiết bị liên lạc trên mũ bảo hiểm","http://localhost:3000/media/wp-uploads/2026/03/Su-khac-biet-giua-viec-co-va-khong-co-tai-nghe-gan-mu-bao-hiem.jpg","27327"
"suit-da-2.png","Sản phẩm / Chưa rõ hãng","bộ đồ liền thân Alpinestars đen vàng","http://localhost:3000/media/wp-uploads/2020/08/suit-da-2.png","97263"
"sw-motech.jpg","Thương hiệu","logo thương hiệu SW-MOTECH","http://localhost:3000/media/wp-uploads/2020/10/sw-motech.jpg","4843"
"t_i__eo_h_ng__t_i_bao_t__givi_ea145b.jpeg","Sản phẩm / GIVI","người đeo túi hông GIVI trên xe mô tô","http://localhost:3000/media/uploads/30b063ab-5dc2-471e-ae46-f37a44f249bc/t_i__eo_h_ng__t_i_bao_t__givi_ea145b.jpeg","865725"
"t_i__eo_h_ng__t_i_bao_t__givi_ea145b.jpg","Sản phẩm / GIVI","người đeo túi hông GIVI màu đen","http://localhost:3000/media/uploads/6f708ca0-b093-4182-bbb3-3fe0a32525f0/t_i__eo_h_ng__t_i_bao_t__givi_ea145b.jpg","1240886"
"t_i__eo_h_ng__t_i_bao_t__givi_pwb03.jpeg","Sản phẩm / GIVI","túi hông chống nước GIVI gắn bên xe","http://localhost:3000/media/uploads/fabfbf72-2d5c-4fa9-9431-d04397342e71/t_i__eo_h_ng__t_i_bao_t__givi_pwb03.jpeg","858415"
"t_i-xu_ng-Custom.png","Sản phẩm / Chưa rõ hãng","ảnh thông số bộ đàm SENA màu xám","http://localhost:3000/media/migration/wordpress/8f/8f2133751cf474bb63887e862fc4cf74f05577e13ed7911ee9ac71037aa546f3/t_i-xu_ng-Custom.png","325298"
"tai_nghe_bluetooth_g_n_m__b_o_hi_m.png","Chưa phân loại","biểu tượng hình học màu đen không xác định được nội dung","http://localhost:3000/media/uploads/582f4f2d-5b4b-4307-9fab-832621babe53/tai_nghe_bluetooth_g_n_m__b_o_hi_m.png","1324"
"tai_nghe_bluetooth_intercom_scs_s-9-03.png","Sản phẩm / SCS","bộ thiết bị liên lạc và phụ kiện SCS S-9","http://localhost:3000/media/migration/wordpress/12/1200119cf46f535eaaaa9c16c78d9236a72fd8f66aaa14f4fa2f71be63374533/tai_nghe_bluetooth_intercom_scs_s-9-03.png","130569"
"tai_nghe_bluetooth_m__b_o_hi_m.png","Ảnh minh hoạ","biểu tượng nét thiết bị liên lạc gắn mũ bảo hiểm","http://localhost:3000/media/uploads/143a8aa5-0d1e-405d-a781-adaabc744674/tai_nghe_bluetooth_m__b_o_hi_m.png","43759"
"tai-nghe-bluetooth-5-3-la-gi-thumbnail.webp","Sản phẩm / SCS","thiết bị liên lạc SCS màu đen","http://localhost:3000/media/wp-uploads/2026/04/tai-nghe-bluetooth-5-3-la-gi-thumbnail.webp","7356"
"tai-nghe-bluetooth-5-3-la-gi.webp","Sản phẩm / SCS","thiết bị liên lạc gắn mũ SCS màu đen","http://localhost:3000/media/wp-uploads/2026/04/tai-nghe-bluetooth-5-3-la-gi.webp","11580"
"Tai-nghe-bluetooth-camera-4K-Sena-50C-harman-kardon-cho-mu-bao-hiem-2-1.jpg","Sản phẩm / Chưa rõ hãng","bộ đàm SENA gắn mũ không có thư mục hãng","http://localhost:3000/media/migration/wordpress/d9/d90339866878e7123512b9f724f22f789359bfcef8003c908369a9023bb4df2b/Tai-nghe-bluetooth-camera-4K-Sena-50C-harman-kardon-cho-mu-bao-hiem-2-1.jpg","67114"
"Tai-nghe-bluetooth-camera-4K-Sena-50C-harman-kardon-cho-mu-bao-hiem-3-1.jpg","Sản phẩm / Chưa rõ hãng","thiết bị liên lạc gắn mũ SENA đang sạc","http://localhost:3000/media/migration/wordpress/6d/6d4d4e26645c7e66d2ef2b4b5d107b604d9861df82e4a6f78f47cbe137aa6eb2/Tai-nghe-bluetooth-camera-4K-Sena-50C-harman-kardon-cho-mu-bao-hiem-3-1.jpg","49894"
"tai-nghe-bluetooth-intercom-2-nguoi-gan-mu-bao-hiem-scs-s10x-anh-seo-og.jpg","Sản phẩm / SCS","cận cảnh thiết bị liên lạc SCS màu đen","http://localhost:3000/media/uploads/e02ce360-3d85-4bce-b749-53b709e6764e/tai-nghe-bluetooth-intercom-2-nguoi-gan-mu-bao-hiem-scs-s10x-anh-seo-og.jpg","104724"
"tai-nghe-bluetooth-intercom-2-nguoi-gan-mu-bao-hiem-scs-s10x-anh-seo-og.jpg","Sản phẩm / SCS","bộ đàm gắn mũ bảo hiểm SCS","http://localhost:3000/media/uploads/b14d1b91-804f-4745-afab-da0356a2cd87/tai-nghe-bluetooth-intercom-2-nguoi-gan-mu-bao-hiem-scs-s10x-anh-seo-og.jpg","101245"
"tai-nghe-bluetooth-intercom-2-nguoi-gan-mu-bao-hiem-scs-s10x-lifestyle-ket-noi.webp","Ảnh minh hoạ","người đội mũ bảo hiểm ngồi trên xe ngoài đường","http://localhost:3000/media/uploads/5f64f94f-406e-40ae-81df-ab5e915fec8e/tai-nghe-bluetooth-intercom-2-nguoi-gan-mu-bao-hiem-scs-s10x-lifestyle-ket-noi.webp","154052"
"tai-nghe-bluetooth-intercom-2-nguoi-gan-mu-bao-hiem-scs-s10x-lifestyle.webp","Sản phẩm / SCS","người dùng gắn thiết bị liên lạc SCS lên mũ bảo hiểm","http://localhost:3000/media/uploads/35356bce-66d6-4e7c-ba50-e35767cda925/tai-nghe-bluetooth-intercom-2-nguoi-gan-mu-bao-hiem-scs-s10x-lifestyle.webp","122432"
"tai-nghe-bluetooth-intercom-camera-4k-sena-50S-harman-kardon-06-1.jpg","Sản phẩm / Chưa rõ hãng","bộ đàm SENA kèm micro và loa","http://localhost:3000/media/migration/wordpress/1a/1ae4c24810f1d7555dd151d8251d823455646565cdc47f982872f1431aa44a3a/tai-nghe-bluetooth-intercom-camera-4k-sena-50S-harman-kardon-06-1.jpg","45678"
"tai-nghe-bluetooth-intercom-camera-4k-sena-50S-harman-kardon.jpg","Ảnh minh hoạ","người đội mũ bảo hiểm có thiết bị liên lạc","http://localhost:3000/media/migration/wordpress/f3/f3d73ff9558be9c49e6fc7ddaca7073c3297baddb12a838e48258a77f976eaf9/tai-nghe-bluetooth-intercom-camera-4k-sena-50S-harman-kardon.jpg","155800"
"Tai-nghe-bluetooth-intercom-camera-SCS-S-11-2-Custom.jpg","Sản phẩm / Chưa rõ hãng","máy quay hành trình gắn mũ không rõ hãng","http://localhost:3000/media/migration/wordpress/38/38256d5ef7da144084676ac87a067af4b17a2281f39b01f55423c9afacdc447e/Tai-nghe-bluetooth-intercom-camera-SCS-S-11-2-Custom.jpg","48496"
"Tai-nghe-bluetooth-intercom-camera-SCS-S-11-3-Custom.jpg","Sản phẩm / Chưa rõ hãng","camera hành trình gắn mũ bảo hiểm","http://localhost:3000/media/migration/wordpress/29/29b66145db274bc340056da3918b878005fd880b0157c7a027857c4875d43c09/Tai-nghe-bluetooth-intercom-camera-SCS-S-11-3-Custom.jpg","45259"
"Tai-nghe-bluetooth-intercom-camera-SCS-S-11-5-Custom.jpg","Sản phẩm / SCS","camera hành trình SCS S-11 màu đen","http://localhost:3000/media/migration/wordpress/dc/dcc6f73644e5cfa04477ba86fd4b705908c7d4fc2832dcc5c24a6f96397ef1ab/Tai-nghe-bluetooth-intercom-camera-SCS-S-11-5-Custom.jpg","54495"
"Tai-nghe-bluetooth-intercom-gan-mu-bao-hiem-tich-hop-camera-2K-SCS-S-11-10.jpg","Sản phẩm / SCS","ảnh quảng bá camera hành trình SCS S-11","http://localhost:3000/media/migration/wordpress/da/daf573a3c6e8dc34eb97332fb276026fa1980844a00ccb59c978e94dde0f34c9/Tai-nghe-bluetooth-intercom-gan-mu-bao-hiem-tich-hop-camera-2K-SCS-S-11-10.jpg","60195"
"Tai-nghe-bluetooth-intercom-gan-mu-bao-hiem-tich-hop-camera-2K-SCS-S-11-17.jpg","Sản phẩm / SCS","bộ thiết bị liên lạc SCS và đầy đủ phụ kiện","http://localhost:3000/media/migration/wordpress/f6/f6f8daf1d911e6a57a8aeab60f23aa2094ca99770155adebff05627b816e37fd/Tai-nghe-bluetooth-intercom-gan-mu-bao-hiem-tich-hop-camera-2K-SCS-S-11-17.jpg","162831"
"Tai-nghe-bluetooth-intercom-gan-mu-bao-hiem-tich-hop-camera-2K-SCS-S-11-20-1.jpg","Sản phẩm / SCS","ảnh quảng cáo bộ đàm SCS cho nhóm đi xe","http://localhost:3000/media/migration/wordpress/8e/8e486a67019def25170c1901fc6835a97c2aac7280f865853b8ade6b2e5f2546/Tai-nghe-bluetooth-intercom-gan-mu-bao-hiem-tich-hop-camera-2K-SCS-S-11-20-1.jpg","87020"
"Tai-nghe-bluetooth-intercom-gan-mu-bao-hiem-tich-hop-camera-2K-SCS-S-11-26-1.jpg","Sản phẩm / SCS","ảnh thông số kết nối nhiều bộ đàm SCS trên đường đèo","http://localhost:3000/media/migration/wordpress/40/40f5ebc7942a4a8ecfbe015f04b1217d04a1540295372906cbab6915185769ed/Tai-nghe-bluetooth-intercom-gan-mu-bao-hiem-tich-hop-camera-2K-SCS-S-11-26-1.jpg","241220"
"Tai-nghe-bluetooth-intercom-gan-mu-bao-hiem-tich-hop-camera-2K-SCS-S-11-27-1.jpg","Sản phẩm / Chưa rõ hãng","ảnh thông số ống kính Sony trên camera hành trình","http://localhost:3000/media/migration/wordpress/2b/2bf4f11695bf1908090d9fb9345a3d69ac749164fec315d715dd81a53a37ace5/Tai-nghe-bluetooth-intercom-gan-mu-bao-hiem-tich-hop-camera-2K-SCS-S-11-27-1.jpg","63781"
"Tai-nghe-bluetooth-intercom-gan-mu-bao-hiem-tich-hop-camera-2K-SCS-S-11-30-1.jpg","Sản phẩm / SCS","ảnh sản phẩm camera hành trình SCS S-11","http://localhost:3000/media/migration/wordpress/0c/0c3b4db34610776f339115fdb36a28856952055deaef384b8861e85c4c2279db/Tai-nghe-bluetooth-intercom-gan-mu-bao-hiem-tich-hop-camera-2K-SCS-S-11-30-1.jpg","75455"
"Tai-nghe-bluetooth-intercom-gan-mu-bao-hiem-tich-hop-camera-2K-SCS-S-11-8-1.jpg","Ảnh minh hoạ","người đội mũ bảo hiểm kính vàng bên hồ","http://localhost:3000/media/migration/wordpress/e1/e124bca6a0ff288d8ccb91b7ade4dc2b3a18a82c2f1ca9e04d24acce63e038f1/Tai-nghe-bluetooth-intercom-gan-mu-bao-hiem-tich-hop-camera-2K-SCS-S-11-8-1.jpg","102283"
"TAI-NGHE-BLUETOOTH-INTERCOM-SCS-T2-PLUS-CHO-MU-BAO-HIEM-01.jpg","Sản phẩm / SCS","bộ đàm gắn mũ bảo hiểm SCS T2 Plus","http://localhost:3000/media/wp-uploads/2025/10/TAI-NGHE-BLUETOOTH-INTERCOM-SCS-T2-PLUS-CHO-MU-BAO-HIEM-01.jpg","46593"
"TAI-NGHE-BLUETOOTH-INTERCOM-SCS-T2-PLUS-CHO-MU-BAO-HIEM-02.jpg","Sản phẩm / SCS","bộ đàm gắn mũ bảo hiểm SCS T2 màu đen","http://localhost:3000/media/wp-uploads/2025/10/TAI-NGHE-BLUETOOTH-INTERCOM-SCS-T2-PLUS-CHO-MU-BAO-HIEM-02.jpg","33010"
"TAI-NGHE-BLUETOOTH-INTERCOM-SCS-T2-PLUS-CHO-MU-BAO-HIEM-03.jpg","Sản phẩm / Chưa rõ hãng","máy quay hành trình nhìn từ cạnh bên","http://localhost:3000/media/wp-uploads/2025/10/TAI-NGHE-BLUETOOTH-INTERCOM-SCS-T2-PLUS-CHO-MU-BAO-HIEM-03.jpg","30917"
"TAI-NGHE-BLUETOOTH-INTERCOM-SCS-T2-PLUS-CHO-MU-BAO-HIEM-04.jpg","Sản phẩm / Chưa rõ hãng","máy quay hành trình màu đen nhìn từ cạnh bên","http://localhost:3000/media/wp-uploads/2025/10/TAI-NGHE-BLUETOOTH-INTERCOM-SCS-T2-PLUS-CHO-MU-BAO-HIEM-04.jpg","31444"
"tai-nghe-bluetooth-mu-bao-hiem-sena-50s-02-Custom-1-1024x1024.jpg","Sản phẩm / Chưa rõ hãng","bộ đàm gắn mũ SENA","http://localhost:3000/media/migration/wordpress/16/16e8dbd31afa3cbc1cc03533688cc79a433cbeb55ea07c773e57f99b537158e6/tai-nghe-bluetooth-mu-bao-hiem-sena-50s-02-Custom-1-1024x1024.jpg","64434"
"tai-nghe-bluetooth-mu-bao-hiem-sena-50s-04-Custom-1.jpg","Sản phẩm / Chưa rõ hãng","thiết bị liên lạc SENA gắn mũ bảo hiểm","http://localhost:3000/media/migration/wordpress/52/521477cf6fdda922643eb05c2147c4f1ef47ff2187da0485f8fe4e3b055d58e8/tai-nghe-bluetooth-mu-bao-hiem-sena-50s-04-Custom-1.jpg","51209"
"tai-nghe-bluetooth-mu-bao-hiem-sena-50s-05-Custom-1-1024x1024.jpg","Sản phẩm / Chưa rõ hãng","bộ đàm gắn mũ SENA màu bạc đen","http://localhost:3000/media/migration/wordpress/4f/4f657bbfbd8808f65da40f0094cef27b3744927841d68af05d94113d4f9c282b/tai-nghe-bluetooth-mu-bao-hiem-sena-50s-05-Custom-1-1024x1024.jpg","69696"
"tai-nghe-bluetooth-mu-bao-hiem-sena-50s-06-Custom-1-1024x1024.jpg","Sản phẩm / Chưa rõ hãng","thiết bị điện tử gắn mũ màu đen bạc","http://localhost:3000/media/migration/wordpress/63/636adeed9fbe81b9314859350ced23116cb230a6b6e443a744e8aa8e684168fc/tai-nghe-bluetooth-mu-bao-hiem-sena-50s-06-Custom-1-1024x1024.jpg","46094"
"tai-nghe-bluetooth-mu-bao-hiem-sena-50s-09-Custom-1-1024x1024.jpg","Sản phẩm / Chưa rõ hãng","thiết bị liên lạc gắn mũ SENA màu đen bạc","http://localhost:3000/media/migration/wordpress/ea/ea0281ba617fef600c98d5a73ec25bcae461edd13f01c805c75e91659450e3ad/tai-nghe-bluetooth-mu-bao-hiem-sena-50s-09-Custom-1-1024x1024.jpg","68154"
"tai-nghe-bluetooth-mu-bao-hiem-sena-50s-10-01-Custom.jpg","Sản phẩm / Chưa rõ hãng","cặp thiết bị liên lạc gắn mũ SENA","http://localhost:3000/media/migration/wordpress/33/33264d8846e05cf60d8e7200d242638907056b9d1db0f374d1b5fe93dfeb7426/tai-nghe-bluetooth-mu-bao-hiem-sena-50s-10-01-Custom.jpg","46574"
"tai-nghe-bluetooth-s7x.jpg","Sản phẩm / SCS","ảnh thông số bộ đàm SCS Bluetooth 5.2","http://localhost:3000/media/wp-uploads/2024/04/tai-nghe-bluetooth-s7x.jpg","31223"
"tai-nghe-bluetooth-s7x5.jpg","Sản phẩm / Chưa rõ hãng","bộ điều khiển đàm thoại gắn mũ không rõ hãng","http://localhost:3000/media/wp-uploads/2024/04/tai-nghe-bluetooth-s7x5.jpg","37302"
"Tai-nghe-bluetooth-Sena-50C-harman-kadon-intercom-camera-4K-01-1.jpg","Sản phẩm / Chưa rõ hãng","thiết bị liên lạc SENA màu bạc đen","http://localhost:3000/media/migration/wordpress/05/0598d40307895a7b38c54d106b54675be07f1a81d372da0bdcc094dbf770c12c/Tai-nghe-bluetooth-Sena-50C-harman-kadon-intercom-camera-4K-01-1.jpg","51359"
"Tai-nghe-bluetooth-Sena-50C-harman-kadon-intercom-camera-4K-02-1.jpg","Sản phẩm / Chưa rõ hãng","bộ đàm SENA màu bạc đen không có thư mục hãng","http://localhost:3000/media/migration/wordpress/e6/e6994a94a76a9df2e92730170ee001a0b98b4ac755a44bcb8e14d8300c63a7e1/Tai-nghe-bluetooth-Sena-50C-harman-kadon-intercom-camera-4K-02-1.jpg","53106"
"Tai-nghe-bluetooth-Sena-50C-harman-kadon-intercom-camera-4K-03-1.jpg","Sản phẩm / Chưa rõ hãng","bộ đàm SENA kèm micro và loa","http://localhost:3000/media/migration/wordpress/e9/e938a19ef8b7e45c706d0543766b6108905b76e8c14f2a575b635510ec177b3c/Tai-nghe-bluetooth-Sena-50C-harman-kadon-intercom-camera-4K-03-1.jpg","53583"
"Tai-nghe-bluetooth-Sena-50C-harman-kadon-intercom-camera-4K-04-1.jpg","Sản phẩm / Chưa rõ hãng","bộ phụ kiện tai nghe bộ đàm SENA","http://localhost:3000/media/migration/wordpress/5e/5e24db3b5e20cc9d5ffb8c54e33c409055da7625a9b7f39e5529a5dc41c2dd5c/Tai-nghe-bluetooth-Sena-50C-harman-kadon-intercom-camera-4K-04-1.jpg","34815"
"tai-nghe-bluetooth-sena-50s-dual-01-Custom-1.jpg","Sản phẩm / Chưa rõ hãng","ảnh thu nhỏ thiết bị điện tử màu đen","http://localhost:3000/media/migration/wordpress/66/667f324d64c4514839fec87043f0491812d85a9fd98a48d28cf3f19da596d49c/tai-nghe-bluetooth-sena-50s-dual-01-Custom-1.jpg","2921"
"tai-nghe-bluetooth-sena-50s-dual-01-Custom.jpg","Sản phẩm / Chưa rõ hãng","bộ thiết bị liên lạc gắn mũ SENA","http://localhost:3000/media/migration/wordpress/fb/fbd49e10596acdcca15c301d31fd362854284fa34486c94764b0e2dfc2a77e65/tai-nghe-bluetooth-sena-50s-dual-01-Custom.jpg","251511"
"tai-nghe-gan-mu-bao-hiem-1.jpg","Ảnh minh hoạ","người đội mũ bảo hiểm kính vàng bên hồ","http://localhost:3000/media/wp-uploads/2026/03/tai-nghe-gan-mu-bao-hiem-1.jpg","46573"
"Tai-nghe-mu-bao-hiem-mo-to-phuot-SCS-Bluetooth-helmet-Intercom-SCS-S12-03-01.jpg","Sản phẩm / SCS","bộ camera hành trình SCS màu đen","http://localhost:3000/media/wp-uploads/2023/05/Tai-nghe-mu-bao-hiem-mo-to-phuot-SCS-Bluetooth-helmet-Intercom-SCS-S12-03-01.jpg","50002"
"Tai-nghe-mu-bao-hiem-mo-to-phuot-SCS-Bluetooth-helmet-Intercom-SCS-S12-03.jpg","Sản phẩm / Chưa rõ hãng","camera hành trình màu đen không rõ hãng","http://localhost:3000/media/wp-uploads/2023/05/Tai-nghe-mu-bao-hiem-mo-to-phuot-SCS-Bluetooth-helmet-Intercom-SCS-S12-03.jpg","32565"
"Tai-nghe-mu-bao-hiem-mo-to-phuot-SCS-Bluetooth-helmet-Intercom-SCS-S12-04.jpg","Sản phẩm / Chưa rõ hãng","thiết bị camera hành trình màu đen","http://localhost:3000/media/wp-uploads/2023/05/Tai-nghe-mu-bao-hiem-mo-to-phuot-SCS-Bluetooth-helmet-Intercom-SCS-S12-04.jpg","38633"
"Tai-nghe-tich-hop-camera-hanh-trinh.jpg","Sản phẩm / SCS","bộ đàm SCS S-11 màu đen","http://localhost:3000/media/wp-uploads/2026/03/Tai-nghe-tich-hop-camera-hanh-trinh.jpg","28556"
"TAICHI-RS-TRV086-04.jpg","Sản phẩm / Chưa rõ hãng","tấm giáp bảo hộ màu đen không rõ hãng","http://localhost:3000/media/wp-uploads/2024/04/TAICHI-RS-TRV086-04.jpg","41176"
"TAICHI-RS-TRV086-05.jpg","Sản phẩm / Chưa rõ hãng","hai miếng giáp bảo hộ màu đen","http://localhost:3000/media/wp-uploads/2024/04/TAICHI-RS-TRV086-05.jpg","47271"
"TAICHI-RSC120-01.jpg","Sản phẩm / TAICHI","mũ lưỡi trai RS TAICHI","http://localhost:3000/media/wp-uploads/2024/07/TAICHI-RSC120-01.jpg","87125"
"TAICHI-RSJ345-TORQUE-AIR-JACKET-03.jpg","Sản phẩm / TAICHI","áo khoác bảo hộ TAICHI đen đỏ","http://localhost:3000/media/wp-uploads/2024/03/TAICHI-RSJ345-TORQUE-AIR-JACKET-03.jpg","52961"
"TAICHI-RSJ345-TORQUE-AIR-JACKET-04.jpg","Sản phẩm / TAICHI","áo khoác TAICHI màu đen nhìn từ sau","http://localhost:3000/media/wp-uploads/2024/03/TAICHI-RSJ345-TORQUE-AIR-JACKET-04.jpg","40367"
"TAICHI-RSJ354-AIR-PARKA-05.jpg","Sản phẩm / TAICHI","áo khoác TAICHI họa tiết chữ màu đen","http://localhost:3000/media/wp-uploads/2025/07/TAICHI-RSJ354-AIR-PARKA-05.jpg","62750"
"TAICHI-RSS011-DRYMASTER-FIT-HOOP-01.jpg","Sản phẩm / TAICHI","đôi giày bảo hộ TAICHI cổ cao màu nâu đen","http://localhost:3000/media/wp-uploads/2024/01/TAICHI-RSS011-DRYMASTER-FIT-HOOP-01.jpg","80595"
"TAICHI-RSS011-DRYMASTER-FIT-HOOP-02.jpg","Sản phẩm / Chưa rõ hãng","đôi giày bảo hộ cổ cao màu đen","http://localhost:3000/media/wp-uploads/2024/01/TAICHI-RSS011-DRYMASTER-FIT-HOOP-02.jpg","75829"
"TAICHI-RSS011-DRYMASTER-FIT-HOOP-03.jpg","Sản phẩm / Chưa rõ hãng","giày bảo hộ cổ cao khóa BOA","http://localhost:3000/media/wp-uploads/2024/01/TAICHI-RSS011-DRYMASTER-FIT-HOOP-03.jpg","77211"
"TAICHI-RSS011-DRYMASTER-FIT-HOOP-04.jpg","Sản phẩm / Chưa rõ hãng","giày bảo hộ khóa BOA nhìn từ đế","http://localhost:3000/media/wp-uploads/2024/01/TAICHI-RSS011-DRYMASTER-FIT-HOOP-04.jpg","96631"
"TAICHI-RST129-02.jpg","Sản phẩm / TAICHI","găng tay TAICHI màu đen","http://localhost:3000/media/wp-uploads/2024/07/TAICHI-RST129-02.jpg","70982"
"TAICHI-RST465-05.jpg","Sản phẩm / TAICHI","găng tay bảo hộ TAICHI màu đen","http://localhost:3000/media/wp-uploads/2024/06/TAICHI-RST465-05.jpg","95312"
"TAICHI-RST465-06.jpg","Sản phẩm / Chưa rõ hãng","mặt lòng găng tay bảo hộ màu đen","http://localhost:3000/media/wp-uploads/2024/06/TAICHI-RST465-06.jpg","84368"
"TAICHI-RST465-07.jpg","Sản phẩm / Chưa rõ hãng","găng tay bảo hộ đen đỏ chụp sản phẩm","http://localhost:3000/media/wp-uploads/2024/06/TAICHI-RST465-07.jpg","103282"
"TAICHI-RST465-08.jpg","Sản phẩm / Chưa rõ hãng","găng tay bảo hộ màu đen","http://localhost:3000/media/wp-uploads/2024/06/TAICHI-RST465-08.jpg","84921"
"TAICHI-RSX158-01.jpg","Sản phẩm / Chưa rõ hãng","mũ trùm đầu và cổ màu đen","http://localhost:3000/media/wp-uploads/2024/07/TAICHI-RSX158-01.jpg","33648"
"TAICHI-RSX158-02.jpg","Sản phẩm / TAICHI","khăn trùm đầu TAICHI màu đen","http://localhost:3000/media/wp-uploads/2024/07/TAICHI-RSX158-02.jpg","38880"
"TAICHI-TRV080-01-1024x1024.jpg","Sản phẩm / TAICHI","ống giáp gối TAICHI màu đen vàng","http://localhost:3000/media/migration/wordpress/8c/8c192ea7a62a3411e67fa7e7c80e4b2420dc643f89adbf0ffd5dae745fd9684a/TAICHI-TRV080-01-1024x1024.jpg","80382"
"TAICHI-TRV080-01.jpg","Sản phẩm / TAICHI","giáp bảo hộ đầu gối TAICHI đen vàng","http://localhost:3000/media/migration/wordpress/e5/e53e66463757769839e8e1aada831411d52c5205982b0c60928db8a9be326ec8/TAICHI-TRV080-01.jpg","65061"
"TAICHI-TRV080-02.jpg","Sản phẩm / TAICHI","ống tay bảo hộ TAICHI màu đen vàng","http://localhost:3000/media/migration/wordpress/25/25b1d7c1f47376b47ccdf27d64aeab250f6e8c476898f41cf46a40e79585f25c/TAICHI-TRV080-02.jpg","57355"
"TAICHI-TRV080-03.jpg","Sản phẩm / TAICHI","bộ giáp bảo hộ đầu gối TAICHI đen vàng","http://localhost:3000/media/migration/wordpress/4b/4b7ab2ba960ed53169e549d9578fa9846cb2454664123c7e38c9d2344a5399d4/TAICHI-TRV080-03.jpg","60496"
"TAICHI-TRV080-04.jpg","Sản phẩm / Chưa rõ hãng","ống bọc bảo vệ đầu gối màu đen vàng","http://localhost:3000/media/migration/wordpress/71/7190de110d1d94da0def8f531fc906983727b3326f7683a24c8f23c089380f00/TAICHI-TRV080-04.jpg","38980"
"TAICHI-TRV080-05-1.jpg","Sản phẩm / Chưa rõ hãng","ảnh thu nhỏ giáp bảo hộ đầu gối","http://localhost:3000/media/migration/wordpress/1a/1ae627bb2edbc49f012e17c74adee89640aaa17db6621226dcb7ab9b9b627d02/TAICHI-TRV080-05-1.jpg","3265"
"TAICHI-TRV080-05.jpg","Sản phẩm / TAICHI","giáp bảo hộ đầu gối TAICHI đen vàng","http://localhost:3000/media/migration/wordpress/16/167d8c9e4c9e3fbb8477aa95f8261baf9a1436385f1f3f67807d64381a7a3e8b/TAICHI-TRV080-05.jpg","48720"
"TAICHI-TRV080-06.jpg","Sản phẩm / TAICHI","cặp giáp bảo hộ đầu gối TAICHI đen vàng","http://localhost:3000/media/migration/wordpress/15/159edcbeb59dce4813ee45c2623e41fde9fd65bb0055357eb312149b1d96cb27/TAICHI-TRV080-06.jpg","66351"
"taichi.jpg","Thương hiệu","logo chữ TAICHI màu đen","http://localhost:3000/media/wp-uploads/2020/10/taichi.jpg","4324"
"Tech-01.png","Sản phẩm / Chưa rõ hãng","ảnh thông số sợi vải kháng khuẩn và thoát ẩm","http://localhost:3000/media/migration/wordpress/f3/f3bfd3e68765003da424bd3c021a1616a3c5f516bcab643a01241b188d1834b0/Tech-01.png","58087"
"Thiet-ke-cho-nam.jpg","Sản phẩm / Chưa rõ hãng","hai người mẫu mặc quần túi hộp màu đen","http://localhost:3000/media/wp-uploads/2026/02/Thiet-ke-cho-nam.jpg","53156"
"Thiet-ke-cho-nu.jpg","Sản phẩm / Chưa rõ hãng","bốn người mẫu mặc quần túi hộp nhiều màu","http://localhost:3000/media/wp-uploads/2026/02/Thiet-ke-cho-nu.jpg","68958"
"thoat-gio-416x400-1.jpg","Sản phẩm / LS2","cận cảnh phía sau mũ bảo hiểm LS2 màu đen","http://localhost:3000/media/migration/wordpress/99/99cd09ae69426c458ff764f4606120aa6201a2353264df8b7d3498478be452fb/thoat-gio-416x400-1.jpg","10745"
"thong-gio-mat-me-1.png","Sản phẩm / Chưa rõ hãng","cận cảnh lỗ thông gió mũ bảo hiểm POC màu đen","http://localhost:3000/media/migration/wordpress/28/280e3888d48f93c0b0db26cb3aa2e684f7f0c73d93b5d2beb597c22bcf0bfada/thong-gio-mat-me-1.png","1988347"
"thong-gio.jpg","Sản phẩm / Chưa rõ hãng","ảnh cận cảnh khe thông gió mũ bảo hiểm đen","http://localhost:3000/media/migration/wordpress/cc/cccc6f5e30bf61c4dc444c22c8c1105461f5d430d64c4c4cd6b7c0d4254cce62/thong-gio.jpg","10664"
"training-book-thunder-c-af-af-4-scaled_1_39890ed6ca474e25acfdc494d1dcef47_1024x1024.webp","Sản phẩm / LS2","ảnh thông số mũ bảo hiểm LS2 Thunder C","http://localhost:3000/media/migration/wordpress/49/4990c0956e0edcceea8d1745e17d4650a8c76598845643f54ef6a2169af9193a/training-book-thunder-c-af-af-4-scaled_1_39890ed6ca474e25acfdc494d1dcef47_1024x1024.webp","96080"
"TRAINING-BOOK-THUNDER-C-AF-AF-7-scaled-1-1024x724.jpg","Sản phẩm / LS2","ảnh mô tả tính năng kính mũ LS2 Thunder C","http://localhost:3000/media/migration/wordpress/fd/fd008ea3babc6a226595fa56eea9257ef63f9eb67ccb3c0da0a464141df1bc60/TRAINING-BOOK-THUNDER-C-AF-AF-7-scaled-1-1024x724.jpg","53422"
"training-book-thunder-c-af-af-8-scaled_7ec51647812842a79ac14a706db51b54_1024x1024.jpg","Sản phẩm / LS2","ảnh thông số hệ thống thông khí mũ LS2 Thunder C","http://localhost:3000/media/migration/wordpress/0a/0ae5e9494d1d0f9984dccb1b2961aa1a234eb9397fea860061d08cc02f56ee64/training-book-thunder-c-af-af-8-scaled_7ec51647812842a79ac14a706db51b54_1024x1024.jpg","100031"
"TRAINING-BOOK-THUNDER-C-AF-AF-8b-scaled-1-1024x724.jpg","Sản phẩm / LS2","ảnh thông số lót mũ LS2 Thunder C","http://localhost:3000/media/migration/wordpress/d6/d6e20e7d664efd75f2b745def170805d84633fc64fb7bb082de45dcc397cf936/TRAINING-BOOK-THUNDER-C-AF-AF-8b-scaled-1-1024x724.jpg","66624"
"Trang-phuc-phu-hop-cho-nu-khi-di-phuot.jpg","Sản phẩm / Chưa rõ hãng","người mẫu nữ mặc áo khoác bảo hộ màu nâu","http://localhost:3000/media/wp-uploads/2026/02/Trang-phuc-phu-hop-cho-nu-khi-di-phuot.jpg","45857"
"tro-chuyen-doi-ket-noi-mai-s9xm-4.jpg","Banner","banner quảng cáo bộ đàm S9XM","http://localhost:3000/media/wp-uploads/2025/08/tro-chuyen-doi-ket-noi-mai-s9xm-4.jpg","216515"
"tro-chuyen-doi-ket-noi-mai-s9xm-doc.jpg","Sản phẩm / SCS","ảnh quảng cáo bộ đàm SCS S9XM","http://localhost:3000/media/wp-uploads/2025/08/tro-chuyen-doi-ket-noi-mai-s9xm-doc.jpg","300597"
"Trum-dau-fullface-sixs-six2-DBX-02-1.jpg","Sản phẩm / Chưa rõ hãng","khăn trùm đầu đỏ đen chụp sản phẩm","http://localhost:3000/media/wp-uploads/2022/10/Trum-dau-fullface-sixs-six2-DBX-02-1.jpg","37563"
"Trum-dau-fullface-sixs-six2-DBX-04-1.jpg","Sản phẩm / Chưa rõ hãng","mũ trùm đầu Oxford màu đen","http://localhost:3000/media/wp-uploads/2022/10/Trum-dau-fullface-sixs-six2-DBX-04-1.jpg","22977"
"Trum-dau-fullface-sixs-six2-DBX-05-1.jpg","Sản phẩm / Chưa rõ hãng","khăn trùm đầu dệt màu xanh đen","http://localhost:3000/media/wp-uploads/2022/10/Trum-dau-fullface-sixs-six2-DBX-05-1.jpg","57113"
"TRV079-01.jpg","Sản phẩm / TAICHI","người mặc áo khoác nỉ và áo thun TAICHI","http://localhost:3000/media/wp-uploads/2024/10/TRV079-01.jpg","240866"
"TRV079-02.jpg","Sản phẩm / Chưa rõ hãng","ảnh cận cảnh miếng giáp tổ ong có dấu CE","http://localhost:3000/media/wp-uploads/2024/10/TRV079-02.jpg","64889"
"TRV079-03.jpg","Sản phẩm / KOMINE","cận cảnh cấu trúc tổ ong của giáp lưng KOMINE","http://localhost:3000/media/wp-uploads/2024/10/TRV079-03.jpg","140499"
"TRV079-04.jpg","Sản phẩm / Chưa rõ hãng","cặp miếng đệm bảo hộ màu đen","http://localhost:3000/media/wp-uploads/2024/10/TRV079-04.jpg","75750"
"TRV079-05.jpg","Sản phẩm / SCS","cận cảnh lớp dán trên thiết bị SCS","http://localhost:3000/media/wp-uploads/2024/10/TRV079-05.jpg","62748"
"Tui-da-nang-di-mo-to-phuot-Givi-PCB01-40-Lit-Chong-nuoc-1.png","Sản phẩm / GIVI","người đeo balo chống nước GIVI cỡ lớn màu đen","http://localhost:3000/media/migration/wordpress/92/92ed0443985f2d7c8a3e287607a33a1d30ad2c118b72e56c24200b320c4dfc1a/Tui-da-nang-di-mo-to-phuot-Givi-PCB01-40-Lit-Chong-nuoc-1.png","96392"
"Tui-da-nang-di-mo-to-phuot-Givi-PCB01-40-Lit-Chong-nuoc-2.png","Sản phẩm / GIVI","túi cuộn chống nước GIVI màu đen","http://localhost:3000/media/migration/wordpress/67/673cb578971c37c4cb084e9df3fb0262bf4f0623829f549b635bd54982e243af/Tui-da-nang-di-mo-to-phuot-Givi-PCB01-40-Lit-Chong-nuoc-2.png","149515"
"Tui-da-nang-di-mo-to-phuot-Givi-PCB01-40-Lit-Chong-nuoc-3.png","Sản phẩm / GIVI","người đeo balo chống nước GIVI cỡ lớn màu đen","http://localhost:3000/media/migration/wordpress/5e/5e1e8eda5db7e901dd61e95911a49781268e7f2bb305043a4228e2e724fc5f75/Tui-da-nang-di-mo-to-phuot-Givi-PCB01-40-Lit-Chong-nuoc-3.png","158622"
"Tui-deo-hong-RS-TAICHI-SB287-WP-camo-2-1.png","Sản phẩm / TAICHI","người mẫu mặc áo thun và túi đeo hông TAICHI","http://localhost:3000/media/wp-uploads/2022/12/Tui-deo-hong-RS-TAICHI-SB287-WP-camo-2-1.png","56923"
"TUI-DUOI-XE-ILM-BS3-01.jpg","Sản phẩm / ILM","túi du lịch ILM màu đen","http://localhost:3000/media/migration/wordpress/80/80030ab4f5f49005e4bd83427e805a339a88d2348235910070ca9b706682b6c6/TUI-DUOI-XE-ILM-BS3-01.jpg","57275"
"TUI-DUOI-XE-ILM-BS3-02.jpg","Sản phẩm / ILM","túi hành lý ILM màu đen","http://localhost:3000/media/migration/wordpress/7f/7f9bf022b3a13d514b8019ed3c2871545558fd24d04c03b72a5abcb16b8f9e03/TUI-DUOI-XE-ILM-BS3-02.jpg","55326"
"TUI-DUOI-XE-ILM-BS3-03.jpg","Sản phẩm / Chưa rõ hãng","túi gắn xe màu đen","http://localhost:3000/media/migration/wordpress/7c/7c258336f419ad4d6423216c82184a32f5314cbaee6f48c1499065387b98f8ba/TUI-DUOI-XE-ILM-BS3-03.jpg","53349"
"TUI-DUOI-XE-ILM-BS3-04.jpg","Sản phẩm / ILM","túi chống nước ILM màu đen","http://localhost:3000/media/migration/wordpress/c0/c04e4e8ec3b2a50450658b301968daaaaa170fde60214ba9efd2115a05aab67a/TUI-DUOI-XE-ILM-BS3-04.jpg","51950"
"tui-gan-duoi-xe-moto-givi-xs313.jpg","Sản phẩm / GIVI","ảnh giới thiệu túi đuôi xe GIVI XS313","http://localhost:3000/media/migration/wordpress/20/2013bed221563211412ee33fac689a28ac4adf0e762c8007391874037cb4b22c/tui-gan-duoi-xe-moto-givi-xs313.jpg","295870"
"tui-rang-yen-xe-GIVI313-1.png","Sản phẩm / Chưa rõ hãng","ảnh bên trong balo có lớp lót bạc","http://localhost:3000/media/wp-uploads/2019/11/tui-rang-yen-xe-GIVI313-1.png","298850"
"tui-rang-yen-xe-GIVI313-2.png","Sản phẩm / GIVI","túi gắn xe GIVI dung tích 20 lít","http://localhost:3000/media/wp-uploads/2019/11/tui-rang-yen-xe-GIVI313-2.png","263625"
"tui-rang-yen-xe-GIVI313-3.png","Sản phẩm / GIVI","túi gắn bình xăng GIVI màu đen xám","http://localhost:3000/media/wp-uploads/2019/11/tui-rang-yen-xe-GIVI313-3.png","186085"
"Union-3.png","Ảnh minh hoạ","biểu tượng nét áo giáp bảo hộ","http://localhost:3000/media/wp-uploads/2020/07/Union-3.png","1399"
"Union-7.png","Chưa phân loại","biểu tượng người đội mũ và kính không đủ ngữ cảnh","http://localhost:3000/media/wp-uploads/2020/07/Union-7.png","1653"
"Untitled-1-1.jpg","Thương hiệu","logo SCS Việt Nam","http://localhost:3000/media/wp-uploads/2024/08/Untitled-1-1.jpg","2391"
"Untitled-2-01-1024x806.jpg","Sản phẩm / LS2","mũ bảo hiểm LS2 ba phần tư màu đen","http://localhost:3000/media/migration/wordpress/00/002a4cfdd80be823662a830f588faa28f47edc5e77f0f2f4cd6ebe04dd3f101d/Untitled-2-01-1024x806.jpg","62266"
"Urban-City-Forma-Ground-Flow-Black-Grey-03-01.png","Sản phẩm / Chưa rõ hãng","giày bảo hộ Alpinestars đen trắng","http://localhost:3000/media/migration/wordpress/bd/bd1e271464bf524b864ccd169cd1a1de177e30e9e7c089e673f013dad12dbe1e/Urban-City-Forma-Ground-Flow-Black-Grey-03-01.png","120012"
"Urban-City-Forma-Ground-Flow-Black-Grey-03-02.png","Sản phẩm / Chưa rõ hãng","mặt sau giày cổ cao đen xám không rõ hãng","http://localhost:3000/media/migration/wordpress/73/73ec7553f299a1b0d2a72406ce00956365fae53b494725b9a44bb72d8cb03617/Urban-City-Forma-Ground-Flow-Black-Grey-03-02.png","79063"
"Urban-City-Forma-Ground-Flow-Black-Grey-03.jpg","Sản phẩm / Chưa rõ hãng","đôi giày thấp cổ ảnh kích thước rất nhỏ","http://localhost:3000/media/migration/wordpress/dc/dc3bbf61871e810251d43e36ade551acc0e2dbbdab083d2b4df21f9c5a240086/Urban-City-Forma-Ground-Flow-Black-Grey-03.jpg","1334"
"Urban-City-Forma-Ground-Flow-Black-Grey-03.png","Sản phẩm / Chưa rõ hãng","đôi giày mô tô cổ cao màu đen xám","http://localhost:3000/media/migration/wordpress/1d/1d4971be76368e4a2f755f9786c90d78ec26d15a33ff9e75634ddee45b87eda7/Urban-City-Forma-Ground-Flow-Black-Grey-03.png","83507"
"vn-11134201-7ra0g-m8kf7gm0qyyqc2.jpg","Sản phẩm / Chưa rõ hãng","quần bảo hộ màu đen","http://localhost:3000/media/uploads/73e0ff3c-1b2f-4384-bb20-e839eb735fe8/vn-11134201-7ra0g-m8kf7gm0qyyqc2.jpg","56606"
"vo-Gaerne-cho-giay-bao-ho-moto-Long-Shock-02.jpg","Sản phẩm / Chưa rõ hãng","đôi ống bảo hộ chân màu đen trắng","http://localhost:3000/media/migration/wordpress/5b/5ba0f053f38a4c54a43bfe8897ae2ce8a124a8abe3d0198c0df6bb3adfca0415/vo-Gaerne-cho-giay-bao-ho-moto-Long-Shock-02.jpg","50412"
"vo-Gaerne-cho-giay-bao-ho-moto-Long-Shock-1-01-1.jpg","Sản phẩm / Chưa rõ hãng","tất bảo hộ cổ cao màu đen","http://localhost:3000/media/migration/wordpress/65/657b19c0e6002a0459070d3e9cb36fb4a1b56e81d6fa9da98627f785e590d2ec/vo-Gaerne-cho-giay-bao-ho-moto-Long-Shock-1-01-1.jpg","39719"
"vo-Gaerne-cho-giay-bao-ho-moto-Long-Shock-1-02-1.jpg","Sản phẩm / Chưa rõ hãng","đôi tất bảo hộ GAERNE màu đen","http://localhost:3000/media/migration/wordpress/35/3523d291b485328dfabb5c6943bb7ec94a23a5181fcf48984473a0592dbdedb3/vo-Gaerne-cho-giay-bao-ho-moto-Long-Shock-1-02-1.jpg","31033"
"Vo-giay-mo-to-vo-giay-phuot-khang-khuan-SIXS-Short-Logo-01-1.jpg","Sản phẩm / Chưa rõ hãng","tất bảo hộ màu đen đỏ","http://localhost:3000/media/migration/wordpress/fa/fa79c2ea43ef2006fe753ae1fffc689217d92a0c614895a79342207aad1c154b/Vo-giay-mo-to-vo-giay-phuot-khang-khuan-SIXS-Short-Logo-01-1.jpg","858"
"Vo-giay-mo-to-vo-giay-phuot-khang-khuan-SIXS-Short-Logo-01.webp","Sản phẩm / SIXS","tất kỹ thuật SIXS màu đen xanh đỏ","http://localhost:3000/media/migration/wordpress/f7/f7ce4a9e0e6d67a72194f9c9610845c916ed2268b88e63865d1c1b52eca600e7/Vo-giay-mo-to-vo-giay-phuot-khang-khuan-SIXS-Short-Logo-01.webp","64218"
"Vo-giay-mo-to-vo-giay-phuot-khang-khuan-SIXS-Short-Logo-02-1.jpg","Sản phẩm / Chưa rõ hãng","tất bảo hộ ảnh kích thước rất nhỏ","http://localhost:3000/media/migration/wordpress/b7/b74a0ee4c073370c6eed0a80edee63b4f0b2c6304077a4a517ea17762b233c05/Vo-giay-mo-to-vo-giay-phuot-khang-khuan-SIXS-Short-Logo-02-1.jpg","843"
"Vo-giay-mo-to-vo-giay-phuot-khang-khuan-SIXS-Short-Logo-02.webp","Sản phẩm / LS2","vớ mô tô LS2 màu đen xám","http://localhost:3000/media/migration/wordpress/e7/e735183f2ac876d2e2859863154870f04511b0a591e87d9b9bd38f61f2068baa/Vo-giay-mo-to-vo-giay-phuot-khang-khuan-SIXS-Short-Logo-02.webp","45884"
"Vo-giay-mo-to-vo-giay-phuot-khang-khuan-SIXS-Short-Logo-03-1-1.jpg","Sản phẩm / Chưa rõ hãng","ảnh thu nhỏ tất bảo hộ đen đỏ không rõ hãng","http://localhost:3000/media/migration/wordpress/d9/d92d5396a40639cd257f0880fe42b35028493697b4f3f3109850d996a7bea702/Vo-giay-mo-to-vo-giay-phuot-khang-khuan-SIXS-Short-Logo-03-1-1.jpg","965"
"Vo-giay-mo-to-vo-giay-phuot-khang-khuan-SIXS-Short-Logo-03-1.jpg","Sản phẩm / SIXS","tất kỹ thuật SIXS màu đen đỏ","http://localhost:3000/media/migration/wordpress/34/34cfdceafc731553992f64a4e4311847b5a738560dcff72fcfec866ca816035d/Vo-giay-mo-to-vo-giay-phuot-khang-khuan-SIXS-Short-Logo-03-1.jpg","33978"
"Vo-giay-mo-to-vo-giay-phuot-khang-khuan-SIXS-Short-Logo-04-1-1.jpg","Sản phẩm / Chưa rõ hãng","vớ mô tô màu đen vàng","http://localhost:3000/media/migration/wordpress/90/904902b970c9b31fb9b51e678243c084887d542d98bb40f5349bddcc348427d0/Vo-giay-mo-to-vo-giay-phuot-khang-khuan-SIXS-Short-Logo-04-1-1.jpg","899"
"Vo-giay-mo-to-vo-giay-phuot-khang-khuan-SIXS-Short-Logo-04-1.jpg","Sản phẩm / SIXS","tất kỹ thuật SIXS màu đen vàng","http://localhost:3000/media/migration/wordpress/26/26a24787e9169a77aa5e5a0585a50abc595f662922b54fefd19327d8e4d83be9/Vo-giay-mo-to-vo-giay-phuot-khang-khuan-SIXS-Short-Logo-04-1.jpg","41513"
"Vo-giay-mo-to-vo-giay-phuot-khang-khuan-SIXS-Short-Logo-05-1.jpg","Sản phẩm / LS2","vớ mô tô LS2 màu đen","http://localhost:3000/media/migration/wordpress/5f/5f6cfcbb6d128e32eea5368c34709403ee9c8fb0946dbf0b8b3cb205285c1d0e/Vo-giay-mo-to-vo-giay-phuot-khang-khuan-SIXS-Short-Logo-05-1.jpg","47158"
"Vo-giay-mo-to-vo-giay-phuot-khang-khuan-SIXS-Short-Logo-05-2.jpg","Sản phẩm / Chưa rõ hãng","ảnh thu nhỏ giày bảo hộ màu đen","http://localhost:3000/media/migration/wordpress/21/211a8b753a773f0fd5fc88ea63128788cdd3c81972db34e430da8e2915e72916/Vo-giay-mo-to-vo-giay-phuot-khang-khuan-SIXS-Short-Logo-05-2.jpg","659"
"vxVeiHh0TGpd7cIc4Q3oYE61QbjYW0.jpeg","Sản phẩm / Chưa rõ hãng","giày bảo hộ cổ cao màu đen chụp nhiều góc","http://localhost:3000/media/wp-uploads/2025/09/vxVeiHh0TGpd7cIc4Q3oYE61QbjYW0.jpeg","40227"
"wCSlqYtcabLYsD7RfNHsUj73wlHHVF.jpeg","Sản phẩm / ILM","đôi giày bảo hộ ILM đen trắng đặt trên hộp","http://localhost:3000/media/wp-uploads/2025/09/wCSlqYtcabLYsD7RfNHsUj73wlHHVF.jpeg","211550"
"webike_24650726.jpg","Sản phẩm / TAICHI","người mẫu mặc áo khoác lưới TAICHI màu đen","http://localhost:3000/media/wp-uploads/2022/05/webike_24650726.jpg","32346"
"webike_24650735_4.jpg","Sản phẩm / Chưa rõ hãng","người mẫu mặc bộ đồ bảo hộ màu đen","http://localhost:3000/media/wp-uploads/2022/05/webike_24650735_4.jpg","11643"
"WJ-7495R-01.jpg","Sản phẩm / Chưa rõ hãng","quần jean bảo hộ màu đen chụp sản phẩm","http://localhost:3000/media/wp-uploads/2025/06/WJ-7495R-01.jpg","48092"
"woocommerce-placeholder.png","Chưa phân loại","ảnh biểu tượng thay thế không có nội dung nhận diện","http://localhost:3000/media/wp-uploads/woocommerce-placeholder.png","102644"
"xe-con-tay-gia-re-thumbnail.jpg","Ảnh minh hoạ","nhóm người đi mô tô dừng bên hồ","http://localhost:3000/media/wp-uploads/2024/03/xe-con-tay-gia-re-thumbnail.jpg","62822"
"xe-di-phuot-thumbnail.jpg","Ảnh minh hoạ","hai người lái mô tô trên đường núi","http://localhost:3000/media/wp-uploads/2024/03/xe-di-phuot-thumbnail.jpg","55670"
"xe-tay-ga-nao-di-phuot-tot-nhat-thumbnail.jpg","Ảnh minh hoạ","đoàn người chạy mô tô trên đường đèo","http://localhost:3000/media/wp-uploads/2024/02/xe-tay-ga-nao-di-phuot-tot-nhat-thumbnail.jpg","56140"
"z4018545592467_7659539334f3b1bc60ab8a4e8339bfe0.png","Sản phẩm / Chưa rõ hãng","bảng quy đổi cỡ giày","http://localhost:3000/media/migration/wordpress/f5/f59c4989fa0aebe6ffd5e92d2f72f9f4d250825692cf93632113bd4cd7052eff/z4018545592467_7659539334f3b1bc60ab8a4e8339bfe0.png","3715"
"z5058271353192_b373dc56fb69b12756d74d08d7a41338.jpg","Sản phẩm / LS2","áo khoác bảo hộ LS2 màu đen","http://localhost:3000/media/wp-uploads/2024/01/z5058271353192_b373dc56fb69b12756d74d08d7a41338.jpg","64019"
"z5058372079624_fcc709f17218743f742b43c1006ed328.jpg","Sản phẩm / LS2","áo khoác bảo hộ lưới LS2 màu đen","http://localhost:3000/media/wp-uploads/2024/01/z5058372079624_fcc709f17218743f742b43c1006ed328.jpg","50101"
"z5058372092988_526fa23b7fc27afb3999412f0b6d79a7.jpg","Sản phẩm / Chưa rõ hãng","áo khoác bảo hộ xám xanh chụp sản phẩm","http://localhost:3000/media/wp-uploads/2024/01/z5058372092988_526fa23b7fc27afb3999412f0b6d79a7.jpg","21873"
"z5064769567427_4d621947b59f48cfffe811b49f4b2c71.jpg","Sản phẩm / Chưa rõ hãng","người mẫu nữ mặc quần bảo hộ màu đen","http://localhost:3000/media/migration/wordpress/cb/cb1c39ef89c02ecdcdcc16302dfd22063211dfd0cc8e3c9acd588fec31b3a502/z5064769567427_4d621947b59f48cfffe811b49f4b2c71.jpg","186983"
"z5064769580987_b516aba2af1c3b0665f5baeb4589c1f9.jpg","Sản phẩm / Chưa rõ hãng","người mẫu nữ mặc quần bảo hộ màu đen","http://localhost:3000/media/migration/wordpress/e8/e8429b7d1bd7b705c0f28db30c05835823485fadb7dcefe8ae7a65f71307a6b8/z5064769580987_b516aba2af1c3b0665f5baeb4589c1f9.jpg","121915"
"z5064769593815_6fb49b88106b42fe6747138f7261ee99.jpg","Sản phẩm / Chưa rõ hãng","ảnh cận cảnh túi sau quần bảo hộ màu đen","http://localhost:3000/media/migration/wordpress/f9/f9f232de469c991aaed82ca8ce875d0f55e6a3a6599353f3fe5bf8833b1f969b/z5064769593815_6fb49b88106b42fe6747138f7261ee99.jpg","133756"
"z5064769611586_fe1a6f09d464a99451995c8e2e3976ad.jpg","Sản phẩm / LS2","ống bảo hộ chân màu đen có logo LS2","http://localhost:3000/media/migration/wordpress/d4/d48ba175e7fd6228b73496c02d9a08c75441152ebc02fe3f797920ab9ab15760/z5064769611586_fe1a6f09d464a99451995c8e2e3976ad.jpg","142894"
"z5064769623622_b89278a08fa3025755122f563e8e2bf9.jpg","Sản phẩm / LS2","người mẫu mặc áo khoác nữ LS2","http://localhost:3000/media/wp-uploads/2024/01/z5064769623622_b89278a08fa3025755122f563e8e2bf9.jpg","200149"
"z5064769637881_3abc4063d875d9b4037800a0eb1feb00.jpg","Sản phẩm / LS2","người mặc áo khoác bảo hộ LS2 trắng đen","http://localhost:3000/media/wp-uploads/2024/01/z5064769637881_3abc4063d875d9b4037800a0eb1feb00.jpg","135746"
"z5064769650142_f3666d952fb3a24aef97208178454905.jpg","Sản phẩm / LS2","người mẫu nữ mặc áo khoác LS2 trắng đen","http://localhost:3000/media/wp-uploads/2024/01/z5064769650142_f3666d952fb3a24aef97208178454905.jpg","184356"
"z5067602593098_0a16f1cc69665be81993f43d6eb31155.jpg","Sản phẩm / Chưa rõ hãng","người mẫu mặc áo khoác bảo hộ nữ màu xám không rõ hãng","http://localhost:3000/media/wp-uploads/2024/01/z5067602593098_0a16f1cc69665be81993f43d6eb31155.jpg","50368"
"z5067602709838_3dcde747687f3ca8ba5d08572f8f55b6.jpg","Sản phẩm / LS2","áo khoác bảo hộ LS2 vải màu nâu","http://localhost:3000/media/migration/wordpress/0c/0c64af40ccc20955ab70477495b0b7abcc2f90af7d4dc503ea00fe026ceb0848/z5067602709838_3dcde747687f3ca8ba5d08572f8f55b6.jpg","94610"
"z5067602710354_3e0f5811904a41d7c0445b065990eb34.jpg","Sản phẩm / LS2","áo khoác bảo hộ LS2 màu đen viền nâu","http://localhost:3000/media/migration/wordpress/ee/ee270688efb388598eb1cc7c3bf51d5909bd11a7a112be0be5b2f2593e833003/z5067602710354_3e0f5811904a41d7c0445b065990eb34.jpg","70617"
"z5067602710416_397e2b1ad14259caa494ccb67ca7dae3.jpg","Sản phẩm / Chưa rõ hãng","áo khoác bảo hộ nữ màu đen nhìn phía sau","http://localhost:3000/media/migration/wordpress/6c/6ce67f4d1f7dd77b30f3780f6e294bed6a8126d0decb993e8251eafed29e1931/z5067602710416_397e2b1ad14259caa494ccb67ca7dae3.jpg","52499"
"z5067602710442_d08eed66887675b872f0ecae640e7b90.jpg","Sản phẩm / Chưa rõ hãng","áo khoác bảo hộ màu nâu nhìn từ sau","http://localhost:3000/media/migration/wordpress/ab/abb87c429364985f2b90366614cb4cbd4554fd31b3340b33dd2a0f191c5a349a/z5067602710442_d08eed66887675b872f0ecae640e7b90.jpg","74647"
"z5067602730371_4af4df9c39e342fd4834d522e14126bc.jpg","Sản phẩm / LS2","người mẫu mặc áo khoác nữ LS2 màu đen","http://localhost:3000/media/migration/wordpress/f8/f81d49d370ac51a4bdbf60340f1f2c8b67fa3c908da7a5e098607d2a6227ff73/z5067602730371_4af4df9c39e342fd4834d522e14126bc.jpg","36187"
"z5067602730858_27768c3da28e6788b1a6cc5e0d3639ec.jpg","Sản phẩm / Chưa rõ hãng","người mẫu nữ mặc áo khoác bảo hộ màu nâu","http://localhost:3000/media/migration/wordpress/79/799b4f00c30a89552118954484d728c2f53031266ad3357782782315cc949aea/z5067602730858_27768c3da28e6788b1a6cc5e0d3639ec.jpg","47968"
"z5547689223531_0748421d4641060fa236a1f116f8e6d2-768x1024.jpg","Sản phẩm / Caberg","chi tiết phía sau mũ bảo hiểm CABERG xanh vàng","http://localhost:3000/media/migration/wordpress/9c/9c20693653171272e347f06ff96abeff8788896e8335ae43c8edc59ae3767b30/z5547689223531_0748421d4641060fa236a1f116f8e6d2-768x1024.jpg","68518"
"z5547689225622_01c2a14d427e360fd7358b9e16324dca-768x1024.jpg","Sản phẩm / Chưa rõ hãng","mũ bảo hiểm cả đầu nhiều màu không thuộc hãng có thư mục","http://localhost:3000/media/migration/wordpress/c6/c63a8c38f487575c19cb04c54046ab760a9cfbcc4266d19d7e7b7c621eaeea57/z5547689225622_01c2a14d427e360fd7358b9e16324dca-768x1024.jpg","139647"
"z5547689315695_7490ba11aa544be9890a74216d80a897-768x1024.jpg","Sản phẩm / Chưa rõ hãng","ảnh cận cảnh khóa dây màu đỏ trên đồ bảo hộ","http://localhost:3000/media/migration/wordpress/67/6769e37502f5939708e93a729b6631d94ae6ef2b5454ae521da6510447972d0f/z5547689315695_7490ba11aa544be9890a74216d80a897-768x1024.jpg","154486"
"z5547708131511_dbcc2980c9018bf588b07495c8ae8ef7-768x1024.jpg","Sản phẩm / Caberg","mũ bảo hiểm Caberg Avalon họa tiết xanh vàng","http://localhost:3000/media/migration/wordpress/16/16439ecaef7bc36106b94b9366e5bd573564bbe8ee56aa9890cc6d3bfa2a38f3/z5547708131511_dbcc2980c9018bf588b07495c8ae8ef7-768x1024.jpg","133651"
"z5553520259646_c7473dde4b635d49ed0e5604889ec7a2.jpg","Sản phẩm / LS2","cận cảnh đế giày bảo hộ LS2 đỏ đen","http://localhost:3000/media/wp-uploads/2024/06/z5553520259646_c7473dde4b635d49ed0e5604889ec7a2.jpg","51692"
"z5553520295413_309bd8467182a8209fe273ad737e3230-2.jpg","Sản phẩm / KOMINE","đôi giày bảo hộ KOMINE đen đỏ có khóa BOA","http://localhost:3000/media/wp-uploads/2024/06/z5553520295413_309bd8467182a8209fe273ad737e3230-2.jpg","60886"
"z5553520295414_a052a10ad41dde21ed6fbbdd6a3e311a.jpg","Sản phẩm / Chưa rõ hãng","giày bảo hộ cổ cao màu đen đỏ","http://localhost:3000/media/wp-uploads/2024/06/z5553520295414_a052a10ad41dde21ed6fbbdd6a3e311a.jpg","65848"
"z5748945073721_d685435aa29f9abbec3887d3f41421c1.jpg","Sản phẩm / LS2","áo khoác lưới bảo hộ LS2 màu xám","http://localhost:3000/media/wp-uploads/2024/01/z5748945073721_d685435aa29f9abbec3887d3f41421c1.jpg","169445"
"z5748945081565_880ed0d6b732058e3a90c389f477c08a.jpg","Sản phẩm / LS2","áo giáp lưới LS2 màu đen phản quang","http://localhost:3000/media/migration/wordpress/ac/ace29a310fc804d542d946e3f52159ba940b0b136dd4011f445bb7f969b880fb/z5748945081565_880ed0d6b732058e3a90c389f477c08a.jpg","187747"
"z5753963641064_d563ff370edd376f4238253d205b00ec.jpg","Sản phẩm / TAICHI","áo khoác bảo hộ TAICHI màu đen","http://localhost:3000/media/wp-uploads/2024/08/z5753963641064_d563ff370edd376f4238253d205b00ec.jpg","114600"
"z5815672163854_fdc64e15333852403f43e7507805d32a.jpg","Sản phẩm / Chưa rõ hãng","bảng hướng dẫn chọn kích thước mũ bảo hiểm","http://localhost:3000/media/migration/wordpress/7c/7c41b167b734387ce3aff7aaed6344c6ee67ffb6f05970aa80927af178a2ec68/z5815672163854_fdc64e15333852403f43e7507805d32a.jpg","80561"
"z5819804338351_fb3521762d0c5fbf89639b537005a6cc.jpg","Sản phẩm / NIC","mũ bảo hiểm NIC carbon fullface","http://localhost:3000/media/migration/wordpress/09/099166228ef77b17ce9e121fa456a567135097b6b64d31090bdfd31bb3ef1f6c/z5819804338351_fb3521762d0c5fbf89639b537005a6cc.jpg","173435"
"z5819804356230_e1e6edf2df6b19a9f4bb58e9a5b50bec-1.jpg","Sản phẩm / NIC","mũ bảo hiểm fullface carbon NIC","http://localhost:3000/media/migration/wordpress/f3/f39eb70314dbdf5ce454c190ec1e38998eda75032fcbb9e57e3e689421ae07bf/z5819804356230_e1e6edf2df6b19a9f4bb58e9a5b50bec-1.jpg","174005"
"z5839317374654_9bd12f76fb85409263ae5956652cbbe6-1.png","Sản phẩm / Chưa rõ hãng","mũ bảo hiểm địa hình xanh cam chụp sản phẩm","http://localhost:3000/media/wp-uploads/2024/10/z5839317374654_9bd12f76fb85409263ae5956652cbbe6-1.png","55244"
"z5849018524618_6504978779e0f419f090e791940c3002-1.jpg","Sản phẩm / KOMINE","cặp miếng giáp lưng KOMINE hai cỡ","http://localhost:3000/media/wp-uploads/2025/06/z5849018524618_6504978779e0f419f090e791940c3002-1.jpg","129615"
"z5849018539676_14eb2fd5f8a44a6046c5a30339cc20cb.jpg","Sản phẩm / KOMINE","cận cảnh giáp lưng áo bảo hộ KOMINE","http://localhost:3000/media/wp-uploads/2025/06/z5849018539676_14eb2fd5f8a44a6046c5a30339cc20cb.jpg","138133"
"z5882593379021_3ccc091377ae1886f67a66ef45edbe18.jpg","Sản phẩm / Chưa rõ hãng","quần bảo hộ touring màu xám đen nhìn trước và sau","http://localhost:3000/media/migration/wordpress/6f/6f77a56dad387fbee65c5070da6cbf128ef73fb7acddf192cb78d010b68f8321/z5882593379021_3ccc091377ae1886f67a66ef45edbe18.jpg","158726"
"z5882593409685_a2330c81873af74741d2ec4dbe95981d.jpg","Sản phẩm / LS2","áo khoác bảo hộ LS2 màu xám đen","http://localhost:3000/media/migration/wordpress/1c/1c0486c8746219550c53b6534f4e3e882af750bb466eb8f212eb51054fbe5fa0/z5882593409685_a2330c81873af74741d2ec4dbe95981d.jpg","111716"
"z6172183014302_daf25bcca759853d456b6cccc3205b84.jpg","Sản phẩm / KOMINE","bản vẽ kích thước giáp lưng KOMINE","http://localhost:3000/media/wp-uploads/2025/06/z6172183014302_daf25bcca759853d456b6cccc3205b84.jpg","115442"
"z6352541170664_0ec37a4403928735c912f623f3d41183.jpg","Sản phẩm / ILM","bảng kích thước mũ bảo hiểm ILM","http://localhost:3000/media/migration/wordpress/8e/8ebe0bde7bd6014d5305c203549ea27dbd58a5db916a2cdeb7619daf2037fd1f/z6352541170664_0ec37a4403928735c912f623f3d41183.jpg","90830"
"z6352541170763_695d428fc236fdb8b62f5695208bc942.jpg","Sản phẩm / ILM","ảnh thông số hệ thống thông gió mũ bảo hiểm ILM","http://localhost:3000/media/migration/wordpress/6a/6af98072579d23607dd49bbd7ad3f0c9864aeaee9e6f27a54fd0b8114a5c8e4a/z6352541170763_695d428fc236fdb8b62f5695208bc942.jpg","60603"
"z6352541172981_b5d64af1e2dbe9e533ea853634804f7d.jpg","Sản phẩm / Chưa rõ hãng","ảnh mô tả khoá tháo nhanh và khe đeo kính của đồ bảo hộ","http://localhost:3000/media/migration/wordpress/bd/bd8a6928f5df1579cd2af7420e799c2aedcce3afe5c1f79c0114d43f791a5e03/z6352541172981_b5d64af1e2dbe9e533ea853634804f7d.jpg","151347"
"z6352541174938_5876aff297c757984273b3ae92cd5029-1024x437.jpg","Sản phẩm / Chưa rõ hãng","ảnh thông tin tiêu chuẩn DOT và ECE cho mũ bảo hiểm","http://localhost:3000/media/migration/wordpress/7e/7e02316d035f25e9c02f5188a826540f58e4f8f39f3ae0a861af8857e773e472/z6352541174938_5876aff297c757984273b3ae92cd5029-1024x437.jpg","54684"
"z6352541176048_c19882244d4c0d76b081b6c3ed1af05d.jpg","Sản phẩm / ILM","ảnh thông số kính kép mũ bảo hiểm ILM","http://localhost:3000/media/migration/wordpress/fc/fc7eeab34e66cb1e0277cc6162ccf84da60080c4c377de0e2e5fb3623c99c230/z6352541176048_c19882244d4c0d76b081b6c3ed1af05d.jpg","71605"
"z6925749840947_02bd477731ae91417b6e5aa2bd9f984c-1.jpg","Sản phẩm / Chưa rõ hãng","mũ trùm đầu đi mô tô màu xám","http://localhost:3000/media/wp-uploads/2022/10/z6925749840947_02bd477731ae91417b6e5aa2bd9f984c-1.jpg","90041"
"z6926029324255_f1bb0c95d792f561104843e19fa8fc8a.jpg","Sản phẩm / Chưa rõ hãng","mũ trùm đầu đi mô tô màu xám","http://localhost:3000/media/wp-uploads/2022/10/z6926029324255_f1bb0c95d792f561104843e19fa8fc8a.jpg","82064"
"z7126776806989_85643720765ad1fd56a3aa70ef480070.jpg","Ảnh minh hoạ","người đội mũ bảo hiểm trắng đang chỉnh găng tay","http://localhost:3000/media/migration/wordpress/4a/4a32cffa75afecf7437b9016f3af5015f121f9efc1e32ea67b8d7b401ecd8044/z7126776806989_85643720765ad1fd56a3aa70ef480070.jpg","464846"
"z7126776856315_dd28fd442d11ae87c2388c573aae3db5.jpg","Ảnh minh hoạ","người chạy mô tô chở hành lý bên đường","http://localhost:3000/media/migration/wordpress/ff/ffa664ede231974be851bef7765802b144318fc456d6146f8fe2170edc8103e5/z7126776856315_dd28fd442d11ae87c2388c573aae3db5.jpg","573391"
"z7126776886226_da6dfb8569df73f15f81ff4acadbe4d3.jpg","Ảnh minh hoạ","người lái mô tô mặc đồ bảo hộ","http://localhost:3000/media/migration/wordpress/ed/edc8e3e42dae2b71f43a086d4b5a23e88e6f3e53ba6ded2f9124778e1b66825d/z7126776886226_da6dfb8569df73f15f81ff4acadbe4d3.jpg","526982"
"z7233007412695_ad31216c0868c301fbfb988e75e56453-scaled.jpg","Sản phẩm / Chưa rõ hãng","mũ bảo hiểm địa hình màu đen chụp tại cửa hàng","http://localhost:3000/media/migration/wordpress/3d/3dc2fec869eacc94a3aadf5c87b6aff5f33db09fef037597e29cd9d262ce6621/z7233007412695_ad31216c0868c301fbfb988e75e56453-scaled.jpg","202560"
"z7233008908390_bcebc92fd76a5abe48c1d8b422a5e6d6-scaled.jpg","Sản phẩm / ILM","mũ bảo hiểm ILM trên giá trưng bày","http://localhost:3000/media/migration/wordpress/23/237ad46d4ff5ecda3e1bfd3dfd28ccf2c2aae0706b111acc7c4362eb4c4e4955/z7233008908390_bcebc92fd76a5abe48c1d8b422a5e6d6-scaled.jpg","156529"
"z7233009224298_2c0303e2d09d9a00672f327d949c54c3-scaled.jpg","Sản phẩm / ILM","mũ bảo hiểm ILM kín mặt màu đen xanh","http://localhost:3000/media/migration/wordpress/5c/5c8fdea15a227186c00dab2220a5ebdf50667853c2f7ec742bf2e71108d01364/z7233009224298_2c0303e2d09d9a00672f327d949c54c3-scaled.jpg","187772"
"z7237626743224_ddb7393e5bb0b11ecdd431c7e448778a-scaled.jpg","Sản phẩm / Chưa rõ hãng","người điều chỉnh khoá giày mô tô cổ cao","http://localhost:3000/media/migration/wordpress/59/595be3e956c310c98c8ccfddec467c12ca2dfbda191083684c8cc68d0a6f206b/z7237626743224_ddb7393e5bb0b11ecdd431c7e448778a-scaled.jpg","447959"
"z7237626757780_33e0cd12dd09997da1f034f9f354a9e9-scaled.jpg","Sản phẩm / ILM","đế giày bảo hộ ILM","http://localhost:3000/media/migration/wordpress/75/75097e89d3482e617d57b95f2b2cf63a343122d82286cca048e6a06cc42d75ff/z7237626757780_33e0cd12dd09997da1f034f9f354a9e9-scaled.jpg","595578"
"z7237626765086_fffe705198a7f337319076d3d6fb9b71-scaled.jpg","Sản phẩm / Chưa rõ hãng","đôi giày đua cổ cao màu đen đỏ","http://localhost:3000/media/migration/wordpress/f6/f6ac280d5f482340d1d9743741f05e0af9a418e89283336727378721a56168cc/z7237626765086_fffe705198a7f337319076d3d6fb9b71-scaled.jpg","572413"
"z7237626775321_f06ae6ab7aefde7cf60e7e565f3a1311-scaled.jpg","Sản phẩm / ILM","ủng bảo hộ ILM màu đen trưng bày trong cửa hàng","http://localhost:3000/media/migration/wordpress/d6/d6759990f4660caf9519ee580ae98d782d94236fffd5e951f2b1c9f95da5bb8d/z7237626775321_f06ae6ab7aefde7cf60e7e565f3a1311-scaled.jpg","479719"
"z7237626787582_29b6391bd79848bdffb3d0c18fb7a6e2-scaled.jpg","Sản phẩm / Chưa rõ hãng","ủng mô tô đua màu đen đỏ trưng bày","http://localhost:3000/media/migration/wordpress/8f/8f5e8b48160f07ea6a0e22d2196d2af22e9f80f2412be1e4f6676764fc097349/z7237626787582_29b6391bd79848bdffb3d0c18fb7a6e2-scaled.jpg","465430"
"z7280438599816_4950fc0e764c4bad60eec6ca3ba20f5d.jpg","Sản phẩm / GIVI","balo chống nước GIVI màu đen","http://localhost:3000/media/wp-uploads/2025/12/z7280438599816_4950fc0e764c4bad60eec6ca3ba20f5d.jpg","25788"
"z7280446738761_eb08b72dbbeb04833a32685affcca676.jpg","Sản phẩm / GIVI","người mẫu đeo ba lô GIVI màu đen","http://localhost:3000/media/wp-uploads/2025/12/z7280446738761_eb08b72dbbeb04833a32685affcca676.jpg","20364"
"z7280450423601_adb8f5f705b5e606e0c2cc6270bc89d7.jpg","Sản phẩm / Chưa rõ hãng","cận cảnh túi đeo có dây giữ chìa khóa","http://localhost:3000/media/wp-uploads/2025/12/z7280450423601_adb8f5f705b5e606e0c2cc6270bc89d7.jpg","31638"
"z7280455452621_f7a59f3ad530e0e82281c090252f172f.jpg","Sản phẩm / Chưa rõ hãng","balo mở nắp có ngăn máy tính","http://localhost:3000/media/wp-uploads/2025/12/z7280455452621_f7a59f3ad530e0e82281c090252f172f.jpg","21734"
"z7280459231081_06e4ae5d8edd4b601246ec5d461e4c8c.jpg","Sản phẩm / Chưa rõ hãng","người đeo balo và túi đựng mũ bảo hiểm","http://localhost:3000/media/wp-uploads/2025/12/z7280459231081_06e4ae5d8edd4b601246ec5d461e4c8c.jpg","24193"
"z7377752926439_0bb1f708302debdf8f35ec47df77bf1d.jpg","Sản phẩm / Chưa rõ hãng","bộ nhiều loại phụ kiện và dây sạc màu đen","http://localhost:3000/media/migration/wordpress/99/994b383230cf931187e9fd35764f6569c6df423956bdcfa82ae71d1b6ab1b449/z7377752926439_0bb1f708302debdf8f35ec47df77bf1d.jpg","85638"
"z7380784721349_d13ca75eb098c9b98abac8bc306d4618.jpg","Sản phẩm / Chưa rõ hãng","mũ bảo hiểm địa hình màu đen nhìn chính diện","http://localhost:3000/media/migration/wordpress/e2/e2477df161501e2c99e2eb83ad95d73e25f14175e7110655a23f4a0598a31f24/z7380784721349_d13ca75eb098c9b98abac8bc306d4618.jpg","97970"
"z7380896342556_bf242419f9e5a99f47d845578b3d88cd.jpg","Sản phẩm / Chưa rõ hãng","mũ bảo hiểm địa hình carbon có chi tiết vàng không rõ hãng","http://localhost:3000/media/migration/wordpress/cd/cd9f2c5307c876634f18d0dd8552577ff5f8646cb727c8eb88fb17fd330813af/z7380896342556_bf242419f9e5a99f47d845578b3d88cd.jpg","89462"
"z7380932312262_5f6ae053b01923db9349ece03130ee49.jpg","Sản phẩm / Chưa rõ hãng","mũ bảo hiểm địa hình carbon nhìn từ trên","http://localhost:3000/media/migration/wordpress/d7/d7231dc794f3ba357fe569e5ad2a1c508bb51d1ad8bd7623d142fa763df88409/z7380932312262_5f6ae053b01923db9349ece03130ee49.jpg","87502"
"z7380939864291_65bf7e814d8455a108c3b24aabcfcd7b.jpg","Sản phẩm / Chưa rõ hãng","mũ bảo hiểm màu đen nhìn chính diện","http://localhost:3000/media/migration/wordpress/88/88dce8ceffe40e7d417f4729343c340f7aba1301cbe3cf75971223748cde540e/z7380939864291_65bf7e814d8455a108c3b24aabcfcd7b.jpg","87298"
"z7390135754067_599217d68c8dfb19b37ca388708be6fb.jpg","Sản phẩm / Caberg","mũ bảo hiểm carbon Caberg màu đen đỏ","http://localhost:3000/media/wp-uploads/2026/01/z7390135754067_599217d68c8dfb19b37ca388708be6fb.jpg","85392"
"z7390138156807_1dc6a83a97ca2d8f65dfdf245131cdbf.jpg","Sản phẩm / Caberg","mũ bảo hiểm Caberg đen đỏ","http://localhost:3000/media/wp-uploads/2026/01/z7390138156807_1dc6a83a97ca2d8f65dfdf245131cdbf.jpg","113213"
"z7390140564788_7bd7d2cae141991abb908e86ce08b984.jpg","Sản phẩm / Caberg","mũ bảo hiểm Caberg Drift Evo II đen đỏ","http://localhost:3000/media/wp-uploads/2026/01/z7390140564788_7bd7d2cae141991abb908e86ce08b984.jpg","85437"
"z7390142063630_8ee723055ccd0260fd1a89bdc47e6306.jpg","Sản phẩm / Caberg","mũ bảo hiểm Caberg carbon đen đỏ","http://localhost:3000/media/wp-uploads/2026/01/z7390142063630_8ee723055ccd0260fd1a89bdc47e6306.jpg","90813"
"z7390144033008_17480d892db6ffa9e76fc621e5e84c80.jpg","Sản phẩm / Caberg","mũ bảo hiểm địa hình Caberg carbon màu đen","http://localhost:3000/media/wp-uploads/2026/01/z7390144033008_17480d892db6ffa9e76fc621e5e84c80.jpg","112091"
"z7390145801726_abd28be0fc53722b68b4a7cfb725edb1.jpg","Sản phẩm / Caberg","mũ bảo hiểm Caberg carbon màu đen","http://localhost:3000/media/wp-uploads/2026/01/z7390145801726_abd28be0fc53722b68b4a7cfb725edb1.jpg","105033"
"z7390147699723_6093d9216c58b674db9fd325891057f2.jpg","Sản phẩm / Caberg","mũ bảo hiểm CABERG carbon nhìn chính diện","http://localhost:3000/media/wp-uploads/2026/01/z7390147699723_6093d9216c58b674db9fd325891057f2.jpg","97627"
"z7390150590443_9dea4b95b2e01f4f0778358d283239e7.jpg","Sản phẩm / Caberg","mũ bảo hiểm Caberg màu đen","http://localhost:3000/media/wp-uploads/2026/01/z7390150590443_9dea4b95b2e01f4f0778358d283239e7.jpg","88382"
"z7390152183151_df47d0070b7c5501bf1c9dec3a27c131.jpg","Sản phẩm / Chưa rõ hãng","mũ bảo hiểm lật hàm màu đen nhìn từ dưới","http://localhost:3000/media/wp-uploads/2026/01/z7390152183151_df47d0070b7c5501bf1c9dec3a27c131.jpg","83915"
"z7390165006447_30f0828cbcc75bf6b8b71c81ae0f2a6f.jpg","Sản phẩm / Caberg","mũ bảo hiểm Caberg carbon nhìn nghiêng","http://localhost:3000/media/wp-uploads/2026/01/z7390165006447_30f0828cbcc75bf6b8b71c81ae0f2a6f.jpg","97985"
"z7405220058865_0dca8c9eec8ba72b9559becbc65479a4.jpg","Sản phẩm / Chưa rõ hãng","người mẫu nữ mặc quần bảo hộ đi cạnh mô tô","http://localhost:3000/media/wp-uploads/2026/01/z7405220058865_0dca8c9eec8ba72b9559becbc65479a4.jpg","41843"
"z7405229141759_ee61c24230a085caa3c377a500bf061a.jpg","Sản phẩm / LS2","quần bảo hộ LS2 màu đen","http://localhost:3000/media/wp-uploads/2026/01/z7405229141759_ee61c24230a085caa3c377a500bf061a.jpg","51954"
"z7405281890047_890cc91b9c420d89a2d01c2820a8cc01.jpg","Sản phẩm / Chưa rõ hãng","người mặc quần bảo hộ màu đen","http://localhost:3000/media/wp-uploads/2026/01/z7405281890047_890cc91b9c420d89a2d01c2820a8cc01.jpg","68174"
"z7405287483951_a31e32b689db2cd2be28b44fcc4bddc1.jpg","Sản phẩm / Chưa rõ hãng","ảnh cận cảnh khóa và dây chỉnh ống quần bảo hộ","http://localhost:3000/media/wp-uploads/2026/01/z7405287483951_a31e32b689db2cd2be28b44fcc4bddc1.jpg","68021"
"z7405290567216_0f9f728782d16ebcbcb0b941555d17db.jpg","Sản phẩm / Chưa rõ hãng","ảnh mô tả túi quần bảo hộ màu đen","http://localhost:3000/media/wp-uploads/2026/01/z7405290567216_0f9f728782d16ebcbcb0b941555d17db.jpg","61484"
"z7405293916048_344bcafc1c58bf0c6439d72a4a8d049f.jpg","Sản phẩm / LS2","cận cảnh khóa kéo thông gió quần LS2","http://localhost:3000/media/wp-uploads/2026/01/z7405293916048_344bcafc1c58bf0c6439d72a4a8d049f.jpg","107177"
"z7422430262845_1db8fd254b9f3aaddcb3a57d48fc33a8.jpg","Sản phẩm / ILM","mặt sau mũ bảo hiểm ILM màu đen","http://localhost:3000/media/migration/wordpress/19/197bc05bbd690e418576366fab625b685df0520c7551788d6329d946d28d4868/z7422430262845_1db8fd254b9f3aaddcb3a57d48fc33a8.jpg","140570"
"z7422443420563_6513560439fba28ed762d73fc33d372f.jpg","Sản phẩm / Chưa rõ hãng","mũ bảo hiểm màu đen nhìn từ phía dưới","http://localhost:3000/media/migration/wordpress/a9/a982a9ec44a704239060ecc0543bb694056747e7cf4a6dbda77a90feae7f04f9/z7422443420563_6513560439fba28ed762d73fc33d372f.jpg","143186"
"z7493137592727_4252e8f30b565c9105f986dfe3ff533f.jpg","Sản phẩm / Chưa rõ hãng","giá đỡ điện thoại gắn trên tay lái mô tô","http://localhost:3000/media/migration/wordpress/dd/dd538f02b42998798eb6bd7bc29d57db118b72ab7966672358db0f4ad63a435b/z7493137592727_4252e8f30b565c9105f986dfe3ff533f.jpg","228329"
"z7493139513657_97a4a6ae2fb89ac591a4226d913e249a.jpg","Sản phẩm / Chưa rõ hãng","camera hành trình gắn trên xe mô tô","http://localhost:3000/media/migration/wordpress/1e/1ec0f6b0988416979de5f2a43d11f5dc50c2d3a469bd10c371d83e7b4dc0c2eb/z7493139513657_97a4a6ae2fb89ac591a4226d913e249a.jpg","101735"
"z7493139711866_3939b176029cc402f9919f5a5b7fbdd5.jpg","Ảnh minh hoạ","người đội mũ bảo hiểm trắng ngồi trên mô tô","http://localhost:3000/media/migration/wordpress/1f/1ffd462ec681dc893f3cadb27dfb52a9c4bd18405af5c4f01f625e3d83aee2b1/z7493139711866_3939b176029cc402f9919f5a5b7fbdd5.jpg","200660"
"z7493153726565_e82e30bdfb3b8953d3ba0ccef3cc7f24.jpg","Ảnh minh hoạ","người lái mô tô nhìn từ phía trước trên đường","http://localhost:3000/media/migration/wordpress/25/25ecb044c4c7244eeaeae0cac0fd08afaf36aed045f0dc18718ee08091b2bed2/z7493153726565_e82e30bdfb3b8953d3ba0ccef3cc7f24.jpg","115459"
"z7493157127370_7a44a304f531fc8a6d323b6b7874f369.jpg","Ảnh minh hoạ","người lái mô tô nhìn từ phía trước ngoài đường","http://localhost:3000/media/migration/wordpress/6a/6a8501c66f90a1f453c204e2ccd162417a5f3492a7bdb1890a84311bc496a23e/z7493157127370_7a44a304f531fc8a6d323b6b7874f369.jpg","199299"
"z7493159519645_20ec5c09117332c79d30b6d6a09b1242.jpg","Ảnh minh hoạ","góc nhìn người lái xe có điện thoại trên ghi đông","http://localhost:3000/media/migration/wordpress/e2/e27a3c016f80cf87036c9d160e59efff7619f1d3084630cc97087da48d9c5426/z7493159519645_20ec5c09117332c79d30b6d6a09b1242.jpg","282778"
"z7536241856828_d5cca6389aa28cacb9e422fee2b580c5.jpg","Sản phẩm / ILM","mũ bảo hiểm ILM kín mặt đen đỏ","http://localhost:3000/media/wp-uploads/2026/02/z7536241856828_d5cca6389aa28cacb9e422fee2b580c5.jpg","225069"
"z7536241865252_df35d898b89c2b88d8bdf3836c71e735.jpg","Sản phẩm / Chưa rõ hãng","mũ bảo hiểm fullface họa tiết đỏ xanh","http://localhost:3000/media/wp-uploads/2026/02/z7536241865252_df35d898b89c2b88d8bdf3836c71e735.jpg","295735"
"z7575406284694_5e9d0f4c1494db1330267db1b4295739.jpg","Sản phẩm / Caberg","ảnh sử dụng tính năng SOS NFC trên mũ bảo hiểm Caberg","http://localhost:3000/media/wp-uploads/2026/01/z7575406284694_5e9d0f4c1494db1330267db1b4295739.jpg","52261"
"z7575406327418_8d2374a42c68b70033cfff752691b7ba.jpg","Sản phẩm / Chưa rõ hãng","người đội mũ bảo hiểm PROBIKER họa tiết xám","http://localhost:3000/media/wp-uploads/2026/01/z7575406327418_8d2374a42c68b70033cfff752691b7ba.jpg","61746"
"z7575406327419_1ef58c211e4585ac8c276771665ea7ee.jpg","Ảnh minh hoạ","người chạy mô tô mặc áo họa tiết vàng đen","http://localhost:3000/media/wp-uploads/2026/01/z7575406327419_1ef58c211e4585ac8c276771665ea7ee.jpg","73471"
"z7575408603110_2caefad4a4d6bf080eab94a18c4bf7d3.jpg","Ảnh minh hoạ","người đội mũ bảo hiểm đứng ngoài trời","http://localhost:3000/media/wp-uploads/2026/01/z7575408603110_2caefad4a4d6bf080eab94a18c4bf7d3.jpg","305901"
"z7575414221479_73c20b72a73ec547351ffdba52d8db3a.jpg","Ảnh minh hoạ","người đội mũ bảo hiểm fullface đang chỉnh kính","http://localhost:3000/media/wp-uploads/2026/01/z7575414221479_73c20b72a73ec547351ffdba52d8db3a.jpg","74175"
"z7575414262854_bd46c55342867d1fd81f0f9d950a4bb0.jpg","Ảnh minh hoạ","người mặc áo bảo hộ và đội mũ fullface bên đường","http://localhost:3000/media/wp-uploads/2026/01/z7575414262854_bd46c55342867d1fd81f0f9d950a4bb0.jpg","104791"
"z7599437481281_a7bdc4d8d5da480a530b79c11464eb69.jpg","Sản phẩm / SCS","thiết bị liên lạc SCS S10X màu đen","http://localhost:3000/media/wp-uploads/2026/03/z7599437481281_a7bdc4d8d5da480a530b79c11464eb69.jpg","96561"
"z7616205651064_ea258b50dac4cd8bb1831df6e9263d00-scaled.jpg","Sản phẩm / Chưa rõ hãng","chi tiết lớp lót bên trong mũ bảo hiểm","http://localhost:3000/media/wp-uploads/2026/03/z7616205651064_ea258b50dac4cd8bb1831df6e9263d00-scaled.jpg","580158"
"z7616205653265_1a8f7fa1996ca4f782986f7410ef0639-scaled.jpg","Sản phẩm / ILM","cận cảnh khóa và lớp lót bên trong mũ bảo hiểm ILM","http://localhost:3000/media/wp-uploads/2026/03/z7616205653265_1a8f7fa1996ca4f782986f7410ef0639-scaled.jpg","683971"
"z7629806912730_958deb1f26af7cfaa736a9df0da59967.jpg","Sản phẩm / TAICHI","áo khoác bảo hộ TAICHI màu nâu đen","http://localhost:3000/media/wp-uploads/2025/07/z7629806912730_958deb1f26af7cfaa736a9df0da59967.jpg","60054"
"z7629806926779_1b8c472ce4d96e0f166b41c6d8687078.jpg","Sản phẩm / TAICHI","áo khoác bảo hộ TAICHI màu xanh rêu nhìn phía sau","http://localhost:3000/media/wp-uploads/2025/07/z7629806926779_1b8c472ce4d96e0f166b41c6d8687078.jpg","56278"
"z7629806937563_1daa2dc4d99d05f79407c0f6236b7c27.jpg","Sản phẩm / TAICHI","người mẫu mặc bộ đồ bảo hộ TAICHI nâu đen","http://localhost:3000/media/wp-uploads/2025/07/z7629806937563_1daa2dc4d99d05f79407c0f6236b7c27.jpg","40578"
"z7629807282224_95c66c0d8736988706ebe804dde79636.jpg","Sản phẩm / TAICHI","áo khoác bảo hộ TAICHI màu cam đen nhìn phía sau","http://localhost:3000/media/wp-uploads/2025/07/z7629807282224_95c66c0d8736988706ebe804dde79636.jpg","67532"
"z7629807725248_f739929609eb6c4e08fca1677e8364c1.jpg","Sản phẩm / TAICHI","áo khoác bảo hộ TAICHI màu đen nhìn phía sau","http://localhost:3000/media/wp-uploads/2025/07/z7629807725248_f739929609eb6c4e08fca1677e8364c1.jpg","44585"
"z7629808284064_9f35648e073e04b694ddbdfd28ddbc90.jpg","Sản phẩm / TAICHI","áo khoác đi tour TAICHI màu xám đen","http://localhost:3000/media/wp-uploads/2025/07/z7629808284064_9f35648e073e04b694ddbdfd28ddbc90.jpg","65066"
"z7629808298187_0b50fe6d4ce3a9fb96e187931a95dfda.jpg","Sản phẩm / TAICHI","áo khoác bảo hộ TAICHI màu đen","http://localhost:3000/media/wp-uploads/2025/07/z7629808298187_0b50fe6d4ce3a9fb96e187931a95dfda.jpg","59029"
"z7629808306754_c484397bfe6d279165f64d04d9152df3.jpg","Sản phẩm / Chưa rõ hãng","người mẫu mặc áo khoác xám và quần bảo hộ đen","http://localhost:3000/media/wp-uploads/2025/07/z7629808306754_c484397bfe6d279165f64d04d9152df3.jpg","41131"
"z7629808316965_a93517ae1f288559a148b812fe3fe3aa.jpg","Sản phẩm / Chưa rõ hãng","người mẫu mặc áo khoác bảo hộ xám nhìn từ sau","http://localhost:3000/media/wp-uploads/2025/07/z7629808316965_a93517ae1f288559a148b812fe3fe3aa.jpg","41604"
"z7629808562192_510277e5a52b980339b2fa1df24aa2f3.jpg","Sản phẩm / Chưa rõ hãng","áo khoác bảo hộ xanh nhạt đen","http://localhost:3000/media/wp-uploads/2025/07/z7629808562192_510277e5a52b980339b2fa1df24aa2f3.jpg","66933"
"z7629808568643_8105f99479d3f61a09d961aa88a3a225.jpg","Sản phẩm / TAICHI","áo khoác TAICHI xanh nhạt đen","http://localhost:3000/media/wp-uploads/2025/07/z7629808568643_8105f99479d3f61a09d961aa88a3a225.jpg","64942"
"z7629809215889_d79f19f4eaa3b235ee1440d63f53c55a.jpg","Sản phẩm / TAICHI","áo khoác bảo hộ TAICHI xám đen","http://localhost:3000/media/wp-uploads/2026/03/z7629809215889_d79f19f4eaa3b235ee1440d63f53c55a.jpg","53663"
"z7629809226098_a076c72efd4c08e2d62e998ab7096bed.jpg","Sản phẩm / TAICHI","mặt sau áo khoác bảo hộ TAICHI xám đen","http://localhost:3000/media/wp-uploads/2026/03/z7629809226098_a076c72efd4c08e2d62e998ab7096bed.jpg","52607"
"z7629809235140_d2a1380177f3dc8ac99288a643e3d8f2.jpg","Sản phẩm / TAICHI","người mẫu mặc áo khoác TAICHI xám đen","http://localhost:3000/media/wp-uploads/2026/03/z7629809235140_d2a1380177f3dc8ac99288a643e3d8f2.jpg","38354"
"z7629809242685_0a1f5e3140e681690d94d670d3cc9a6f.jpg","Sản phẩm / TAICHI","người mẫu mặc áo khoác TAICHI xám đen","http://localhost:3000/media/wp-uploads/2026/03/z7629809242685_0a1f5e3140e681690d94d670d3cc9a6f.jpg","33832"
"z7629809248084_6cfea5e0cf3befcb625b5e50d3b42d9e.jpg","Sản phẩm / TAICHI","người mẫu mặc áo khoác TAICHI xám đen","http://localhost:3000/media/wp-uploads/2026/03/z7629809248084_6cfea5e0cf3befcb625b5e50d3b42d9e.jpg","36873"
"z7629809255828_eef1efef7395ceddbac7978427188849.jpg","Sản phẩm / Chưa rõ hãng","người mẫu mặc bộ đồ bảo hộ xám đen","http://localhost:3000/media/wp-uploads/2026/03/z7629809255828_eef1efef7395ceddbac7978427188849.jpg","38861"
"z7629809265062_e13d4a56f7c31d9a0c45a78b6827b7a0.jpg","Sản phẩm / TAICHI","người mẫu mặc áo khoác TAICHI xanh xám","http://localhost:3000/media/wp-uploads/2026/03/z7629809265062_e13d4a56f7c31d9a0c45a78b6827b7a0.jpg","34273"
"z7629809273157_0a1293350a96101bf25840594ad7b13a.jpg","Sản phẩm / TAICHI","người mẫu mặc áo khoác TAICHI nhìn phía sau","http://localhost:3000/media/wp-uploads/2026/03/z7629809273157_0a1293350a96101bf25840594ad7b13a.jpg","32253"
"z7629809688285_c7aa641741f9dab49b279361dc56e6bb.jpg","Sản phẩm / TAICHI","áo khoác bảo hộ TAICHI trắng đen","http://localhost:3000/media/wp-uploads/2026/03/z7629809688285_c7aa641741f9dab49b279361dc56e6bb.jpg","57950"
"z7629809698921_bb00e1a942021d647ca825707a25b806.jpg","Sản phẩm / TAICHI","áo khoác TAICHI trắng đen nhìn từ sau","http://localhost:3000/media/wp-uploads/2026/03/z7629809698921_bb00e1a942021d647ca825707a25b806.jpg","52725"
"z7629809706501_1d1032fb21a66ac774b6406761ab6bae.jpg","Sản phẩm / Chưa rõ hãng","người mẫu mặc bộ đồ bảo hộ đen trắng","http://localhost:3000/media/wp-uploads/2026/03/z7629809706501_1d1032fb21a66ac774b6406761ab6bae.jpg","39997"
"z7629809711629_9e31acf3cf7c3be83f3e3b719245361b.jpg","Sản phẩm / TAICHI","người mẫu nữ mặc áo khoác TAICHI trắng đen","http://localhost:3000/media/wp-uploads/2026/03/z7629809711629_9e31acf3cf7c3be83f3e3b719245361b.jpg","35128"
"z7629809719302_d83efab9370b06f4747d0c33565d17f6.jpg","Sản phẩm / TAICHI","người mẫu mặc áo khoác TAICHI trắng đen","http://localhost:3000/media/wp-uploads/2026/03/z7629809719302_d83efab9370b06f4747d0c33565d17f6.jpg","36740"
"z7629809728291_7b836b1501a3ec2209f0785cf8f62542.jpg","Sản phẩm / TAICHI","người mẫu mặc áo khoác và quần bảo hộ TAICHI","http://localhost:3000/media/wp-uploads/2026/03/z7629809728291_7b836b1501a3ec2209f0785cf8f62542.jpg","40277"
"z7639731401900_402bae09a81e09817a85ac1f9016fa6c-rotated.jpg","Sản phẩm / LS2","cận cảnh tay áo khoác bảo hộ LS2","http://localhost:3000/media/wp-uploads/2026/06/z7639731401900_402bae09a81e09817a85ac1f9016fa6c-rotated.jpg","279105"
"z7639731458497_a94de78f737fb099163f481e2d0b1b78-rotated.jpg","Sản phẩm / LS2","người mẫu mặc áo khoác LS2 trắng đen","http://localhost:3000/media/wp-uploads/2026/06/z7639731458497_a94de78f737fb099163f481e2d0b1b78-rotated.jpg","151174"
"z7639731471050_72f69a554b80f8ab47070d4696ea6778-rotated.jpg","Sản phẩm / LS2","cận cảnh khóa kéo áo khoác bảo hộ LS2","http://localhost:3000/media/wp-uploads/2026/06/z7639731471050_72f69a554b80f8ab47070d4696ea6778-rotated.jpg","206041"
"z7639731477441_e59de1f2f9fda487d535a197b7e8c1a7-rotated.jpg","Sản phẩm / LS2","người mẫu mặc áo khoác LS2 màu trắng đen","http://localhost:3000/media/wp-uploads/2026/06/z7639731477441_e59de1f2f9fda487d535a197b7e8c1a7-rotated.jpg","212843"
"z7639731481141_bb266dedf6749a9e3adf431828ad1d63-rotated.jpg","Sản phẩm / LS2","người mẫu mặc áo khoác LS2 màu đen","http://localhost:3000/media/wp-uploads/2026/06/z7639731481141_bb266dedf6749a9e3adf431828ad1d63-rotated.jpg","210809"
"z7639731502251_25753ab84bf2b779e453bfc531af8ec3-rotated.jpg","Sản phẩm / LS2","người mẫu mặc áo khoác bảo hộ LS2 màu trắng đen","http://localhost:3000/media/wp-uploads/2026/06/z7639731502251_25753ab84bf2b779e453bfc531af8ec3-rotated.jpg","297412"
"z7639736662248_c004b6d59eab37257c2a92ef65ec7b98-rotated.jpg","Sản phẩm / ILM","người mẫu mặc áo khoác ILM màu đen nhìn phía sau","http://localhost:3000/media/wp-uploads/2026/06/z7639736662248_c004b6d59eab37257c2a92ef65ec7b98-rotated.jpg","198586"
"z7639736698485_9060985e0e18a2072eaa2d07894aee83-rotated.jpg","Sản phẩm / LS2","người mặc áo khoác bảo hộ LS2 nhìn từ phía sau","http://localhost:3000/media/wp-uploads/2026/06/z7639736698485_9060985e0e18a2072eaa2d07894aee83-rotated.jpg","205172"
"z7639736698731_f5c7a6041d3b6234de3f5c52fc370519-rotated.jpg","Sản phẩm / LS2","người mặc áo khoác LS2 màu đen đỏ","http://localhost:3000/media/wp-uploads/2026/06/z7639736698731_f5c7a6041d3b6234de3f5c52fc370519-rotated.jpg","262478"
"z7639736714826_35342e528309c785cdafcad5f71530ec-rotated.jpg","Sản phẩm / LS2","người mặc áo khoác và quần bảo hộ LS2 màu đen","http://localhost:3000/media/wp-uploads/2026/06/z7639736714826_35342e528309c785cdafcad5f71530ec-rotated.jpg","374370"
"z7639736737310_68ff4b877b6047fa287e50427ac592ec-rotated.jpg","Sản phẩm / LS2","người mẫu mặc áo khoác LS2 màu đen đỏ","http://localhost:3000/media/wp-uploads/2026/06/z7639736737310_68ff4b877b6047fa287e50427ac592ec-rotated.jpg","468998"
"z7649362291217_cf82b6e2aa0de2c856de19f527eab2aa.jpg","Sản phẩm / GIVI","túi GIVI gắn bên hông xe máy","http://localhost:3000/media/uploads/0bf2353a-baed-4d3a-a7cd-8ccda6ee3542/z7649362291217_cf82b6e2aa0de2c856de19f527eab2aa.jpg","1110199"
"z7653675711999_5df2ad9dbe21e50f1ea94293c91ed081.jpg","Sản phẩm / Chưa rõ hãng","người mẫu mặc áo khoác bảo hộ lưới màu trắng","http://localhost:3000/media/uploads/537fb79d-cbe2-464f-ba3b-efa0bf8b90a0/z7653675711999_5df2ad9dbe21e50f1ea94293c91ed081.jpg","793992"
"z7676695197791_b725970c73e0c845c81d8b4e1a70d387-scaled.jpg","Sản phẩm / TAICHI","cận cảnh lòng bàn tay găng bảo hộ TAICHI","http://localhost:3000/media/wp-uploads/2026/03/z7676695197791_b725970c73e0c845c81d8b4e1a70d387-scaled.jpg","545803"
"z7676695646481_b1efce17a1a50c518156ff271d2ae5fb-scaled.jpg","Sản phẩm / Chưa rõ hãng","người dùng thử hai mẫu găng tay bảo hộ","http://localhost:3000/media/wp-uploads/2026/03/z7676695646481_b1efce17a1a50c518156ff271d2ae5fb-scaled.jpg","470484"
"z7676695899942_0027500bf3add7874ddd2c937c36baf1-scaled.jpg","Sản phẩm / Chưa rõ hãng","cận cảnh lòng bàn tay găng bảo hộ","http://localhost:3000/media/wp-uploads/2026/03/z7676695899942_0027500bf3add7874ddd2c937c36baf1-scaled.jpg","515367"
"z7676696039992_0111f26913af66554f913ccfb42c04f6.jpg","Sản phẩm / KOMINE","người dùng thử găng tay bảo hộ KOMINE","http://localhost:3000/media/wp-uploads/2026/03/z7676696039992_0111f26913af66554f913ccfb42c04f6.jpg","752624"
"z7676696148256_5146390fd34a0d923c3e04c636b2a285-scaled.jpg","Sản phẩm / TAICHI","găng tay TAICHI họa tiết xám khi lái xe","http://localhost:3000/media/wp-uploads/2026/03/z7676696148256_5146390fd34a0d923c3e04c636b2a285-scaled.jpg","561767"
"z7676696327188_04b87eb41f338edb94c22fb563ed2293.jpg","Sản phẩm / TAICHI","găng tay TAICHI họa tiết xám đen","http://localhost:3000/media/wp-uploads/2026/03/z7676696327188_04b87eb41f338edb94c22fb563ed2293.jpg","1003077"
"z7676696450072_a1f76253750c50d947dc97bdcf5db92f.jpg","Sản phẩm / TAICHI","người đeo găng tay TAICHI màu đen trong cửa hàng","http://localhost:3000/media/wp-uploads/2026/04/z7676696450072_a1f76253750c50d947dc97bdcf5db92f.jpg","255280"
"z7676696470667_209189244d410eb66779e9a45dfa6516.jpg","Sản phẩm / TAICHI","người dùng thử găng tay TAICHI màu đen xám","http://localhost:3000/media/wp-uploads/2026/03/z7676696470667_209189244d410eb66779e9a45dfa6516.jpg","717512"
"z7676696510267_a7a24f38291bc015e51f31913101af38.jpg","Sản phẩm / Chưa rõ hãng","người dùng găng tay bảo hộ hoa văn xám","http://localhost:3000/media/wp-uploads/2026/03/z7676696510267_a7a24f38291bc015e51f31913101af38.jpg","839243"
"z7676696571857_92d3fbf319dcdde06fe1417ac8b96f48-e1774946557129.jpg","Sản phẩm / TAICHI","găng tay TAICHI màu xám đen","http://localhost:3000/media/wp-uploads/2026/03/z7676696571857_92d3fbf319dcdde06fe1417ac8b96f48-e1774946557129.jpg","576129"
"z7676733304268_04573210c001240587413098dd0efddd.jpg","Sản phẩm / TAICHI","găng tay TAICHI màu đen","http://localhost:3000/media/wp-uploads/2026/03/z7676733304268_04573210c001240587413098dd0efddd.jpg","93396"
"z7676733317104_5634b0a94e8203aea227162253c580b0-1.jpg","Sản phẩm / TAICHI","găng tay bảo hộ TAICHI màu đen","http://localhost:3000/media/wp-uploads/2026/03/z7676733317104_5634b0a94e8203aea227162253c580b0-1.jpg","94075"
"z7676733320760_6166fe172280932fd0df95a5d146b623.jpg","Sản phẩm / TAICHI","găng tay TAICHI màu đen","http://localhost:3000/media/wp-uploads/2026/03/z7676733320760_6166fe172280932fd0df95a5d146b623.jpg","96638"
"z7676733333718_51e8e059b45a5664388c4cbb64b91e96.jpg","Sản phẩm / TAICHI","găng tay TAICHI họa tiết xám đen","http://localhost:3000/media/wp-uploads/2026/03/z7676733333718_51e8e059b45a5664388c4cbb64b91e96.jpg","106669"
"z7676733345065_35e0bd3421dad34becfe7c373333878a.jpg","Sản phẩm / TAICHI","găng tay bảo hộ TAICHI họa tiết xám đỏ","http://localhost:3000/media/wp-uploads/2026/03/z7676733345065_35e0bd3421dad34becfe7c373333878a.jpg","120357"
"z7677051390907_ee3909cb1a930ee10e48e60a018e4c97-scaled.jpg","Sản phẩm / TAICHI","găng tay TAICHI dùng điện thoại cảm ứng","http://localhost:3000/media/wp-uploads/2026/03/z7677051390907_ee3909cb1a930ee10e48e60a018e4c97-scaled.jpg","498838"
"z7684052877333_95423c62c46987f6dd091d12bb8f7ed6-768x1024.jpg","Ảnh minh hoạ","người mặc áo khoác xanh đứng ngoài trời","http://localhost:3000/media/migration/wordpress/96/965474006feb2566e994388bb4c407338d68cdd4463c93d245478b883b247e49/z7684052877333_95423c62c46987f6dd091d12bb8f7ed6-768x1024.jpg","96221"
"z7684052877333_95423c62c46987f6dd091d12bb8f7ed6-scaled.jpg","Sản phẩm / TAICHI","người mặc áo khoác TAICHI xanh cam nhìn phía sau","http://localhost:3000/media/wp-uploads/2026/04/z7684052877333_95423c62c46987f6dd091d12bb8f7ed6-scaled.jpg","329209"
"z7684052901017_77ef03d70ff8fd2d6ac0d740aa3e9ba7-768x1024.jpg","Sản phẩm / TAICHI","người mẫu mặc áo khoác TAICHI xanh cam","http://localhost:3000/media/migration/wordpress/58/587529a97f433c43def542eb53cfc5923f79ff86449467d796c2783250c613f0/z7684052901017_77ef03d70ff8fd2d6ac0d740aa3e9ba7-768x1024.jpg","87305"
"z7684052901017_77ef03d70ff8fd2d6ac0d740aa3e9ba7-scaled.jpg","Sản phẩm / KOMINE","người mẫu mặc áo khoác KOMINE xanh cam","http://localhost:3000/media/wp-uploads/2026/04/z7684052901017_77ef03d70ff8fd2d6ac0d740aa3e9ba7-scaled.jpg","262179"
"z7684052938149_2f7c39848a6045c872a1e9bc2c0c0663-scaled.jpg","Sản phẩm / Chưa rõ hãng","người mẫu mặc áo khoác bảo hộ xanh cam","http://localhost:3000/media/wp-uploads/2026/04/z7684052938149_2f7c39848a6045c872a1e9bc2c0c0663-scaled.jpg","292680"
"z7684052954680_fa14040aeecc509c32c2861947ac1f1a-scaled.jpg","Sản phẩm / KOMINE","chi tiết áo khoác KOMINE xanh cam","http://localhost:3000/media/wp-uploads/2026/04/z7684052954680_fa14040aeecc509c32c2861947ac1f1a-scaled.jpg","315874"
"z7692965797365_f52c8f9bc7cb970061a195a519882083-1.jpg","Sản phẩm / ILM","cặp găng tay bảo hộ ILM màu đen xám","http://localhost:3000/media/wp-uploads/2026/04/z7692965797365_f52c8f9bc7cb970061a195a519882083-1.jpg","41894"
"z7692965805857_7fe89b60ff66b011b1cd58d35bcba8b8.jpg","Sản phẩm / ILM","găng tay ILM màu đen trắng","http://localhost:3000/media/wp-uploads/2026/04/z7692965805857_7fe89b60ff66b011b1cd58d35bcba8b8.jpg","95047"
"z7692965813626_52706152953ce154bdffeb8f441e191b.jpg","Sản phẩm / ILM","găng tay ILM màu đen đỏ nhìn hai mặt","http://localhost:3000/media/wp-uploads/2026/04/z7692965813626_52706152953ce154bdffeb8f441e191b.jpg","48398"
"z7692965814900_2400be1fdef1960dba39a636d3936a73.jpg","Sản phẩm / ILM","găng tay ILM màu đen xanh","http://localhost:3000/media/wp-uploads/2026/04/z7692965814900_2400be1fdef1960dba39a636d3936a73.jpg","118625"
"z7693552977029_dad12977013dac13c4bd509ac8aeefcb.jpg","Sản phẩm / Chưa rõ hãng","mặt lòng găng tay bảo hộ màu xám đen","http://localhost:3000/media/wp-uploads/2026/04/z7693552977029_dad12977013dac13c4bd509ac8aeefcb.jpg","230162"
"z7695644742638_1e39b3c1d2dbbcd470e9bbe048d5f694.jpg","Sản phẩm / Chưa rõ hãng","găng tay bảo hộ vải màu đen","http://localhost:3000/media/wp-uploads/2026/04/z7695644742638_1e39b3c1d2dbbcd470e9bbe048d5f694.jpg","123441"
"z7695682725072_92f86f84a6dccf5d00ff84336c167444.jpg","Sản phẩm / Chưa rõ hãng","mặt lòng găng tay bảo hộ màu be đen","http://localhost:3000/media/wp-uploads/2026/04/z7695682725072_92f86f84a6dccf5d00ff84336c167444.jpg","252238"
"z7696907804567_659a71c4557a6d7d804efe2067aeb220.jpg","Sản phẩm / KOMINE","áo khoác đi mưa KOMINE màu đen","http://localhost:3000/media/wp-uploads/2026/04/z7696907804567_659a71c4557a6d7d804efe2067aeb220.jpg","78970"
"z7696907812052_55bd1f0ad2fada26ea4aca87824af233.jpg","Sản phẩm / Chưa rõ hãng","áo khoác bảo hộ xám đen","http://localhost:3000/media/wp-uploads/2026/04/z7696907812052_55bd1f0ad2fada26ea4aca87824af233.jpg","81656"
"z7696907814806_89a143c533df4a8190520b29f25cc807.jpg","Sản phẩm / Chưa rõ hãng","áo khoác có mũ màu đen nhìn phía sau","http://localhost:3000/media/wp-uploads/2026/04/z7696907814806_89a143c533df4a8190520b29f25cc807.jpg","73074"
"z7696907820113_4fe1233ba736fd6f6e710c094526a0b0.jpg","Sản phẩm / Chưa rõ hãng","áo khoác có mũ màu xanh xám nhìn từ sau","http://localhost:3000/media/wp-uploads/2026/04/z7696907820113_4fe1233ba736fd6f6e710c094526a0b0.jpg","71458"
"z7696907836804_754f3943dc42e5fd4889203f0cc5c791-1.jpg","Sản phẩm / KOMINE","áo khoác chống nước KOMINE màu xanh cam","http://localhost:3000/media/wp-uploads/2026/04/z7696907836804_754f3943dc42e5fd4889203f0cc5c791-1.jpg","99529"
"z7696907840954_12ee874005da237d753a91e9f0bd91be.jpg","Sản phẩm / KOMINE","mặt sau áo khoác bảo hộ KOMINE xanh đen","http://localhost:3000/media/wp-uploads/2026/04/z7696907840954_12ee874005da237d753a91e9f0bd91be.jpg","79018"
"z7696907848486_83c1c46e7616864e27fa2cd0fb6496fb.jpg","Sản phẩm / Chưa rõ hãng","áo khoác bảo hộ trắng đen vàng","http://localhost:3000/media/wp-uploads/2026/04/z7696907848486_83c1c46e7616864e27fa2cd0fb6496fb.jpg","79852"
"z7696907848803_3f9a42d80b7398f8960a57b8edf81023.jpg","Sản phẩm / Chưa rõ hãng","áo khoác có mũ trắng đen","http://localhost:3000/media/wp-uploads/2026/04/z7696907848803_3f9a42d80b7398f8960a57b8edf81023.jpg","67927"
"z7696908455572_94f53c81d4dca8fe8b4794adb429b716.jpg","Sản phẩm / KOMINE","áo khoác bảo hộ KOMINE màu đen","http://localhost:3000/media/wp-uploads/2026/04/z7696908455572_94f53c81d4dca8fe8b4794adb429b716.jpg","27494"
"z7696908462410_10904c7de03ab8035d865baad74783d9-768x1024.jpg","Sản phẩm / KOMINE","áo khoác bảo hộ KOMINE xanh rêu kèm bộ giáp","http://localhost:3000/media/migration/wordpress/e6/e6d684e8328d37a1e1d779e2e8b215bfcd5060028c9553d3dce38a83c0522750/z7696908462410_10904c7de03ab8035d865baad74783d9-768x1024.jpg","44561"
"z7696908462410_10904c7de03ab8035d865baad74783d9.jpg","Sản phẩm / Chưa rõ hãng","áo khoác touring xanh rêu kèm bộ giáp tháo rời","http://localhost:3000/media/wp-uploads/2026/04/z7696908462410_10904c7de03ab8035d865baad74783d9.jpg","118017"
"z7696908487705_90bc0d7beef9061d37c0f74259201e4a.jpg","Sản phẩm / Chưa rõ hãng","cận cảnh túi thông gió tay áo màu xanh rêu không rõ hãng","http://localhost:3000/media/wp-uploads/2026/04/z7696908487705_90bc0d7beef9061d37c0f74259201e4a.jpg","53083"
"z7696908513672_ef350f134cc80ccd9ad6d5606d0d2b0a.jpg","Sản phẩm / Chưa rõ hãng","cận cảnh khe thông gió trên vải màu đen","http://localhost:3000/media/wp-uploads/2026/04/z7696908513672_ef350f134cc80ccd9ad6d5606d0d2b0a.jpg","40489"
"z7717246422750_82ddcc32453d3b7ec8fc1cb4703f7260.jpg","Sản phẩm / Chưa rõ hãng","mũ bảo hiểm kín mặt màu đen nhìn từ sau","http://localhost:3000/media/wp-uploads/2026/04/z7717246422750_82ddcc32453d3b7ec8fc1cb4703f7260.jpg","76966"
"z7717246426535_b87e80d28152195a995c05173af877ae.jpg","Sản phẩm / AGV","mũ bảo hiểm AGV kín mặt màu đen","http://localhost:3000/media/wp-uploads/2026/04/z7717246426535_b87e80d28152195a995c05173af877ae.jpg","91360"
"z7717246433504_6c88896fdd539eda29cfa96abab5d7da.jpg","Sản phẩm / AGV","mũ bảo hiểm cả đầu AGV màu đen","http://localhost:3000/media/wp-uploads/2026/04/z7717246433504_6c88896fdd539eda29cfa96abab5d7da.jpg","96392"
"z7717246437967_f9df2816163c3fba8604859d4d0859f7.jpg","Sản phẩm / Chưa rõ hãng","mũ bảo hiểm màu đen nhìn từ sau","http://localhost:3000/media/wp-uploads/2026/04/z7717246437967_f9df2816163c3fba8604859d4d0859f7.jpg","81401"
"z7717246438161_e7df87ce52ec6ef33e13acaf950fbf3c.jpg","Sản phẩm / AGV","mũ bảo hiểm AGV màu đen đỏ ở góc khác","http://localhost:3000/media/wp-uploads/2026/04/z7717246438161_e7df87ce52ec6ef33e13acaf950fbf3c.jpg","100971"
"z7717246441915_3c4bd1bbeb11e7efe1d392b6d2d05d75.jpg","Sản phẩm / AGV","mũ bảo hiểm AGV màu đen nhìn phía sau","http://localhost:3000/media/wp-uploads/2026/04/z7717246441915_3c4bd1bbeb11e7efe1d392b6d2d05d75.jpg","78417"
"z7717246451299_72220b7712b884973bd56d6c1ee4d228.jpg","Sản phẩm / Chưa rõ hãng","mũ bảo hiểm fullface màu đen nhìn nghiêng","http://localhost:3000/media/wp-uploads/2026/04/z7717246451299_72220b7712b884973bd56d6c1ee4d228.jpg","81093"
"z7717247482393_b77afb964536e552984b8b546f9ed288.jpg","Sản phẩm / AGV","mũ bảo hiểm fullface AGV màu trắng","http://localhost:3000/media/wp-uploads/2026/04/z7717247482393_b77afb964536e552984b8b546f9ed288.jpg","193050"
"z7717247487502_c761af46f71a2b8e7adbe3d0b3ea0275.jpg","Sản phẩm / Chưa rõ hãng","mũ bảo hiểm cả đầu màu trắng không rõ hãng","http://localhost:3000/media/wp-uploads/2026/04/z7717247487502_c761af46f71a2b8e7adbe3d0b3ea0275.jpg","158097"
"z7717247495308_e834a8d41054315b1b29b730f5dcddd9.jpg","Sản phẩm / Chưa rõ hãng","mặt sau mũ bảo hiểm màu trắng không rõ hãng","http://localhost:3000/media/wp-uploads/2026/04/z7717247495308_e834a8d41054315b1b29b730f5dcddd9.jpg","151472"
"z7717247501887_536bed54611a8c56a159157ea6538bd9.jpg","Sản phẩm / AGV","mũ bảo hiểm AGV màu trắng nhìn phía sau","http://localhost:3000/media/wp-uploads/2026/04/z7717247501887_536bed54611a8c56a159157ea6538bd9.jpg","146372"
"z7717247504106_7abc822fcbf322cc28ce0ffa27815d96.jpg","Sản phẩm / AGV","mũ bảo hiểm fullface AGV màu trắng nhìn chính diện","http://localhost:3000/media/wp-uploads/2026/04/z7717247504106_7abc822fcbf322cc28ce0ffa27815d96.jpg","183404"
"z7717247505769_ad17b44dafc5a4e8eec86e00a0c4a599.jpg","Sản phẩm / Chưa rõ hãng","mũ bảo hiểm cả đầu màu trắng","http://localhost:3000/media/wp-uploads/2026/04/z7717247505769_ad17b44dafc5a4e8eec86e00a0c4a599.jpg","164265"
"z7717247510890_a9660fe27e41498cfbead254f6b0c1b8.jpg","Sản phẩm / AGV","mũ bảo hiểm AGV kín mặt màu trắng","http://localhost:3000/media/wp-uploads/2026/04/z7717247510890_a9660fe27e41498cfbead254f6b0c1b8.jpg","195102"
"z7717248297868_84a20c8a865cf0fd1e97e145f3625ceb.jpg","Sản phẩm / AGV","mũ bảo hiểm AGV màu đen nhìn chính diện","http://localhost:3000/media/wp-uploads/2026/04/z7717248297868_84a20c8a865cf0fd1e97e145f3625ceb.jpg","99658"
"z7717248307631_0373e1ec894ab364986ed9c0c26df0e9.jpg","Sản phẩm / Chưa rõ hãng","mũ bảo hiểm kín mặt màu đen nhìn từ sau","http://localhost:3000/media/wp-uploads/2026/04/z7717248307631_0373e1ec894ab364986ed9c0c26df0e9.jpg","88028"
"z7717248308522_db6ffa658b602bea51ea587e682d49c3.jpg","Sản phẩm / AGV","mũ bảo hiểm fullface AGV màu đen nhìn nghiêng","http://localhost:3000/media/wp-uploads/2026/04/z7717248308522_db6ffa658b602bea51ea587e682d49c3.jpg","93934"
"z7717248314596_21432d01bd3053000d8bbb95e1526d78.jpg","Sản phẩm / AGV","mặt trước mũ bảo hiểm AGV màu đen","http://localhost:3000/media/wp-uploads/2026/04/z7717248314596_21432d01bd3053000d8bbb95e1526d78.jpg","89958"
"z7717248316296_9fce58fbd6fcd1d22a69a32aaf8ade94.jpg","Sản phẩm / AGV","mũ bảo hiểm fullface AGV màu đen nhìn nghiêng","http://localhost:3000/media/wp-uploads/2026/04/z7717248316296_9fce58fbd6fcd1d22a69a32aaf8ade94.jpg","95443"
"z7717248318775_a2bbc1d9de5b03cd7fd5ce524390013f.jpg","Sản phẩm / AGV","mũ bảo hiểm AGV màu đen đỏ","http://localhost:3000/media/wp-uploads/2026/04/z7717248318775_a2bbc1d9de5b03cd7fd5ce524390013f.jpg","94689"
"z7717248319669_139c665465bbe37a060382a36443a8b8.jpg","Sản phẩm / AGV","mũ bảo hiểm AGV màu đen nhìn phía sau","http://localhost:3000/media/wp-uploads/2026/04/z7717248319669_139c665465bbe37a060382a36443a8b8.jpg","74330"
"z7793978001978_9593b772f6d6230c0b74d376c7dd882a.jpg","Sản phẩm / KEWIG","bộ phụ kiện giá đỡ điện thoại KEWIG","http://localhost:3000/media/wp-uploads/2026/05/z7793978001978_9593b772f6d6230c0b74d376c7dd882a.jpg","36101"
"z7793978010960_8e16a210d47b2e7308b6b10621d46141.jpg","Sản phẩm / KEWIG","giá đỡ điện thoại KEWIG gắn ghi đông","http://localhost:3000/media/wp-uploads/2026/05/z7793978010960_8e16a210d47b2e7308b6b10621d46141.jpg","24223"
"z7800808372730_27864c0ccb55cf1595a5c97511f2c0e9-1.jpg","Sản phẩm / Chưa rõ hãng","ảnh thông số bộ giảm chấn sáu bóng","http://localhost:3000/media/wp-uploads/2026/05/z7800808372730_27864c0ccb55cf1595a5c97511f2c0e9-1.jpg","15917"
"z7800808372730_27864c0ccb55cf1595a5c97511f2c0e9.jpg","Sản phẩm / Chưa rõ hãng","ảnh thông số sáu bóng giảm chấn của giá đỡ","http://localhost:3000/media/wp-uploads/2026/05/z7800808372730_27864c0ccb55cf1595a5c97511f2c0e9.jpg","9342"
"z7820763023633_1e57f65ac1b3886297221612e1d430c5.jpg","Sản phẩm / Chưa rõ hãng","ốp điện thoại có vòng gắn từ tính","http://localhost:3000/media/wp-uploads/2026/05/z7820763023633_1e57f65ac1b3886297221612e1d430c5.jpg","331512"
"z7923693774591_18c1c6643841f2c4ed3ae805169ca712.jpg","Sản phẩm / LS2","người mẫu mặc áo khoác LS2 màu trắng đen","http://localhost:3000/media/wp-uploads/2026/06/z7923693774591_18c1c6643841f2c4ed3ae805169ca712.jpg","816027"
